day,bed_type,zip_code,from_facility_pfi,to_facility_pfi,patients,rank
0,icu,10030,1445,1172,0.007325951521916754,1
0,icu,10022,10139,1458,0.006063471959558958,1
0,icu,10031,1445,1464,0.013822410744809152,1
0,icu,10037,1445,1172,0.0041909470678168645,1
0,icu,10065,10139,1458,0.0055150401018646605,1
0,icu,10456,1164,1178,0.024091506058217454,1
0,icu,10459,1164,1178,0.011681985600314276,1
1,icu,10030,1445,1172,0.0076149858675147765,1
1,icu,10022,10139,1458,0.006302697082007563,1
1,icu,10031,1445,1464,0.014367753070957619,1
1,icu,10037,1445,1172,0.004356294550605758,1
1,icu,10065,10139,1458,0.005732627674212156,1
1,icu,10456,1164,1178,0.02504200002028859,1
1,icu,10459,1164,1178,0.012142880687207907,1
2,icu,10030,1445,1172,0.007915919541054911,1
2,icu,10022,10139,1458,0.006551770923915851,1
2,icu,10031,1445,1464,0.01493554673300573,1
2,icu,10037,1445,1172,0.004528449265656398,1
2,icu,10065,10139,1458,0.005959173164256711,1
2,icu,10456,1164,1178,0.02603162510824124,1
2,icu,10459,1164,1178,0.012622750480289168,1
3,icu,10030,1445,1172,0.00822853256547945,1
3,icu,10022,10139,1458,0.006810511416822522,1
3,icu,10031,1445,1464,0.015525376684083873,1
3,icu,10037,1445,1172,0.004707285370994234,1
3,icu,10065,10139,1458,0.0061945109713536705,1
3,icu,10456,1164,1178,0.027059657924083706,1
3,icu,10459,1164,1178,0.013121244203442097,1
4,icu,10030,1445,1172,0.00855294217652809,1
4,icu,10022,10139,1458,0.007079015593258866,1
4,icu,10031,1445,1464,0.01613746412147178,1
4,icu,10037,1445,1172,0.0048928699335085354,1
4,icu,10065,10139,1458,0.006438729351588796,1
4,icu,10456,1164,1178,0.028126483999377935,1
4,icu,10459,1164,1178,0.013638548801150136,1
5,icu,10030,1445,1172,0.008889394065262592,1
5,icu,10022,10139,1458,0.007357486804401764,1
5,icu,10031,1445,1464,0.016772272608538915,1
5,icu,10037,1445,1172,0.0050853435053489875,1
5,icu,10065,10139,1458,0.006692013263332921,1
5,icu,10456,1164,1178,0.029232911293019824,1
5,icu,10459,1164,1178,0.014175056053161909,1
6,icu,10030,1445,1172,0.009238212248703945,1
6,icu,10022,10139,1458,0.007646193229492544,1
6,icu,10031,1445,1464,0.01743041349199416,1
6,icu,10037,1445,1172,0.005284891446489643,1
6,icu,10065,10139,1458,0.006954606629421059,1
6,icu,10456,1164,1178,0.030380005340046097,1
6,icu,10459,1164,1178,0.014731282638049754,1
7,icu,10030,1445,1172,0.009599741226590741,1
7,icu,10022,10139,1458,0.007945420000708065,1
7,icu,10031,1445,1464,0.018112536764793928,1
7,icu,10037,1445,1172,0.005491710834424806,1
7,icu,10065,10139,1458,0.007226768792256413,1
7,icu,10456,1164,1178,0.031568899033230416,1
7,icu,10459,1164,1178,0.01530777789619267,1
8,icu,10030,1445,1172,0.009974335491197441,1
8,icu,10022,10139,1458,0.008255460520749627,1
8,icu,10031,1445,1464,0.018819311273545906,1
8,icu,10037,1445,1172,0.005706004463065105,1
8,icu,10065,10139,1458,0.007508766616710203,1
8,icu,10456,1164,1178,0.03280075812595679,1
8,icu,10459,1164,1178,0.015905107102099133,1
9,icu,10030,1445,1172,0.01036240216772273,1
9,icu,10022,10139,1458,0.008576651755022861,1
9,icu,10031,1445,1464,0.019551505171261203,1
9,icu,10037,1445,1172,0.0059280052359661495,1
9,icu,10065,10139,1458,0.007800906590177343,1
9,icu,10456,1164,1178,0.03407692145580302,1
9,icu,10459,1164,1178,0.016523919458906012,1
10,icu,10030,1445,1172,0.01076431834171938,1
10,icu,10022,10139,1458,0.008909305806012853,1
10,icu,10031,1445,1464,0.0203098299329449,1
10,icu,10037,1445,1172,0.006157928871944391,1
10,icu,10065,10139,1458,0.00810347258594571,1
10,icu,10456,1164,1178,0.03539862907450188,1
10,icu,10459,1164,1178,0.017164816268435242,1
11,icu,10030,1445,1172,0.011180448971702797,1
11,icu,10022,10139,1458,0.009253724739016915,1
11,icu,10031,1445,1464,0.02109497415263011,1
11,icu,10037,1445,1172,0.0063959841523186034,1
11,icu,10065,10139,1458,0.008416739347963853,1
11,icu,10456,1164,1178,0.03676708115383428,1
11,icu,10459,1164,1178,0.01782837949469641,1
12,icu,10030,1445,1172,0.011611231832568451,1
12,icu,10022,10139,1458,0.00961027088728218,1
12,icu,10031,1445,1464,0.02190776381236173,1
12,icu,10037,1445,1172,0.006642421514374518,1
12,icu,10065,10139,1458,0.008741036436985332,1
12,icu,10456,1164,1178,0.038183717323384825,1
12,icu,10459,1164,1178,0.018515307214930367,1
13,icu,10030,1445,1172,0.012057027739835802,1
13,icu,10022,10139,1458,0.009979242887071568,1
13,icu,10031,1445,1464,0.022748879689278145,1
13,icu,10037,1445,1172,0.00689744736935288,1
13,icu,10065,10139,1458,0.009076635478075261,1
13,icu,10456,1164,1178,0.03964972413062751,1
13,icu,10459,1164,1178,0.01922617478671218,1
14,icu,10030,1445,1172,0.012518221407848015,1
14,icu,10022,10139,1458,0.010360959154992836,1
14,icu,10031,1445,1464,0.023619047652183537,1
14,icu,10037,1445,1172,0.007161281800261833,1
14,icu,10065,10139,1458,0.009423826087541365,1
14,icu,10456,1164,1178,0.041166366714691566,1
14,icu,10459,1164,1178,0.01996159567675721,1
15,icu,10030,1445,1172,0.012995260288820377,1
15,icu,10022,10139,1458,0.010755790033922609,1
15,icu,10031,1445,1464,0.024519111942032802,1
15,icu,10037,1445,1172,0.00743418078047822,1
15,icu,10065,10139,1458,0.009782945111307836,1
15,icu,10456,1164,1178,0.04273511652917902,1
15,icu,10459,1164,1178,0.020722283393791292,1
16,icu,10030,1445,1172,0.013488485098121537,1
16,icu,10022,10139,1458,0.011164017523827419,1
16,icu,10031,1445,1464,0.025449715411533652,1
16,icu,10037,1445,1172,0.007716339222577002,1
16,icu,10065,10139,1458,0.01015424904287122,1
16,icu,10456,1164,1178,0.044357094021903826,1
16,icu,10459,1164,1178,0.021508781243625055,1
17,icu,10030,1445,1172,0.013998305234892698,1
17,icu,10022,10139,1458,0.011585980472187424,1
17,icu,10031,1445,1464,0.026411630504111556,1
17,icu,10037,1445,1172,0.008007991330964973,1
17,icu,10065,10139,1458,0.010538046081470166,1
17,icu,10456,1164,1178,0.04603364550833929,1
17,icu,10459,1164,1178,0.022321742055431342,1
18,icu,10030,1445,1172,0.014525133829151916,1
18,icu,10022,10139,1458,0.012022020814418468,1
18,icu,10031,1445,1464,0.027405636702511303,1
18,icu,10037,1445,1172,0.008309373444366545,1
18,icu,10065,10139,1458,0.010934647234979897,1
18,icu,10456,1164,1178,0.04776612957300552,1
18,icu,10459,1164,1178,0.02316182460765109,1
19,icu,10030,1445,1172,0.015069294199025975,1
19,icu,10022,10139,1458,0.012472406151307961,1
19,icu,10031,1445,1464,0.028432344034786766,1
19,icu,10037,1445,1172,0.008620670522940327,1
19,icu,10065,10139,1458,0.011344295900101794,1
19,icu,10456,1164,1178,0.049555609452614766,1
19,icu,10459,1164,1178,0.024029544464397735,1
20,icu,10030,1445,1172,0.0156312151573533,1
20,icu,10022,10139,1458,0.012937491398475253,1
20,icu,10031,1445,1464,0.029492561573611666,1
20,icu,10037,1445,1172,0.008942127877060328,1
20,icu,10065,10139,1458,0.011767314890874835,1
20,icu,10456,1164,1178,0.051403495304886984,1
20,icu,10459,1164,1178,0.02492558541198745,1
21,icu,10030,1445,1172,0.016211245280040636,1
21,icu,10022,10139,1458,0.013417565061820218,1
21,icu,10031,1445,1464,0.0305869470027482,1
21,icu,10037,1445,1172,0.009273944916068788,1
21,icu,10065,10139,1458,0.012203966618277088,1
21,icu,10456,1164,1178,0.0533109334271385,1
21,icu,10459,1164,1178,0.025850503290669936,1
22,icu,10030,1445,1172,0.016809713370679498,1
22,icu,10022,10139,1458,0.013912899282286107,1
22,icu,10031,1445,1464,0.031716120700079425,1
22,icu,10037,1445,1172,0.009616309738186621,1
22,icu,10065,10139,1458,0.012654498608515556,1
22,icu,10456,1164,1178,0.05527900509511805,1
22,icu,10459,1164,1178,0.026804822411698133,1
23,icu,10030,1445,1172,0.017427013735861207,1
23,icu,10022,10139,1458,0.014423820415698887,1
23,icu,10031,1445,1464,0.03288082663280853,1
23,icu,10037,1445,1172,0.00996944791384625,1
23,icu,10065,10139,1458,0.013119207699025904,1
23,icu,10456,1164,1178,0.05730900699221277,1
23,icu,10459,1164,1178,0.02778917153761682,1
24,icu,10030,1445,1172,0.018063419149527703,1
24,icu,10022,10139,1458,0.014950554228929023,1
24,icu,10031,1445,1464,0.034081579463563945,1
24,icu,10037,1445,1172,0.010333515488463582,1
24,icu,10065,10139,1458,0.013598299236407003,1
24,icu,10456,1164,1178,0.05940183613979323,1
24,icu,10459,1164,1178,0.028803985634621505,1
25,icu,10030,1445,1172,0.018719280339912176,1
25,icu,10022,10139,1458,0.01549339100929291,1
25,icu,10031,1445,1464,0.03531904093706026,1
25,icu,10037,1445,1172,0.010708713102659303,1
25,icu,10065,10139,1458,0.014092037251927026,1
25,icu,10456,1164,1178,0.06155864591313489,1
25,icu,10459,1164,1178,0.02984982397506848,1
26,icu,10030,1445,1172,0.01939489012806715,1
26,icu,10022,10139,1458,0.01605257311605758,1
26,icu,10031,1445,1464,0.03659376354028166,1
26,icu,10037,1445,1172,0.011095208270172456,1
26,icu,10065,10139,1458,0.014600642183824265,1
26,icu,10456,1164,1178,0.06378039925884471,1
26,icu,10459,1164,1178,0.030927153492339536,1
27,icu,10030,1445,1172,0.020090482695187508,1
27,icu,10022,10139,1458,0.016628294374025777,1
27,icu,10031,1445,1464,0.03790618912008652,1
27,icu,10037,1445,1172,0.011493134958718922,1
27,icu,10065,10139,1458,0.015124290325741545,1
27,icu,10456,1164,1178,0.0660678662854415,1
27,icu,10459,1164,1178,0.03203634761251298,1
28,icu,10030,1445,1172,0.02080636000805813,1
28,icu,10022,10139,1458,0.0172208047121149,1
28,icu,10031,1445,1464,0.039256887419383886,1
28,icu,10037,1445,1172,0.01190266591402434,1
28,icu,10065,10139,1458,0.015663209000904114,1
28,icu,10456,1164,1178,0.06842204001541599,1
28,icu,10459,1164,1178,0.033177887852784485,1
29,icu,10030,1445,1172,0.02154268885924824,1
29,icu,10022,10139,1458,0.017830242179568596,1
29,icu,10031,1445,1464,0.040646173137963176,1
29,icu,10037,1445,1172,0.012323896552885672,1
29,icu,10065,10139,1458,0.01621752377221056,1
29,icu,10456,1164,1178,0.07084346894873844,1
29,icu,10459,1164,1178,0.03435204018111552,1
30,icu,10030,1445,1172,0.022299702147991204,1
30,icu,10022,10139,1458,0.01845679954014822,1
30,icu,10031,1445,1464,0.042074485703911785,1
30,icu,10037,1445,1172,0.01275696010964883,1
30,icu,10065,10139,1458,0.0167874099682319,1
30,icu,10456,1164,1178,0.07333291897817713,1
30,icu,10459,1164,1178,0.035559175979364435,1
31,icu,10030,1445,1172,0.023077550119001623,1
31,icu,10022,10139,1458,0.01910060114693083,1
31,icu,10031,1445,1464,0.043542108594966544,1
31,icu,10037,1445,1172,0.013201942534602207,1
31,icu,10065,10139,1458,0.017372980694497654,1
31,icu,10456,1164,1178,0.07589088418582388,1
31,icu,10459,1164,1178,0.03679953482823106,1
32,icu,10030,1445,1172,0.023876333746996232,1
32,icu,10022,10139,1458,0.019761730573683148,1
32,icu,10031,1445,1464,0.045049232327540954,1
32,icu,10037,1445,1172,0.013658901592213916,1
32,icu,10065,10139,1458,0.017974311965653904,1
32,icu,10456,1164,1178,0.07851769662861248,1
32,icu,10459,1164,1178,0.0380732777423199,1
33,icu,10030,1445,1172,0.02469618068585128,1
33,icu,10022,10139,1458,0.02044029347571791,1
33,icu,10031,1445,1464,0.046596097755578055,1
33,icu,10037,1445,1172,0.014127910309262345,1
33,icu,10065,10139,1458,0.01859149988065031,1
33,icu,10456,1164,1178,0.08121377609830976,1
33,icu,10459,1164,1178,0.039380608278908075,1
34,icu,10030,1445,1172,0.025537080760870447,1
34,icu,10022,10139,1458,0.02113628143174191,1
34,icu,10031,1445,1464,0.04818268568173112,1
34,icu,10037,1445,1172,0.014608962865122897,1
34,icu,10065,10139,1458,0.01922453677988689,1
34,icu,10456,1164,1178,0.0839790891352679,1
34,icu,10459,1164,1178,0.04072151021339247,1
35,icu,10030,1445,1172,0.026399084303697477,1
35,icu,10022,10139,1458,0.021849736099758148,1
35,icu,10031,1445,1464,0.049809091070408665,1
35,icu,10037,1445,1172,0.015102088052950172,1
35,icu,10065,10139,1458,0.019873460553463354,1
35,icu,10456,1164,1178,0.08681380125588388,1
35,icu,10459,1164,1178,0.04209606380477231,1
36,icu,10030,1445,1172,0.027282101808298723,1
36,icu,10022,10139,1458,0.02258058339828744,1
36,icu,10031,1445,1464,0.05147514504400383,1
36,icu,10037,1445,1172,0.015607234669149908,1
36,icu,10065,10139,1458,0.020538203820458144,1
36,icu,10456,1164,1178,0.08971761811816734,1
36,icu,10459,1164,1178,0.04350412632644162,1
37,icu,10030,1445,1172,0.028186050470289097,1
37,icu,10022,10139,1458,0.02332875479260556,1
37,icu,10031,1445,1464,0.053180691369402164,1
37,icu,10037,1445,1172,0.016124355343930776,1
37,icu,10065,10139,1458,0.02121870424500906,1
37,icu,10456,1164,1178,0.09269026741860396,1
37,icu,10459,1164,1178,0.04494556573826453,1
38,icu,10030,1445,1172,0.029110773594558693,1
38,icu,10022,10139,1458,0.024094120590835336,1
38,icu,10031,1445,1464,0.054925434398432386,1
38,icu,10037,1445,1172,0.016653360436935563,1
38,icu,10065,10139,1458,0.021914843865672846,1
38,icu,10456,1164,1178,0.09573123386287631,1
38,icu,10459,1164,1178,0.046420132173720374,1
39,icu,10030,1445,1172,0.03005602643834928,1
39,icu,10022,10139,1458,0.024876478226682482,1
39,icu,10031,1445,1464,0.05670891235695891,1
39,icu,10037,1445,1172,0.01719410993850928,1
39,icu,10065,10139,1458,0.022626438437969815,1
39,icu,10456,1164,1178,0.09883971261059946,1
39,icu,10459,1164,1178,0.047927435365228345,1
40,icu,10030,1445,1172,0.031021563345517655,1
40,icu,10022,10139,1458,0.025675624377871176,1
40,icu,10031,1445,1464,0.05853066174749571,1
40,icu,10037,1445,1172,0.017746463316478066,1
40,icu,10065,10139,1458,0.02335330302981614,1
40,icu,10456,1164,1178,0.10201489581770774,1
40,icu,10459,1164,1178,0.04946708358872106,1
41,icu,10030,1445,1172,0.032006988710325326,1
41,icu,10022,10139,1458,0.026491231613310018,1
41,icu,10031,1445,1464,0.06038993615164319,1
41,icu,10037,1445,1172,0.018310194257208146,1
41,icu,10065,10139,1458,0.02409513982576685,1
41,icu,10456,1164,1178,0.10525548252854824,1
41,icu,10459,1164,1178,0.05103844601002955,1
41,icu,11229,1293,1324,0.011725156497705821,1
42,icu,10030,1445,1172,0.03301192801642101,1
42,icu,10022,10139,1458,0.027322989956965492,1
42,icu,10031,1445,1464,0.06228602894189737,1
42,icu,10037,1445,1172,0.018885088511642646,1
42,icu,10065,10139,1458,0.024851666886651313,1
42,icu,10456,1164,1178,0.10856024114024741,1
42,icu,10459,1164,1178,0.05264092542418871,1
42,icu,11229,1293,1324,0.04062094246391908,1
43,icu,10030,1445,1172,0.034035842656170635,1
43,icu,10022,10139,1458,0.028170453619334825,1
43,icu,10031,1445,1464,0.06421792388768041,1
43,icu,10037,1445,1172,0.019470837959248966,1
43,icu,10065,10139,1458,0.025622478743952272,1
43,icu,10456,1164,1178,0.11192740043318407,1
43,icu,10459,1164,1178,0.054273662965751986,1
43,icu,11229,1293,1324,0.04150082416952523,1
43,icu,11370,1639,1626,0.01096717551192089,1
44,icu,10030,1445,1172,0.03507819529304869,1
44,icu,10022,10139,1458,0.02903317786297394,1
44,icu,10031,1445,1464,0.06618460715670835,1
44,icu,10037,1445,1172,0.02006713520665586,1
44,icu,10065,10139,1458,0.02640717088605408,1
44,icu,10456,1164,1178,0.1153551933677975,1
44,icu,10459,1164,1178,0.055935801796186554,1
44,icu,11103,1639,1626,0.013197744664846363,1
44,icu,11229,1293,1324,0.0423667071794943,1
44,icu,11370,1639,1626,0.03309136861248694,1
45,icu,10030,1445,1172,0.03613830581145156,1
45,icu,10022,10139,1458,0.029910599776446757,1
45,icu,10031,1445,1464,0.06818479552492501,1
45,icu,10037,1445,1172,0.020673591181060106,1
45,icu,10065,10139,1458,0.027205231316007716,1
45,icu,10456,1164,1178,0.11884138337329739,1
45,icu,10459,1164,1178,0.05762625740098748,1
45,icu,11103,1639,1626,0.013124885917450264,1
45,icu,11229,1293,1324,0.04321534549510435,1
45,icu,11370,1639,1626,0.03409143454066186,1
46,icu,10030,1445,1172,0.037215447448296184,1
46,icu,10022,10139,1458,0.030802117839587306,1
46,icu,10031,1445,1464,0.07021711775504903,1
46,icu,10037,1445,1172,0.02128979012409874,1
46,icu,10065,10139,1458,0.028016112920235415,1
46,icu,10456,1164,1178,0.12238358047792836,1
46,icu,10459,1164,1178,0.059343870881430706,1
46,icu,11103,1639,1626,0.013013734681095658,1
46,icu,11229,1293,1324,0.04404364116698581,1
46,icu,11370,1639,1626,0.03510756694584709,1
47,icu,10030,1445,1172,0.03830879250606501,1
47,icu,10022,10139,1458,0.031707046991803316,1
47,icu,10031,1445,1464,0.07228001216938906,1
47,icu,10037,1445,1172,0.021915258535984916,1
47,icu,10065,10139,1458,0.028839192600838188,1
47,icu,10456,1164,1178,0.12597906278547008,1
47,icu,10459,1164,1178,0.06108732238842192,1
47,icu,11103,1639,1626,0.012861610493027462,1
47,icu,11229,1293,1324,0.0448484262144528,1
47,icu,11370,1639,1626,0.036138985011258194,1
48,icu,10030,1445,1172,0.03941741098652667,1
48,icu,10022,10139,1458,0.03262461750124744,1
48,icu,10031,1445,1464,0.07437172407198407,1
48,icu,10037,1445,1172,0.022549464393902305,1
48,icu,10065,10139,1458,0.029673770247048797,1
48,icu,10456,1164,1178,0.12962477198220607,1
48,icu,10459,1164,1178,0.06285512894382306,1
48,icu,11103,1639,1626,0.012665327412123062,1
48,icu,11229,1293,1324,0.04562598168250254,1
48,icu,11370,1639,1626,0.03718481141370262,1
49,icu,10030,1445,1172,0.04054031132950153,1
49,icu,10022,10139,1458,0.03355400868308068,1
49,icu,10031,1445,1464,0.07649038261342425,1
49,icu,10037,1445,1172,0.023191840457375046,1
49,icu,10065,10139,1458,0.030519099403729273,1
49,icu,10456,1164,1178,0.13331744730699108,1
49,icu,10459,1164,1178,0.06464570940261759,1
49,icu,11103,1639,1626,0.012422282371826215,1
49,icu,11229,1293,1324,0.058098225443324006,1
49,icu,11370,1639,1626,0.038244110754904255,1
50,icu,10030,1445,1172,0.04167636155918689,1
50,icu,10022,10139,1458,0.034494283634633374,1
50,icu,10031,1445,1464,0.07863385201183178,1
50,icu,10037,1445,1172,0.02384173915855384,1
50,icu,10065,10139,1458,0.03137432790963782,1
50,icu,10456,1164,1178,0.1370533662397092,1
50,icu,10459,1164,1178,0.06645725871258978,1
50,icu,11103,1639,1626,0.012129045836044558,1
50,icu,11229,1293,1324,0.08770651416731322,1
50,icu,11370,1639,1626,0.03931581517409564,1
51,icu,10030,1445,1172,0.04282438743584094,1
51,icu,10022,10139,1458,0.0354444704726318,1
51,icu,10031,1445,1464,0.0807999167428512,1
51,icu,10037,1445,1172,0.02449848875171554,1
51,icu,10065,10139,1458,0.03223857178687123,1
51,icu,10456,1164,1178,0.14082866727462037,1
51,icu,10459,1164,1178,0.06828790442731215,1
51,icu,11103,1639,1626,0.022750126997576572,1
51,icu,11229,1293,1324,0.08926085987747505,1
51,icu,11370,1639,1626,0.0403988169403969,1
52,icu,10030,1445,1172,0.04398305641225429,1
52,icu,10022,10139,1458,0.03640346628742463,1
52,icu,10031,1445,1464,0.08298606259180198,1
52,icu,10037,1445,1172,0.025161326928400524,1
52,icu,10065,10139,1458,0.033110827882286156,1
52,icu,10456,1164,1178,0.14463896830940356,1
52,icu,10459,1164,1178,0.07013552166276586,1
52,icu,11102,1639,1454,0.009319777472454077,1
52,icu,11103,1639,1626,0.048349870653487406,1
52,icu,11229,1293,1324,0.09075884668493217,1
52,icu,11370,1639,1626,0.04149185898198521,1
53,icu,10030,1445,1172,0.045150998934176914,1
53,icu,10022,10139,1458,0.037370137539734734,1
53,icu,10031,1445,1464,0.08518970552010229,1
53,icu,10037,1445,1172,0.025829470209582057,1
53,icu,10065,10139,1458,0.03399006518351675,1
53,icu,10456,1164,1178,0.14847976554350634,1
53,icu,10459,1164,1178,0.0719979265233873,1
53,icu,11102,1639,1454,0.008501543647608231,1
53,icu,11103,1639,1626,0.04963377119319464,1
53,icu,11229,1293,1324,0.09219348193947485,1
53,icu,11370,1639,1626,0.04259364931607341,1
54,icu,10030,1445,1172,0.04632668379952862,1
54,icu,10022,10139,1458,0.03834321689918875,1
54,icu,10031,1445,1464,0.08740795649633794,1
54,icu,10037,1445,1172,0.02650204264258025,1
54,icu,10065,10139,1458,0.03487513098830296,1
54,icu,10456,1164,1178,0.15234602359496072,1
54,icu,10459,1164,1178,0.07387267734946876,1
54,icu,11102,1639,1454,0.007590117085741352,1
54,icu,11103,1639,1626,0.05092618276723841,1
54,icu,11229,1293,1324,0.09355729608799444,1
54,icu,11370,1639,1626,0.043702743467766696,1
55,icu,10030,1445,1172,0.04750854023459257,1
55,icu,10022,10139,1458,0.039321404283147794,1
55,icu,10031,1445,1464,0.0896378518263818,1
55,icu,10037,1445,1172,0.0271781456370232,1
55,icu,10065,10139,1458,0.03576484280451208,1
55,icu,10456,1164,1178,0.15623257694985337,1
55,icu,10459,1164,1178,0.0757572693802448,1
55,icu,11102,1639,1454,0.00658083304229385,1
55,icu,11103,1639,1626,0.05222537864918747,1
55,icu,11229,1293,1324,0.09484308301303701,1
55,icu,11370,1639,1626,0.04481765963186854,1
56,icu,10030,1445,1172,0.0486948423179151,1
56,icu,10022,10139,1458,0.04030327119781045,1
56,icu,10031,1445,1464,0.09187613508747776,1
56,icu,10037,1445,1172,0.027856791847385345,1
56,icu,10065,10139,1458,0.036657901343444044,1
56,icu,10456,1164,1178,0.16013374988851392,1
56,icu,10459,1164,1178,0.07764895045587532,1
56,icu,10468,3975,1176,0.00658760833127825,1
56,icu,11102,1639,1454,0.00546842792162737,1
56,icu,11103,1639,1626,0.05352946156118416,1
56,icu,11229,1293,1324,0.09604279843356717,1
56,icu,11370,1639,1626,0.045936769643003195,1
57,icu,10030,1445,1172,0.04988381888366297,1
57,icu,10022,10139,1458,0.041287351701949346,1
57,icu,10031,1445,1464,0.09411946449097616,1
57,icu,10037,1445,1172,0.028536968045250796,1
57,icu,10065,10139,1458,0.03755297325603585,1
57,icu,10456,1164,1178,0.1640437179044228,1
57,icu,10459,1164,1178,0.07954489626968869,1
57,icu,10468,3975,1176,0.054132033687514264,1
57,icu,11102,1639,1454,0.004248352230919475,1
57,icu,11103,1639,1626,0.05483648448894779,1
57,icu,11229,1293,1324,0.10887412357113503,1
57,icu,11370,1639,1626,0.047058402654054025,1
58,icu,10030,1445,1172,0.051073556647602145,1
58,icu,10022,10139,1458,0.042272062227168075,1
58,icu,10031,1445,1464,0.09636423010300349,1
58,icu,10037,1445,1172,0.029217579700724503,1
58,icu,10065,10139,1458,0.038448618205254755,1
58,icu,10456,1164,1178,0.1679561891324786,1
58,icu,10459,1164,1178,0.08144205589255925,1
58,icu,10468,3975,1176,0.054443074845878126,1
58,icu,11102,1639,1454,0.0029153777324263733,1
58,icu,11103,1639,1626,0.05614434418971204,1
58,icu,11230,1293,1324,0.015026160374049913,1
58,icu,11229,1293,1324,0.12374800881795738,1
58,icu,11370,1639,1626,0.04818075374908054,1
59,icu,10030,1445,1172,0.05226209164358112,1
59,icu,10022,10139,1458,0.04325577725715606,1
59,icu,10031,1445,1464,0.09860672636439058,1
59,icu,10037,1445,1172,0.02989750329037618,1
59,icu,10065,10139,1458,0.03934335770027922,1
59,icu,10456,1164,1178,0.17186470503930223,1
59,icu,10459,1164,1178,0.0833372975778145,1
59,icu,10468,3975,1176,0.05467776626119962,1
59,icu,11102,1639,1454,0.012432228590762893,1
59,icu,11103,1639,1626,0.05745088170688912,1
59,icu,11230,1293,1324,0.013920901463671836,1
59,icu,11229,1293,1324,0.12662775420513833,1
59,icu,11365,1628,1633,0.011325818926258176,1
59,icu,11370,1639,1626,0.04930197020084522,1
59,icu,11433,1633,1629,0.0389368215828204,1
60,icu,10030,1445,1172,0.05344733522966985,1
60,icu,10022,10139,1458,0.04423676808517288,1
60,icu,10031,1445,1464,0.10084301248102089,1
60,icu,10037,1445,1172,0.030575543967673438,1
60,icu,10065,10139,1458,0.040235619393275926,1
60,icu,10456,1164,1178,0.1757623970932689,1
60,icu,10459,1164,1178,0.08522729077038901,1
60,icu,10468,3975,1176,0.05483172746450904,1
60,icu,11102,1639,1454,0.04618154706188519,1
60,icu,11103,1639,1626,0.05875380102980137,1
60,icu,11230,1293,1324,0.012691533515087755,1
60,icu,11229,1293,1324,0.12949952471359813,1
60,icu,11361,1628,1637,0.0159216577424099,1
60,icu,11362,1628,1633,0.015002870612991347,1
60,icu,11363,1628,1637,0.006774433198324012,1
60,icu,11365,1628,1633,0.06389024766760029,1
60,icu,11370,1639,1626,0.05042008166795997,1
60,icu,11432,1633,1629,0.10361365449620215,1
60,icu,11433,1633,1629,0.05700698379077214,1
61,icu,10030,1445,1172,0.05462714502246249,1
61,icu,10022,10139,1458,0.04521326152425852,1
61,icu,10031,1445,1464,0.1030690462607887,1
61,icu,10037,1445,1172,0.03125047614227132,1
61,icu,10065,10139,1458,0.041123790479360545,1
61,icu,10456,1164,1178,0.1796422200330707,1
61,icu,10459,1164,1178,0.08710861921888895,1
61,icu,10468,3975,1176,0.025640053124935447,1
61,icu,10468,3975,1186,0.029260427910198283,2
61,icu,11102,1639,1454,0.04540953425534549,1
61,icu,11103,1639,1626,0.06005074707062606,1
61,icu,11230,1293,1324,0.01133205491328318,1
61,icu,11229,1293,1324,0.13235812948336936,1
61,icu,11361,1628,1637,0.014157993703959253,1
61,icu,11362,1628,1633,0.015334047716454911,1
61,icu,11363,1628,1637,0.006923973724407442,1
61,icu,11365,1628,1633,0.06530057691111212,1
61,icu,11370,1639,1626,0.0515330671114745,1
61,icu,11432,1633,1629,0.10419925271928965,1
61,icu,11433,1633,1629,0.05826537015269105,1
61,icu,11434,1629,1635,0.030057342464654677,2
61,icu,11435,1629,1638,0.09580961694719435,2
62,icu,10030,1445,1172,0.05579927472510098,1
62,icu,10022,10139,1458,0.04618339838138247,1
62,icu,10031,1445,1464,0.10528058945044676,1
62,icu,10037,1445,1172,0.031921014778198385,1
62,icu,10065,10139,1458,0.04200617992669703,1
62,icu,10456,1164,1178,0.1834967868763882,1
62,icu,10459,1164,1178,0.0889777009711991,1
62,icu,10460,1176,1178,0.07144338382175873,2
62,icu,10468,3975,1186,0.05487988403913127,2
62,icu,11102,1639,1454,0.044484260934383284,1
62,icu,11103,1639,1626,0.06133925051114394,1
62,icu,11230,1293,1324,0.00983655266495534,1
62,icu,11229,1293,1324,0.135198125878739,1
62,icu,11361,1628,1637,0.012241095808669115,1
62,icu,11362,1628,1633,0.015663068989353983,1
62,icu,11363,1628,1637,0.0070725408014408325,1
62,icu,11365,1628,1633,0.06670172547498947,1
62,icu,11370,1639,1626,0.052638807464637456,1
62,icu,11432,1633,1629,0.08404427048019388,1
62,icu,11432,1633,1637,0.020604257171754917,2
62,icu,11433,1633,1637,0.059515564922399636,2
62,icu,11434,1629,1635,0.10627623070318659,2
62,icu,11435,1629,1638,0.09786539521962731,2
63,icu,10030,1445,1172,0.056961424565235404,1
63,icu,10022,10139,1458,0.04714527520344166,1
63,icu,10031,1445,1464,0.1074733029006102,1
63,icu,10037,1445,1172,0.03258584424783168,1
63,icu,10065,10139,1458,0.04288105644663337,1
63,icu,10456,1164,1178,0.18731853478591154,1
63,icu,10459,1164,1178,0.09083086880301487,1
63,icu,10460,1176,1178,0.07129475438801378,2
63,icu,10468,3975,1186,0.05476571298993896,2
63,icu,11102,1639,1454,0.04339822302773092,1
63,icu,11103,1639,1626,0.06261678324838262,1
63,icu,11230,1293,1324,0.00819943122177555,1
63,icu,11229,1293,1324,0.13801394169624764,1
63,icu,11361,1628,1637,0.010166825181083118,1
63,icu,11362,1628,1633,0.015989288876828676,1
63,icu,11363,1628,1637,0.0072198429339906155,1
63,icu,11365,1628,1633,0.06809094424135057,1
63,icu,11370,1639,1626,0.05373513321405398,1
63,icu,11432,1633,1629,0.08854584345523106,1
63,icu,11432,1633,1637,0.016408398935143745,2
63,icu,11433,1633,1637,0.060755115160298384,2
63,icu,11434,1629,1635,0.1084896807010633,2
63,icu,11435,1629,1638,0.09990366998161126,2
64,icu,10030,1445,1172,0.058111214803549666,1
64,icu,10022,10139,1458,0.048096922351056025,1
64,icu,10031,1445,1464,0.1096426965823464,1
64,icu,10037,1445,1172,0.033243603176955315,1
64,icu,10065,10139,1458,0.043746628550689094,1
64,icu,10456,1164,1178,0.19109963795171303,1
64,icu,10459,1164,1178,0.09266432797445297,1
64,icu,10460,1176,1178,0.0644317694699642,2
64,icu,10468,3975,1186,0.06114178829547365,2
64,icu,11102,1639,1454,0.04214361042945803,1
64,icu,11103,1639,1626,0.0638807292729624,1
64,icu,11230,1293,1324,0.006414859185436855,1
64,icu,11229,1293,1324,0.14079981097751681,1
64,icu,11361,1628,1637,0.007931978107572159,1
64,icu,11362,1628,1633,0.016312039376987074,1
64,icu,11363,1628,1637,0.007365578490835013,1
64,icu,11365,1628,1633,0.06946538850084488,1
64,icu,11370,1639,1626,0.05481979940868677,1
64,icu,11432,1633,1629,0.0932152626182308,1
64,icu,11432,1633,1637,0.011894513880414723,2
64,icu,11433,1633,1637,0.0619814826339378,2
64,icu,11434,1629,1635,0.11067959039486062,2
64,icu,11435,1629,1638,0.10192026744899155,2
65,icu,10030,1445,1172,0.059246215697817094,1
65,icu,10022,10139,1458,0.04903632879892509,1
65,icu,10031,1445,1464,0.1117841861225591,1
65,icu,10037,1445,1172,0.0338929015862567,1
65,icu,10065,10139,1458,0.04460106710775716,1
65,icu,10456,1164,1178,0.19483210612851193,1
65,icu,10459,1164,1178,0.09447420401082984,1
65,icu,10460,1176,1178,0.016480253314080623,2
65,icu,10468,3975,1186,0.10837350315728989,2
65,icu,11102,1639,1454,0.04071330860277904,1
65,icu,11103,1639,1626,0.0651284176081035,1
65,icu,11230,1293,1324,0.016202825954591826,1
65,icu,11229,1293,1324,0.1435498466102671,1
65,icu,11361,1628,1637,0.005533379943304509,1
65,icu,11362,1628,1633,0.016630638451929743,1
65,icu,11363,1628,1637,0.007509439502898798,1
65,icu,11365,1628,1633,0.07082215377129447,1
65,icu,11370,1639,1626,0.05589051392674946,1
65,icu,11432,1633,1629,0.09805198845718982,1
65,icu,11432,1633,1637,0.007056459516314506,2
65,icu,11433,1633,1637,0.06319207577771155,2
65,icu,11434,1629,1635,0.11284133205694762,2
65,icu,11435,1629,1638,0.10391092613836236,2
66,icu,10030,1445,1172,0.06036394446949107,1
66,icu,10022,10139,1458,0.049961439625165485,1
66,icu,10031,1445,1464,0.11389308708063238,1
66,icu,10037,1445,1172,0.03453231915600823,1
66,icu,10065,10139,1458,0.04544250306052702,1
66,icu,10456,1164,1178,0.19850777466026084,1
66,icu,10459,1164,1178,0.09625653786557749,1
66,icu,10460,1176,1178,0.015626111950773694,2
66,icu,10468,3975,1186,0.10826735696149181,2
66,icu,11102,1639,1454,0.039099871225660374,1
66,icu,11103,1639,1626,0.06635711897504763,1
66,icu,11230,1293,1324,0.04300336307955094,1
66,icu,11229,1293,1324,0.1462580329785585,1
66,icu,11361,1628,1637,0.0029688972558795795,1
66,icu,11362,1628,1633,0.016944389176260212,1
66,icu,11363,1628,1637,0.007651111278769611,1
66,icu,11365,1628,1633,0.07215827217159614,1
66,icu,11370,1639,1626,0.05694493461410948,1
66,icu,11432,1633,1629,0.10305415800793126,1
66,icu,11432,1633,1637,0.0018901643423858139,2
66,icu,11433,1633,1637,0.06438424645741882,2
66,icu,11434,1629,1635,0.11497017694583245,2
66,icu,11435,1629,1638,0.10587129154682197,2
67,icu,10030,1445,1172,0.06146187636024006,1
67,icu,10022,10139,1458,0.05087016516247564,1
67,icu,10031,1445,1464,0.11596463580960716,1
67,icu,10037,1445,1172,0.035160411551164186,1
67,icu,10065,10139,1458,0.04626903574894051,1
67,icu,10456,1164,1178,0.20211834083973357,1
67,icu,10459,1164,1178,0.09800730355102932,1
67,icu,10460,1176,1178,0.014708081365288145,2
67,icu,10468,3975,1186,0.10797713518804855,2
67,icu,11102,1639,1454,0.04826383827176932,1
67,icu,11103,1639,1626,0.0675640579473302,1
67,icu,11230,1293,1324,0.04162526072179873,1
67,icu,11229,1293,1324,0.14891825275207804,1
67,icu,11361,1628,1637,0.011562376234414595,1
67,icu,11362,1628,1633,0.017252582840696452,1
67,icu,11363,1628,1637,0.007790273806110351,1
67,icu,11365,1628,1633,0.07347072563855905,1
67,icu,11370,1639,1626,0.0579806797145816,1
67,icu,11429,1633,1629,0.0047404308224512914,1
67,icu,11432,1633,1629,0.12748209495437685,1
67,icu,11433,1633,1629,0.014933940200073742,1
67,icu,11433,1633,1637,0.05062136156310247,2
67,icu,11434,1629,1635,0.11706131636462377,2
67,icu,11435,1629,1638,0.10779693554384058,2
68,icu,10030,1445,1172,0.06253746205708856,1
68,icu,10022,10139,1458,0.05176039542040633,1
68,icu,10031,1445,1464,0.11799402233347428,1
68,icu,10037,1445,1172,0.03577572038973723,1
68,icu,10065,10139,1458,0.04707874602798964,1
68,icu,11106,1639,1458,0.020618175525327645,1
68,icu,10456,1164,1178,0.20565542121137356,1
68,icu,10459,1164,1178,0.0997224359246054,1
68,icu,10460,1176,1178,0.013727067591923284,2
68,icu,10468,3975,1186,0.10749578844944904,2
68,icu,11102,1639,1454,0.060967882235716725,1
68,icu,11103,1639,1626,0.0687464321059591,1
68,icu,11230,1293,1324,0.04006566748506224,1
68,icu,11229,1293,1324,0.151524329106158,1
68,icu,11357,1628,1637,0.031094418992211985,1
68,icu,11360,1628,1637,0.02443175475275615,1
68,icu,11361,1628,1637,0.04339853689298658,1
68,icu,11362,1628,1633,0.017554503843374324,1
68,icu,11363,1628,1637,0.007926603960290388,1
68,icu,11365,1628,1633,0.0747564667566912,1
68,icu,11370,1639,1626,0.05899534430811005,1
68,icu,11428,1633,1629,0.017086144926849237,1
68,icu,11429,1633,1629,0.03903336583260338,1
68,icu,11432,1633,1629,0.12971303754932037,1
68,icu,11433,1633,1629,0.06670252259509135,1
68,icu,11434,1629,1635,0.09747936593643924,2
68,icu,11435,1629,1638,0.10968338693291758,2
69,icu,10030,1445,1172,0.06358812239664478,1
69,icu,10022,10139,1458,0.05262999570220741,1
69,icu,10031,1445,1464,0.11997638035525206,1
69,icu,10037,1445,1172,0.036376770213253196,1
69,icu,10065,10139,1458,0.04786969228101305,1
69,icu,11106,1639,1458,0.018318856761861187,1
69,icu,10456,1164,1178,0.20911053415606376,1
69,icu,10459,1164,1178,0.10139782224415694,1
69,icu,10460,1176,1178,0.04194468171603609,2
69,icu,10468,3975,1186,0.10681630882041057,2
69,icu,11102,1639,1454,0.061992172856806,1
69,icu,11103,1639,1626,0.06990140621785687,1
69,icu,11230,1293,1324,0.03831726642902178,1
69,icu,11229,1293,1324,0.15407001289045313,1
69,icu,11357,1628,1637,0.027011893100770665,1
69,icu,11360,1628,1637,0.02484222033450701,1
69,icu,11361,1628,1637,0.044127653809605365,1
69,icu,11362,1628,1633,0.01784942820330412,1
69,icu,11363,1628,1637,0.008059774833148065,1
69,icu,11365,1628,1633,0.0760124124277021,1
69,icu,11370,1639,1626,0.05998649531494835,1
69,icu,11428,1633,1629,0.013668581700023105,1
69,icu,11429,1633,1629,0.03968914571318549,1
69,icu,11432,1633,1629,0.10226614726746552,1
69,icu,11432,1633,1637,0.02962613356409785,2
69,icu,11433,1633,1637,0.0678231580147865,2
69,icu,11434,1629,1635,0.12111100008201867,2
69,icu,11435,1629,1638,0.11152612216341697,2
70,icu,10030,1445,1172,0.06461128439376758,1
70,icu,10022,10139,1458,0.05347683642468289,1
70,icu,10031,1445,1464,0.12190685523491798,1
70,icu,10037,1445,1172,0.036962089097621345,1
70,icu,10065,10139,1458,0.04863993754239035,1
70,icu,11106,1639,1458,0.01581589691683999,1
70,icu,10456,1164,1178,0.21247521837196104,1
70,icu,10458,1176,1186,0.016370247311201597,1
70,icu,10459,1164,1178,0.10302935961939336,1
70,icu,10460,1176,1178,0.1215343395695879,2
70,icu,10468,3975,1186,0.10593266068364729,2
70,icu,11102,1639,1454,0.06298965529527942,1
70,icu,11103,1639,1626,0.0710261518415982,1
70,icu,11230,1293,1324,0.036373160766746626,1
70,icu,11229,1293,1324,0.15654906992413037,1
70,icu,11357,1628,1637,0.02262499613428646,1
70,icu,11360,1628,1637,0.025241943031331912,1
70,icu,11361,1628,1637,0.04483768795904207,1
70,icu,11362,1628,1633,0.018136633673754624,1
70,icu,11363,1628,1637,0.008189460299613089,1
70,icu,11365,1628,1633,0.07723548693870154,1
70,icu,11370,1639,1626,0.060951705483664985,1
70,icu,11428,1633,1629,0.01000964139996207,1
70,icu,11436,1629,1638,0.005448874754400684,2
70,icu,11429,1633,1637,0.04032776223560294,3
70,icu,11432,1633,1637,0.1340144880044524,2
70,icu,11433,1633,1637,0.06891446367361259,2
70,icu,11434,1629,1635,0.12305973151246574,2
70,icu,11435,1629,1638,0.11332062852063099,2
71,icu,10030,1445,1172,0.0656043598946236,1
71,icu,10022,10139,1458,0.054298775449961895,1
71,icu,10031,1445,1464,0.12378056371256398,1
71,icu,10037,1445,1172,0.03753019644121791,1
71,icu,10065,10139,1458,0.049387533427377506,1
71,icu,11106,1639,1458,0.01310319191750682,1
71,icu,10456,1164,1178,0.21574096267474077,1
71,icu,10458,1176,1186,0.013078456610781414,1
71,icu,10459,1164,1178,0.10461292097197923,1
71,icu,10460,1176,1178,0.12340232248111344,2
71,icu,10468,3975,1186,0.10483894980142824,2
71,icu,11102,1639,1454,0.06395780635539271,1
71,icu,11103,1639,1626,0.07211782386105699,1
71,icu,11230,1293,1324,0.03422688651391281,1
71,icu,11229,1293,1324,0.1589552292735713,1
71,icu,11357,1628,1637,0.01792976317197307,1
71,icu,11360,1628,1637,0.025629911719056018,1
71,icu,11361,1628,1637,0.045526843264418526,1
71,icu,11362,1628,1633,0.018415393750084934,1
71,icu,11363,1628,1637,0.008315332311988118,1
71,icu,11365,1628,1633,0.07842259644434248,1
71,icu,11370,1639,1626,0.06188853325328998,1
71,icu,11428,1633,1629,0.006106462434132143,1
71,icu,11429,1633,1629,0.0044809119287860695,1
71,icu,11429,1633,1637,0.03646668804965529,3
71,icu,11432,1633,1637,0.13607429080895792,2
71,icu,11433,1633,1637,0.06997367904397751,2
71,icu,11434,1629,1635,0.12495115969956332,2
71,icu,11435,1629,1638,0.11506236668574167,2
72,icu,10030,1445,1172,0.06656480056644812,1
72,icu,10022,10139,1458,0.05509370359888639,1
72,icu,10031,1445,1464,0.12559269766161657,1
72,icu,10037,1445,1172,0.03807963442280338,1
72,icu,10065,10139,1458,0.0501105615288777,1
72,icu,11106,1639,1458,0.010174759388998103,1
72,icu,10456,1164,1178,0.2188993868322848,1
72,icu,10458,1176,1186,0.00298077867426505,1
72,icu,10459,1164,1178,0.10614444272238176,1
72,icu,10460,1176,1178,0.12520891901980138,2
72,icu,10468,3975,1186,0.11011801982789088,2
72,icu,11102,1639,1454,0.06489414166303176,1
72,icu,11103,1639,1626,0.07317362093477117,1
72,icu,11230,1293,1324,0.0318721045675644,1
72,icu,11229,1293,1324,0.16128231648909702,1
72,icu,11357,1628,1637,0.01292421506268223,1
72,icu,11360,1628,1637,0.026005130830557024,1
72,icu,11361,1628,1637,0.04619335128311059,1
72,icu,11362,1628,1633,0.01868499310557981,1
72,icu,11363,1628,1637,0.008437067869883932,1
72,icu,11365,1628,1633,0.07957069470086395,1
72,icu,11370,1639,1626,0.06279457462845923,1
72,icu,11428,1633,1629,0.0019577756932975462,1
72,icu,11429,1633,1629,0.015006933229909394,1
72,icu,11429,1633,1637,0.02654013514508465,3
72,icu,11432,1633,1637,0.13806640358153155,2
72,icu,11433,1633,1637,0.07099808607148267,2
72,icu,11434,1629,1635,0.1267804310461607,2
72,icu,11435,1629,1638,0.11674686718142334,2
73,icu,10030,1445,1172,0.06749005852678339,1
73,icu,10022,10139,1458,0.05585951206500409,1
73,icu,10031,1445,1464,0.12733844980512957,1
73,icu,10037,1445,1172,0.03860894547874479,1
73,icu,10065,10139,1458,0.05080710377878922,1
73,icu,11106,1639,1458,0.007025508593367577,1
73,icu,10456,1164,1178,0.22194211209331677,1
73,icu,10459,1164,1178,0.10761986200912922,1
73,icu,10460,1176,1178,0.0786562759063883,2
73,icu,10468,3975,1186,0.15613457951382495,2
73,icu,11102,1639,1454,0.06579617728308754,1
73,icu,11103,1639,1626,0.07419074221629393,1
73,icu,11230,1293,1324,0.04102844855722243,1
73,icu,11229,1293,1324,0.16352415821209423,1
73,icu,11357,1628,1637,0.007606861930099899,1
73,icu,11360,1628,1637,0.026366604974635836,1
73,icu,11361,1628,1637,0.04683544388498952,1
73,icu,11362,1628,1633,0.01894471653992691,1
73,icu,11363,1628,1637,0.008554344029987596,1
73,icu,11365,1628,1633,0.08067673600279633,1
73,icu,11370,1639,1626,0.06366742603861032,1
73,icu,11429,1633,1629,0.02369329642826942,1
73,icu,11429,1633,1637,0.01599398633927804,3
73,icu,11432,1633,1637,0.1399855415926363,2
73,icu,11433,1633,1637,0.07198496718202745,2
73,icu,11434,1629,1635,0.12854269281276964,2
73,icu,11435,1629,1638,0.11836966132013614,2
74,icu,10030,1445,1172,0.06837766249336188,1
74,icu,10022,10139,1458,0.05659415544155947,1
74,icu,10031,1445,1464,0.129013157393361,1
74,icu,10037,1445,1172,0.03911671586597518,1
74,icu,10065,10139,1458,0.05147529977430049,1
74,icu,11106,1639,1458,0.0036504472420968853,1
74,icu,10456,1164,1178,0.22486101160748234,1
74,icu,10459,1164,1178,0.10903523811765672,1
74,icu,10460,1176,1178,0.07606650646555674,2
74,icu,10468,3975,1186,0.15469519484954566,2
74,icu,11102,1639,1454,0.022202729734874832,1
74,icu,11102,1639,1458,0.04445877422323691,2
74,icu,11103,1639,1626,0.07516647106454276,1
74,icu,11230,1293,1324,0.06713598465325143,1
74,icu,11229,1293,1324,0.1656747666813825,1
74,icu,11357,1628,1637,0.001978355753858546,1
74,icu,11360,1628,1637,0.026713368685789045,1
74,icu,11361,1628,1637,0.047451406097443125,1
74,icu,11362,1628,1633,0.019193870354779076,1
74,icu,11363,1628,1637,0.008666847558036555,1
74,icu,11365,1628,1633,0.08173776621153839,1
74,icu,11370,1639,1626,0.06450475617474119,1
74,icu,11429,1633,1629,0.030771170218565732,1
74,icu,11429,1633,1637,0.004829503657420051,3
74,icu,11432,1633,1637,0.14182657899419596,2
74,icu,11433,1633,1637,0.07293168650335435,2
74,icu,11434,1629,1635,0.13023323815390334,2
74,icu,11435,1629,1638,0.1199264147621058,2
75,icu,10030,1445,1172,0.06922515673475543,1
75,icu,10022,10139,1458,0.05729560119276382,1
75,icu,10031,1445,1464,0.13061218701747968,1
75,icu,10037,1445,1172,0.03960154073757503,1
75,icu,10065,10139,1458,0.05211330081940731,1
75,icu,11106,1639,1458,0.011012778253906189,1
75,icu,10456,1164,1178,0.22764800966360585,1
75,icu,10459,1164,1178,0.11038665513081741,1
75,icu,10460,1176,1178,0.07325964596575305,2
75,icu,10468,3975,1186,0.1529540512255076,2
75,icu,11102,1639,1454,0.02425429817521202,1
75,icu,11102,1639,1458,0.04323342941598482,2
75,icu,11103,1639,1626,0.07609810793322425,1
75,icu,11230,1293,1324,0.06500371088571175,1
75,icu,11229,1293,1324,0.16772819181448537,1
75,icu,11357,1628,1637,0.007365836587254572,1
75,icu,11360,1628,1637,0.027044462573820486,1
75,icu,11361,1628,1637,0.04803953373952966,1
75,icu,11362,1628,1633,0.019431765216969033,1
75,icu,11363,1628,1637,0.00877426719083235,1
75,icu,11365,1628,1633,0.0827508497777597,1
75,icu,11370,1639,1626,0.06530424839789076,1
75,icu,11428,1633,1629,0.015648305893116277,1
75,icu,11429,1633,1629,0.0432075555797317,1
75,icu,11432,1633,1629,0.018276540911476173,1
75,icu,11432,1633,1637,0.12530788128167086,2
75,icu,11433,1633,1637,0.07383562474974752,2
75,icu,11434,1629,1635,0.13184738984246364,2
75,icu,11435,1629,1638,0.12141282044190987,2
76,icu,10030,1445,1172,0.07003020167742241,1
76,icu,10022,10139,1458,0.057961912923252694,1
76,icu,10031,1445,1464,0.1321311244322693,1
76,icu,10037,1445,1172,0.04006208169690808,1
76,icu,10065,10139,1458,0.05271934566277396,1
76,icu,11106,1639,1458,0.042496447402829526,1
76,icu,10456,1164,1178,0.23029541253753646,1
76,icu,10459,1164,1178,0.11167038235719973,1
76,icu,10460,1176,1178,0.07023818232051221,2
76,icu,10468,3975,1186,0.15090531438909865,2
76,icu,11102,1639,1454,0.03779504502401168,1
76,icu,11102,1639,1458,0.030477522303952453,2
76,icu,11103,1639,1626,0.07698308096655233,1
76,icu,11230,1293,1324,0.06262940747056803,1
76,icu,11229,1293,1324,0.16967876497216422,1
76,icu,11356,1628,1637,0.023542545069676436,1
76,icu,11357,1628,1637,0.06784210585821344,1
76,icu,11360,1628,1637,0.02735897262838956,1
76,icu,11361,1628,1637,0.048598203239308066,1
76,icu,11362,1628,1633,0.019657744399290755,1
76,icu,11363,1628,1637,0.008876306388152679,1
76,icu,11365,1628,1633,0.08371319000575277,1
76,icu,11370,1639,1626,0.0660636956478093,1
76,icu,11427,1633,1629,0.031899047726395055,2
76,icu,11428,1633,1629,0.03274000539405318,1
76,icu,11429,1633,1629,0.04371003221893592,1
76,icu,11432,1633,1629,0.0982327032086334,1
76,icu,11432,1633,1637,0.047021515318457066,2
76,icu,11433,1633,1637,0.07469428652961457,2
76,icu,11434,1629,1635,0.13338069188760335,2
76,icu,11435,1629,1638,0.12282477502145973,2
77,icu,10030,1445,1172,0.07079048689667886,1
77,icu,10022,10139,1458,0.05859117836330333,1
77,icu,10031,1445,1464,0.13356561038980408,1
77,icu,10037,1445,1172,0.04049701702248524,1
77,icu,10065,10139,1458,0.053291694996578626,1
77,icu,11106,1639,1458,0.03934925374309149,1
77,icu,10456,1164,1178,0.23279562236159737,1
77,icu,10459,1164,1178,0.1128827355862533,1
77,icu,10460,1176,1178,0.09626575347381941,2
77,icu,10468,3975,1186,0.14854353336489717,2
77,icu,11102,1639,1454,0.039717380383606865,1
77,icu,11102,1639,1458,0.029296390347700846,2
77,icu,11103,1639,1626,0.07781885035161411,1
77,icu,11221,1692,1318,0.022897648593175862,1
77,icu,11230,1293,1324,0.0600065667509751,1
77,icu,11229,1293,1324,0.17152088814102578,1
77,icu,11356,1628,1637,0.016386989464101928,1
77,icu,11357,1628,1637,0.06857863594225946,1
77,icu,11360,1628,1637,0.02765599622685383,1
77,icu,11361,1628,1637,0.0491258112529971,1
77,icu,11362,1628,1633,0.019871159356733618,1
77,icu,11363,1628,1637,0.008972672304383932,1
77,icu,11365,1628,1633,0.08462202504397458,1
77,icu,11370,1639,1626,0.06678091836211543,1
77,icu,11427,1633,1629,0.026283166685024884,2
77,icu,11428,1633,1629,0.03309544835413679,1
77,icu,11429,1633,1629,0.03128060482588672,1
77,icu,11429,1633,1637,0.012903966815088236,3
77,icu,11432,1633,1637,0.14683117579317811,2
77,icu,11433,1633,1637,0.07550520754156535,2
77,icu,11434,1629,1635,0.13482874381587645,2
77,icu,11435,1629,1638,0.12415822628635052,2
78,icu,10030,1445,1172,0.07150385911511041,1
78,icu,10022,10139,1458,0.059181615309309286,1
78,icu,10031,1445,1464,0.13491158214345236,1
78,icu,10037,1445,1172,0.04090511489184098,1
78,icu,10065,10139,1458,0.05382872781483249,1
78,icu,11106,1639,1458,0.035941729566929634,1
78,icu,10456,1164,1178,0.2351415580493633,1
78,icu,10458,1176,1186,0.05538986064069673,1
78,icu,10459,1164,1178,0.11402028119496369,1
78,icu,10460,1176,1178,0.13449932741269047,2
78,icu,10468,3975,1186,0.1458651041313165,2
78,icu,11102,1639,1454,0.0416729513818348,1
78,icu,11102,1639,1458,0.02803628718543759,2
78,icu,11103,1639,1626,0.07860304902497751,1
78,icu,11221,1692,1318,0.055233891254878736,1
78,icu,11230,1293,1324,0.057129555853664055,1
78,icu,11229,1293,1324,0.17324934406560646,1
78,icu,11356,1628,1637,0.008816290189832897,1
78,icu,11357,1628,1637,0.06926971882364354,1
78,icu,11360,1628,1637,0.027934692139908936,1
78,icu,11361,1628,1637,0.049620863490834506,1
78,icu,11362,1628,1633,0.02007140565612424,1
78,icu,11363,1628,1637,0.009063092012280276,1
78,icu,11365,1628,1633,0.0854747808926792,1
78,icu,11370,1639,1626,0.06745388522488628,1
78,icu,11385,1318,1638,0.025160033539740473,2
78,icu,11419,1629,1633,0.02527124112923239,1
78,icu,11426,1633,1637,0.004054060365038529,2
78,icu,11427,1633,1637,0.04154180601461463,3
78,icu,11428,1633,1637,0.033428958892732695,3
78,icu,11436,1629,1638,0.03233837218318023,2
78,icu,11429,1633,1637,0.04462982985678543,3
78,icu,11432,1633,1637,0.14831082773798493,2
78,icu,11433,1633,1637,0.07626609109765216,2
78,icu,11434,1629,1635,0.1361874444591515,2
78,icu,11435,1629,1638,0.12540939764009035,2
79,icu,10030,1445,1172,0.07216820646536481,1
79,icu,10022,10139,1458,0.05973147583153954,1
79,icu,10031,1445,1464,0.13616505507798785,1
79,icu,10037,1445,1172,0.04128516717190741,1
79,icu,10065,10139,1458,0.05432885428540213,1
79,icu,11106,1639,1458,0.032269161524560344,1
79,icu,10456,1164,1178,0.23732627469204548,1
79,icu,10458,1176,1186,0.05023710421330346,1
79,icu,10459,1164,1178,0.11507965159293326,1
79,icu,10460,1176,1178,0.13574897005972256,2
79,icu,10468,3975,1186,0.14286689183790527,2
79,icu,11102,1639,1454,0.04365776180911968,1
79,icu,11102,1639,1458,0.026699150163526045,2
79,icu,11103,1639,1626,0.07933335544462954,1
79,icu,11221,1692,1318,0.05259961659601717,1
79,icu,11230,1293,1324,0.053993345090028594,1
79,icu,11229,1293,1324,0.17485901582441327,1
79,icu,11236,1286,1320,0.03307488053204541,1
79,icu,11239,1286,1301,0.028305611819593048,1
79,icu,11356,1628,1637,0.0008323606410373038,1
79,icu,11357,1628,1637,0.06991330862037423,1
79,icu,11360,1628,1637,0.02819423531608135,1
79,icu,11361,1628,1637,0.05008189440001104,1
79,icu,11362,1628,1633,0.020257890488251416,1
79,icu,11363,1628,1637,0.00914729783330844,1
79,icu,11365,1628,1633,0.08626893305316903,1
79,icu,11370,1639,1626,0.0680806039847979,1
79,icu,11385,1318,1638,0.0913318964643007,2
79,icu,11419,1629,1633,0.015979078134063768,1
79,icu,11427,1633,1637,0.030003650055985986,3
79,icu,11428,1633,1637,0.03373954968513171,3
79,icu,11436,1629,1638,0.03263883025827307,2
79,icu,11429,1633,1637,0.04504448872379746,3
79,icu,11432,1633,1637,0.14968879399940235,2
79,icu,11433,1633,1637,0.07697468467794295,2
79,icu,11434,1629,1635,0.1374527715195931,2
79,icu,11435,1629,1638,0.1265745851145883,2
80,icu,10030,1445,1172,0.07278161347204466,1
80,icu,10022,10139,1458,0.060239174548037074,1
80,icu,10031,1445,1464,0.13732241512530827,1
80,icu,10037,1445,1172,0.04163607807929363,1
80,icu,10065,10139,1458,0.054790632421727964,1
80,icu,11106,1639,1458,0.028327415140052103,1
80,icu,10456,1164,1178,0.23934347321886756,1
80,icu,10458,1176,1186,0.038174831045879404,1
80,icu,10459,1164,1178,0.11605779235700031,1
80,icu,10460,1176,1178,0.1369027935155427,2
80,icu,10468,3975,1186,0.14613540662658195,2
80,icu,11102,1639,1454,0.04566737004987256,1
80,icu,11102,1639,1458,0.025287553497206433,2
80,icu,11103,1639,1626,0.08000766395909309,1
80,icu,11221,1692,1318,0.049818650049069435,1
80,icu,11230,1293,1324,0.050593501152565806,1
80,icu,11229,1293,1324,0.17634526234128237,1
80,icu,11236,1286,1320,0.048129969515755155,1
80,icu,11239,1286,1301,0.028546200597794582,1
80,icu,11357,1628,1637,0.06294771927760769,1
80,icu,11360,1628,1637,0.028433877429110233,1
80,icu,11361,1628,1637,0.050507574716003256,1
80,icu,11362,1628,1633,0.02043007617187389,1
80,icu,11363,1628,1637,0.009225046981554652,1
80,icu,11365,1628,1633,0.08700219179112872,1
80,icu,11370,1639,1626,0.06865926765885377,1
80,icu,11385,1318,1638,0.08650313600607873,2
80,icu,11419,1629,1633,0.006194112571264107,1
80,icu,11427,1633,1637,0.013580762119776098,3
80,icu,11428,1633,1637,0.03402632522234857,3
80,icu,11436,1629,1638,0.03291625002732147,2
80,icu,11429,1633,1637,0.04542735267939194,3
80,icu,11432,1633,1637,0.15096110156471168,2
80,icu,11433,1633,1637,0.07762894523437071,2
80,icu,11434,1629,1635,0.13862107675076366,2
80,icu,11435,1629,1638,0.12765042919024985,2
81,icu,10030,1445,1172,0.07334221957184371,1
81,icu,10022,10139,1458,0.06070317152594773,1
81,icu,10031,1445,1464,0.13838015182398639,1
81,icu,10037,1445,1172,0.04195678324409362,1
81,icu,10065,10139,1458,0.05521266157555082,1
81,icu,11106,1639,1458,0.02411340659896387,1
81,icu,10456,1164,1178,0.2411870351383231,1
81,icu,10459,1164,1178,0.11695173662699836,1
81,icu,10460,1176,1178,0.12279395597872034,2
81,icu,10468,3975,1186,0.1900393392627343,2
81,icu,11102,1639,1454,0.047697166493248705,1
81,icu,11102,1639,1458,0.023804292930869428,2
81,icu,11103,1639,1626,0.08062392928087479,1
81,icu,11221,1692,1318,0.04689649947036151,1
81,icu,11230,1293,1324,0.05865172747321595,1
81,icu,11229,1293,1324,0.1777035755885857,1
81,icu,11236,1286,1320,0.04341259144052223,1
81,icu,11239,1286,1301,0.02876607995217792,1
81,icu,11357,1628,1637,0.05469619969036281,1
81,icu,11360,1628,1637,0.02865289160545603,1
81,icu,11361,1628,1637,0.05089661328111727,1
81,icu,11362,1628,1633,0.020587440439783545,1
81,icu,11363,1628,1637,0.009296103631195688,1
81,icu,11365,1628,1633,0.08767233301344071,1
81,icu,11370,1639,1626,0.06918812106593128,1
81,icu,11385,1318,1638,0.08142922917217199,2
81,icu,11427,1633,1629,0.0004152145102034391,2
81,icu,11428,1633,1629,0.0036619261369675096,1
81,icu,11428,1633,1637,0.030626489530527927,3
81,icu,11436,1629,1638,0.033169790031005446,2
81,icu,11429,1633,1637,0.04577726043486609,3
81,icu,11432,1633,1637,0.15212389131795162,2
81,icu,11433,1633,1637,0.07822688828816232,2
81,icu,11434,1629,1635,0.13968881649271156,2
81,icu,11435,1629,1638,0.10683413319326665,2
81,icu,11435,1629,1637,0.02179953346359295,3
81,icu,11694,1635,1324,0.022571574784242106,1
82,icu,10030,1445,1172,0.07384839155933115,1
82,icu,10022,10139,1458,0.06112211500976173,1
82,icu,10031,1445,1464,0.13933518368539533,1
82,icu,10037,1445,1172,0.04224634836071025,1
82,icu,10065,10139,1458,0.05559371225560002,1
82,icu,11106,1639,1458,0.019624590738103603,1
82,icu,10456,1164,1178,0.24285158962883152,1
82,icu,10459,1164,1178,0.11775888008835227,1
82,icu,10460,1176,1178,0.11732738213472108,2
82,icu,10468,3975,1186,0.18639011117274332,2
82,icu,11102,1639,1454,0.00528337573369983,1
82,icu,11102,1639,1458,0.06671155165520369,2
82,icu,11103,1639,1626,0.08118035605335842,1
82,icu,11221,1692,1318,0.04383988081826229,1
82,icu,11230,1293,1324,0.08361061401854869,1
82,icu,11229,1293,1324,0.17892999841249804,1
82,icu,11234,1324,1294,0.00435134229331402,2
82,icu,11236,1286,1320,0.03850960277712537,1
82,icu,11239,1286,1301,0.028964609311483088,1
82,icu,11357,1628,1637,0.04599850605367657,1
82,icu,11360,1628,1637,0.02885063979436909,1
82,icu,11361,1628,1637,0.05124787671507495,1
82,icu,11362,1628,1633,0.020729524844994067,1
82,icu,11363,1628,1637,0.009360260773948675,1
82,icu,11365,1628,1633,0.08827740440762731,1
82,icu,11370,1639,1626,0.0696656235052481,1
82,icu,11385,1318,1638,0.07612183728738606,2
82,icu,11428,1633,1629,0.014824416852608976,1
82,icu,11428,1633,1637,0.012817827696568758,3
82,icu,11436,1629,1638,0.02148990954565852,2
82,icu,11436,1629,1637,0.01190880208933641,3
82,icu,11429,1633,1637,0.04609319260914872,3
82,icu,11432,1633,1637,0.15317377572099047,2
82,icu,11433,1633,1637,0.07876677186069302,2
82,icu,11434,1629,1635,0.14023165796058948,2
82,icu,11434,1629,1637,0.00042122215450296485,4
82,icu,11435,1629,1637,0.12952143306329786,3
82,icu,11694,1635,1294,0.031529474647361694,3
83,icu,10030,1445,1172,0.07429857298722076,1
83,icu,10022,10139,1458,0.0614947167744003,1
83,icu,10031,1445,1464,0.1401845740461367,1
83,icu,10037,1445,1172,0.04250388303447313,1
83,icu,10065,10139,1458,0.055932612754804545,1
83,icu,11106,1639,1458,0.025826796322537204,1
83,icu,10456,1164,1178,0.24433201828917045,1
83,icu,10459,1164,1178,0.11847674082526842,1
83,icu,10460,1176,1178,0.11152394212932126,2
83,icu,10468,3975,1186,0.1823471177904206,2
83,icu,11102,1639,1454,0.008563715707010922,1
83,icu,11102,1639,1458,0.06387009435121525,2
83,icu,11103,1639,1626,0.08167523329892885,1
83,icu,11221,1692,1318,0.04065600053804086,1
83,icu,11230,1293,1324,0.08028186693536471,1
83,icu,11229,1293,1324,0.18002075963934083,1
83,icu,11234,1324,1294,0.049026295961010935,2
83,icu,11236,1286,1320,0.03343270547222102,1
83,icu,11239,1286,1301,0.029141178210314575,1
83,icu,11357,1628,1637,0.04818901449900739,1
83,icu,11360,1628,1637,0.029026513932504144,1
83,icu,11361,1628,1637,0.051560284904728845,1
83,icu,11362,1628,1633,0.020855892486822725,1
83,icu,11363,1628,1637,0.009417321130601801,1
83,icu,11365,1628,1633,0.08881554541689606,1
83,icu,11370,1639,1626,0.07009030668659016,1
83,icu,11385,1318,1638,0.07059347333862775,2
83,icu,11427,1633,1629,0.013111379078195328,2
83,icu,11428,1633,1629,0.03473552299016591,1
83,icu,11436,1629,1638,0.01647624023130232,2
83,icu,11429,1633,1637,0.04637417773051193,3
83,icu,11432,1633,1637,0.15410752644478137,2
83,icu,11433,1633,1637,0.07924693584365548,2
83,icu,11434,1629,1635,0.14151030318240626,2
83,icu,11435,1629,1638,0.013649046249620995,2
83,icu,11435,1629,1637,0.11666195233362317,3
83,icu,11694,1635,1294,0.029630270934182183,3
84,icu,10030,1445,1172,0.0746914450895084,1
84,icu,10022,10139,1458,0.06181988531650537,1
84,icu,10031,1445,1464,0.14092583469354208,1
84,icu,10037,1445,1172,0.0427286328407179,1
84,icu,10065,10139,1458,0.0562283702946324,1
84,icu,11106,1639,1458,0.05610694981239911,1
84,icu,10456,1164,1178,0.24562398433672777,1
84,icu,10459,1164,1178,0.11910321592928175,1
84,icu,10460,1176,1178,0.10539382292537461,2
84,icu,10468,3975,1186,0.1779104389578011,2
84,icu,11102,1639,1454,0.02337919177598663,1
84,icu,11102,1639,1458,0.049437629988792406,2
84,icu,11103,1639,1626,0.0821071113192039,1
84,icu,11221,1692,1318,0.03735303890698774,1
84,icu,11230,1293,1324,0.07666634051359353,1
84,icu,11229,1293,1324,0.18097266398220202,1
84,icu,11234,1324,1294,0.045043317499559976,2
84,icu,11236,1286,1320,0.028195007080239726,1
84,icu,11239,1286,1301,0.029295269405963706,1
84,icu,11355,1628,1637,0.0009133753483321627,1
84,icu,11356,1628,1637,0.055620201514604575,1
84,icu,11357,1628,1637,0.07235770857559913,1
84,icu,11360,1628,1637,0.029179998812391483,1
84,icu,11361,1628,1637,0.05183292267838506,1
84,icu,11362,1628,1633,0.020966173182628178,1
84,icu,11363,1628,1637,0.009467117547972208,1
84,icu,11365,1628,1633,0.08928517960556022,1
84,icu,11370,1639,1626,0.07046092653877335,1
84,icu,11385,1318,1638,0.06485834123624615,2
84,icu,11426,1633,1637,0.015908878547706156,2
84,icu,11427,1633,1629,0.043393707154526166,2
84,icu,11428,1633,1629,0.03491919566909548,1
84,icu,11429,1633,1629,0.046619392678314234,1
84,icu,11432,1633,1629,0.039605513006423634,1
84,icu,11432,1633,1637,0.11531689514413586,2
84,icu,11433,1633,1637,0.07966597363984715,2
84,icu,11434,1629,1635,0.14225857395089325,2
84,icu,11435,1629,1638,0.03895359333507335,2
84,icu,11435,1629,1637,0.09204645692044726,3
84,icu,11694,1635,1294,0.0272230580574113,3
85,icu,10030,1445,1172,0.07502581171737696,1
85,icu,10022,10139,1458,0.062096630619313885,1
85,icu,10031,1445,1464,0.1415567087657946,1
85,icu,10037,1445,1172,0.042919913500226684,1
85,icu,10065,10139,1458,0.05648008440383769,1
85,icu,11106,1639,1458,0.05171610386895188,1
85,icu,10456,1164,1178,0.2467235542174269,1
85,icu,10459,1164,1178,0.11963639801768361,1
85,icu,10460,1176,1178,0.12820906646520916,2
85,icu,10468,3975,1186,0.17308107930710412,2
85,icu,11102,1639,1454,0.026618767915827957,1
85,icu,11102,1639,1458,0.04652402846513931,2
85,icu,11103,1639,1626,0.08247467520691464,1
85,icu,11221,1692,1318,0.05683757380735463,1
85,icu,11230,1293,1324,0.07276088264219646,1
85,icu,11229,1293,1324,0.18178281324788573,1
85,icu,11234,1324,1294,0.040927508766829074,2
85,icu,11236,1286,1320,0.02281071987135619,1
85,icu,11239,1286,1301,0.029426413748291462,1
85,icu,11356,1628,1637,0.04636348360129373,1
85,icu,11357,1628,1637,0.07268162790782959,1
85,icu,11360,1628,1637,0.029310627129897137,1
85,icu,11361,1628,1637,0.0520649599558507,1
85,icu,11362,1628,1633,0.02106003116888059,1
85,icu,11363,1628,1637,0.009509498414567538,1
85,icu,11365,1628,1633,0.08968487711291967,1
85,icu,11370,1639,1626,0.07077635466277112,1
85,icu,11385,1318,1638,0.05893194544506031,2
85,icu,11426,1633,1637,0.0075947561135709905,2
85,icu,11427,1633,1629,0.04358796511157316,2
85,icu,11428,1633,1629,0.03507551629844957,1
85,icu,11436,1629,1638,0.026206495687303502,2
85,icu,11429,1633,1637,0.04682809086462524,3
85,icu,11432,1633,1637,0.15561593982788216,2
85,icu,11433,1633,1637,0.08002260943568563,2
85,icu,11434,1629,1635,0.142895414215536,2
85,icu,11435,1629,1638,0.021744232699106372,2
85,icu,11435,1629,1637,0.10984225747603373,3
85,icu,11694,1635,1294,0.024735565876457755,3
86,icu,10030,1445,1172,0.0753006797664339,1
86,icu,10022,10139,1458,0.06232413071988777,1
86,icu,10031,1445,1464,0.14207532249990448,1
86,icu,10037,1445,1172,0.04307715688912783,1
86,icu,10065,10139,1458,0.056687007464785506,1
86,icu,11106,1639,1458,0.04702817840793015,1
86,icu,10456,1164,1178,0.24762746209195413,1
86,icu,10458,1176,1186,0.07688407429605973,1
86,icu,10459,1164,1178,0.12007470348305056,1
86,icu,10460,1176,1178,0.14164117724050912,2
86,icu,10468,3975,1186,0.16786215633162777,2
86,icu,11102,1639,1454,0.029930503180860185,1
86,icu,11102,1639,1458,0.04348026254670395,2
86,icu,11103,1639,1626,0.08277683325828135,1
86,icu,11221,1692,1318,0.08565984780201522,1
86,icu,11230,1293,1324,0.06856335420901932,1
86,icu,11229,1293,1324,0.1824488012070397,1
86,icu,11234,1324,1294,0.03669008094342879,2
86,icu,11236,1286,1320,0.01729454255894816,1
86,icu,11239,1286,1301,0.029534221724674365,1
86,icu,11356,1628,1637,0.035689169322544866,1
86,icu,11357,1628,1637,0.07294790769618513,1
86,icu,11360,1628,1637,0.029418010905046133,1
86,icu,11361,1628,1637,0.05225570756177068,1
86,icu,11362,1628,1633,0.021137187677393615,1
86,icu,11363,1628,1637,0.0095443378547134,1
86,icu,11365,1628,1633,0.09001345079493196,1
86,icu,11370,1639,1626,0.07103565420355851,1
86,icu,11377,1626,1318,0.025407951373098647,2
86,icu,11385,1318,1638,0.1033984139734356,2
86,icu,11419,1629,1633,0.057801056571760184,1
86,icu,11423,1633,1637,0.02888982899929249,2
86,icu,11426,1633,1637,0.027809777071428458,2
86,icu,11427,1633,1637,0.04374765600539131,3
86,icu,11428,1633,1637,0.03520402058935865,3
86,icu,11436,1629,1638,0.03405552424818446,2
86,icu,11429,1633,1637,0.04699965243366908,3
86,icu,11432,1633,1637,0.15618606161401866,2
86,icu,11433,1633,1637,0.08031578398498461,2
86,icu,11434,1629,1635,0.1434189324931198,2
86,icu,11435,1629,1638,0.02996693625150658,2
86,icu,11435,1629,1637,0.10210164030175813,3
86,icu,11694,1635,1294,0.022174570149362756,3
87,icu,10030,1445,1172,0.07551526689294594,1
87,icu,10022,10139,1458,0.06250173809561164,1
87,icu,10031,1445,1464,0.1424801997904959,1
87,icu,10037,1445,1172,0.04319991545311183,1
87,icu,10065,10139,1458,0.0568485505223006,1
87,icu,11106,1639,1458,0.04204234219486169,1
87,icu,10456,1164,1178,0.2483331352107175,1
87,icu,10458,1176,1186,0.06918517644388306,1
87,icu,10459,1164,1178,0.120416884797577,1
87,icu,10460,1176,1178,0.14204481733133034,2
87,icu,10468,3975,1186,0.162258237836151,2
87,icu,11102,1639,1454,0.03330628953647058,1
87,icu,11102,1639,1458,0.04031367755981147,2
87,icu,11103,1639,1626,0.08301272545534726,1
87,icu,11221,1692,1318,0.07942140368641482,1
87,icu,11230,1293,1324,0.0640727292713188,1
87,icu,11229,1293,1324,0.18296873229010596,1
87,icu,11234,1324,1294,0.032343881707363936,2
87,icu,11236,1286,1320,0.07304367225985456,1
87,icu,11239,1286,1301,0.02961838648644445,1
87,icu,11356,1628,1637,0.024521957432735386,1
87,icu,11357,1628,1637,0.07315579004128672,1
87,icu,11360,1628,1637,0.029501844496554134,1
87,icu,11361,1628,1637,0.05240462258039089,1
87,icu,11362,1628,1633,0.0211974231013009,1
87,icu,11363,1628,1637,0.009571536706583738,1
87,icu,11365,1628,1633,0.09026996544809884,1
87,icu,11370,1639,1626,0.07123808712930003,1
87,icu,11377,1626,1318,0.04211099806020341,2
87,icu,11385,1318,1638,0.18001518611252634,2
87,icu,11419,1629,1633,0.044655507173775214,1
87,icu,11423,1633,1637,0.006596157572339417,2
87,icu,11426,1633,1637,0.02788902761962016,2
87,icu,11427,1633,1637,0.04387232531545533,3
87,icu,11428,1633,1637,0.035304342786228224,3
87,icu,11436,1629,1638,0.034152573532639084,2
87,icu,11429,1633,1637,0.04713358907798741,3
87,icu,11432,1633,1637,0.15663115079869724,2
87,icu,11433,1633,1637,0.08054466283909797,2
87,icu,11434,1629,1635,0.14382763871870213,2
87,icu,11435,1629,1638,0.022725159415946446,2
87,icu,11435,1629,1637,0.1097197778346321,3
87,icu,11694,1635,1294,0.0195478356923931,3
88,icu,10030,1445,1172,0.07566891100584938,1
88,icu,10022,10139,1458,0.06262890475342453,1
88,icu,10031,1445,1464,0.14277009142173583,1
88,icu,10037,1445,1172,0.043287810430649366,1
88,icu,10065,10139,1458,0.056964215148464566,1
88,icu,11106,1639,1458,0.036758120547776635,1
88,icu,10456,1164,1178,0.24883839627690787,1
88,icu,10458,1176,1186,0.054520135651342755,1
88,icu,10459,1164,1178,0.12066188618874665,1
88,icu,10460,1176,1178,0.14233382312908965,2
88,icu,10468,3975,1186,0.16286309550142877,2
88,icu,11102,1639,1454,0.03673780901841356,1
88,icu,11102,1639,1458,0.03703194599495979,2
88,icu,11103,1639,1626,0.08318162397199244,1
88,icu,11221,1692,1318,0.07295611093271373,1
88,icu,11230,1293,1324,0.059288348980557154,1
88,icu,11229,1293,1324,0.1833410022921657,1
88,icu,11234,1324,1294,0.027901022974611972,2
88,icu,11236,1286,1320,0.0826085205553116,1
88,icu,11239,1286,1301,0.029678648350099014,1
88,icu,11356,1628,1637,0.01287568780408347,1
88,icu,11357,1628,1637,0.0733046335391264,1
88,icu,11360,1628,1637,0.02956186924271724,1
88,icu,11361,1628,1637,0.05251124554657623,1
88,icu,11362,1628,1633,0.021240551589118535,1
88,icu,11363,1628,1637,0.009591011050341146,1
88,icu,11365,1628,1633,0.09045362961739534,1
88,icu,11370,1639,1626,0.07138302884972639,1
88,icu,11377,1626,1318,0.03632649707885385,2
88,icu,11385,1318,1638,0.16300460618600365,2
88,icu,11419,1629,1633,0.03093145587179459,1
88,icu,11426,1633,1637,0.011330993719147791,2
88,icu,11427,1633,1637,0.04396158838478488,3
88,icu,11428,1633,1637,0.03537617335310841,3
88,icu,11436,1629,1638,0.03422206069834334,2
88,icu,11429,1633,1637,0.04722948754699645,3
88,icu,11432,1633,1637,0.1569498340955679,2
88,icu,11433,1633,1637,0.08070853981100307,2
88,icu,11434,1629,1635,0.14412027186258358,2
88,icu,11435,1629,1638,0.03806609177109728,2
88,icu,11435,1629,1637,0.09464831926577223,3
88,icu,11694,1635,1294,0.01686268264557466,3
89,icu,10030,1445,1172,0.0757612694842096,1
89,icu,10022,10139,1458,0.06270534711617964,1
89,icu,10031,1445,1464,0.14294435094554533,1
89,icu,10037,1445,1172,0.04334064581905098,1
89,icu,10065,10139,1458,0.05703374341525422,1
89,icu,11106,1639,1458,0.031176861937030162,1
89,icu,10456,1164,1178,0.24914211857622784,1
89,icu,10459,1164,1178,0.12080916131212734,1
89,icu,10460,1176,1178,0.141038712110497,2
89,icu,10468,3975,1186,0.2040542143606461,2
89,icu,11102,1639,1454,0.040215757467088775,1
89,icu,11102,1639,1458,0.033644037989994866,2
89,icu,11103,1639,1626,0.08328315217050176,1
89,icu,11221,1692,1318,0.06628164148209781,1
89,icu,11230,1293,1324,0.06593648792137999,1
89,icu,11229,1293,1324,0.1835647810642883,1
89,icu,11234,1324,1294,0.0008045983989630745,2
89,icu,11236,1286,1320,0.07229958174692944,1
89,icu,11239,1286,1301,0.029714872933814668,1
89,icu,11356,1628,1637,0.0007669470841666082,1
89,icu,11357,1628,1637,0.07339410627397129,1
89,icu,11360,1628,1637,0.029597951290475665,1
89,icu,11361,1628,1637,0.052575338694885274,1
89,icu,11362,1628,1633,0.02126647696584493,1
89,icu,11363,1628,1637,0.009602717458888209,1
89,icu,11365,1628,1633,0.09056403373822347,1
89,icu,11370,1639,1626,0.07147015614993024,1
89,icu,11377,1626,1318,0.03043524560469027,2
89,icu,11385,1318,1638,0.14552406961306832,2
89,icu,11419,1629,1633,0.01664842277076277,1
89,icu,11427,1633,1637,0.031285277362469416,3
89,icu,11428,1633,1637,0.03541935211037701,3
89,icu,11436,1629,1638,0.034263830791376744,2
89,icu,11429,1633,1637,0.04728713399050396,3
89,icu,11432,1633,1637,0.15714140085215614,2
89,icu,11433,1633,1637,0.08080704946085177,2
89,icu,11434,1629,1635,0.13994280371920734,2
89,icu,11434,1629,1638,0.0043533756440017335,3
89,icu,11435,1629,1638,0.027424764515674292,2
89,icu,11435,1629,1637,0.1054516324794561,3
89,icu,11694,1635,1294,0.032346175387383866,3
90,icu,10030,1445,1172,0.07579204223898361,1
90,icu,10022,10139,1458,0.06273081680911065,1
90,icu,10031,1445,1464,0.1430024121618888,1
90,icu,10037,1445,1172,0.043358249946788247,1
90,icu,10128,1454,1456,0.0007277634594684834,1
90,icu,10065,10139,1458,0.05705690941302472,1
90,icu,11106,1639,1458,0.025299913805373497,1
90,icu,10456,1164,1178,0.24924331526117022,1
90,icu,10459,1164,1178,0.12085823164477649,1
90,icu,10460,1176,1178,0.1319866218942426,2
90,icu,10468,3975,1186,0.1976507393102832,2
90,icu,11102,1639,1458,0.07388979587007478,2
90,icu,11103,1639,1626,0.08331698016778848,1
90,icu,11221,1692,1318,0.05941539426825998,1
90,icu,11230,1293,1324,0.0894637506255268,1
90,icu,11229,1293,1324,0.18363934150963585,1
90,icu,11234,1324,1294,0.02313355702271902,2
90,icu,11236,1286,1320,0.061719631662917246,1
90,icu,11239,1286,1301,0.029726942537507402,1
90,icu,11357,1628,1637,0.06163806597648394,1
90,icu,11360,1628,1637,0.02960997340286998,1
90,icu,11361,1628,1637,0.052596693775335136,1
90,icu,11362,1628,1633,0.021275114995342497,1
90,icu,11363,1628,1637,0.009606617896031597,1
90,icu,11365,1628,1633,0.0906008190880539,1
90,icu,11370,1639,1626,0.07149918593789228,1
90,icu,11377,1626,1318,0.02445401622453469,2
90,icu,11385,1318,1638,0.08968375058911927,2
90,icu,11385,1318,1309,0.037936809212566855,3
90,icu,11419,1629,1633,0.001828094208668668,1
90,icu,11427,1633,1637,0.006372040303226641,3
90,icu,11428,1633,1637,0.035433738762609315,3
90,icu,11436,1629,1637,0.034277748093314,3
90,icu,11429,1633,1637,0.04730634110501198,3
90,icu,11432,1633,1637,0.15720522863416392,2
90,icu,11433,1633,1637,0.08083987171335624,2
90,icu,11434,1629,1635,0.13341190434287176,2
90,icu,11434,1629,1637,0.010942885323102863,4
90,icu,11435,1629,1637,0.1329303688043124,3
90,icu,11694,1635,1294,0.032359313774977555,3
91,icu,10030,1445,1172,0.07576130470133612,1
91,icu,10022,10139,1458,0.06270537626434675,1
91,icu,10031,1445,1464,0.14294441739228422,1
91,icu,10037,1445,1172,0.043340665965664375,1
91,icu,10065,10139,1458,0.057033769927013735,1
91,icu,11106,1639,1458,0.030097869887994233,1
91,icu,10456,1164,1178,0.24914223438829872,1
91,icu,10459,1164,1178,0.1208092174694693,1
91,icu,10460,1176,1178,0.1225560350488715,2
91,icu,10468,3975,1186,0.19082152014577833,2
91,icu,11102,1639,1454,0.004039917255023978,1
91,icu,11102,1639,1458,0.06981991253529851,2
91,icu,11103,1639,1626,0.08328319088412584,1
91,icu,11221,1692,1318,0.05237765285214013,1
91,icu,11230,1293,1324,0.08468675750119975,1
91,icu,11229,1293,1324,0.18356486639316627,1
91,icu,11234,1324,1294,0.06316121301871228,2
91,icu,11236,1286,1320,0.05089985926287047,1
91,icu,11239,1286,1301,0.029714886746577393,1
91,icu,11357,1628,1637,0.059958866218444644,1
91,icu,11360,1628,1637,0.029597965048888147,1
91,icu,11361,1628,1637,0.05257536313418476,1
91,icu,11362,1628,1633,0.021266486851426514,1
91,icu,11363,1628,1637,0.009602721922648093,1
91,icu,11365,1628,1633,0.09056407583631734,1
91,icu,11370,1639,1626,0.07147018937236102,1
91,icu,11377,1626,1318,0.018403340396280804,2
91,icu,11385,1318,1638,0.09475239371437698,2
91,icu,11385,1318,1309,0.014597434069360302,3
91,icu,11427,1633,1629,0.021710806426762805,2
91,icu,11428,1633,1629,0.03072999874242023,1
91,icu,11428,1633,1637,0.004689369832409036,3
91,icu,11436,1629,1637,0.03426384671869254,3
91,icu,11429,1633,1637,0.04728715597161637,3
91,icu,11432,1633,1637,0.15714147389830008,2
91,icu,11433,1633,1637,0.08080708702347583,2
91,icu,11434,1629,1635,0.13846937447558846,2
91,icu,11434,1629,1637,0.005826871962748031,4
91,icu,11435,1629,1637,0.13287645876184728,3
91,icu,11694,1635,1294,0.03234619042329019,3
92,icu,10030,1445,1172,0.07566918294885071,1
92,icu,10022,10139,1458,0.06262912983255019,1
92,icu,10031,1445,1464,0.14277060451656762,1
92,icu,10037,1445,1172,0.043287966000710214,1
92,icu,10065,10139,1458,0.05696441986952412,1
92,icu,11106,1639,1458,0.05896187548652321,1
92,icu,10456,1164,1178,0.24883929056571727,1
92,icu,10459,1164,1178,0.12066231982992162,1
92,icu,10460,1176,1178,0.1127680357158248,2
92,icu,10468,3975,1186,0.18357500747585226,2
92,icu,11102,1639,1454,0.02035533649763499,1
92,icu,11102,1639,1458,0.053414683633450755,2
92,icu,11103,1639,1626,0.08318192291458562,1
92,icu,11221,1692,1318,0.04518817581619883,1
92,icu,11230,1293,1324,0.07961071386033514,1
92,icu,11229,1293,1324,0.1833416611929186,1
92,icu,11234,1324,1294,0.05449155972512268,2
92,icu,11236,1286,1320,0.039870625644642305,1
92,icu,11239,1286,1301,0.02967875501082137,1
92,icu,11355,1628,1637,0.007105453484492291,1
92,icu,11356,1628,1637,0.056348289941597886,1
92,icu,11357,1628,1637,0.07330489698526024,1
92,icu,11360,1628,1637,0.02956197548375256,1
92,icu,11361,1628,1637,0.05251143426431418,1
92,icu,11362,1628,1633,0.021240627924555007,1
92,icu,11363,1628,1637,0.0095910455190324,1
92,icu,11365,1628,1633,0.09045395469451344,1
92,icu,11370,1639,1626,0.07138328538989396,1
92,icu,11377,1626,1318,0.012301396401112441,2
92,icu,11385,1318,1638,0.09076435986249276,2
92,icu,11426,1633,1637,0.02108897865060368,2
92,icu,11427,1633,1629,0.04396174637630517,2
92,icu,11428,1633,1629,0.0353763004899025,1
92,icu,11429,1633,1629,0.04722965728286847,1
92,icu,11432,1633,1629,0.029151000225902307,1
92,icu,11432,1633,1637,0.12779939792441905,2
92,icu,11433,1633,1637,0.08070882986569339,2
92,icu,11434,1629,1635,0.14349430887983877,2
92,icu,11434,1629,1638,0.0006264809299276475,3
92,icu,11435,1629,1638,0.008432978960966842,2
92,icu,11435,1629,1637,0.12428190903208955,3
92,icu,11694,1635,1294,0.032306859160981985,3
93,icu,10030,1445,1172,0.07551608769170395,1
93,icu,10022,10139,1458,0.06250241744630607,1
93,icu,10031,1445,1464,0.14248174845179104,1
93,icu,10037,1445,1172,0.04320038500633475,1
93,icu,10065,10139,1458,0.056849168426753346,1
93,icu,11106,1639,1458,0.05314767517729198,1
93,icu,10456,1164,1178,0.24833583442025936,1
93,icu,10459,1164,1178,0.12041819364588743,1
93,icu,10460,1176,1178,0.13190678495507546,2
93,icu,10468,3975,1186,0.17592151534299375,2
93,icu,11102,1639,1454,0.025102488701874787,1
93,icu,11102,1639,1458,0.04851827859256641,2
93,icu,11103,1639,1626,0.0830136277462979,1
93,icu,11221,1692,1318,0.060766417664063516,1
93,icu,11230,1293,1324,0.07423730650935362,1
93,icu,11229,1293,1324,0.1829707210337653,1
93,icu,11234,1324,1294,0.04566522667204828,2
93,icu,11236,1286,1320,0.028665331322510507,1
93,icu,11239,1286,1301,0.029618708417834518,1
93,icu,11356,1628,1637,0.04983352556789374,1
93,icu,11357,1628,1637,0.07315658519416213,1
93,icu,11360,1628,1637,0.02950216516121332,1
93,icu,11361,1628,1637,0.052405192182418375,1
93,icu,11362,1628,1633,0.0211976535026392,1
93,icu,11363,1628,1637,0.009571640742572277,1
93,icu,11365,1628,1633,0.09027094662023229,1
93,icu,11370,1639,1626,0.07123886143807022,1
93,icu,11377,1626,1318,0.006168400914936478,2
93,icu,11385,1318,1638,0.07192223563537453,2
93,icu,11426,1633,1637,0.010192260752255683,2
93,icu,11427,1633,1629,0.043872802177308726,2
93,icu,11428,1633,1629,0.035304726520033365,1
93,icu,11436,1629,1638,0.031142786452639272,2
93,icu,11429,1633,1637,0.04713410138752385,3
93,icu,11432,1633,1637,0.15663285327104928,2
93,icu,11433,1633,1637,0.0805455383039138,2
93,icu,11434,1629,1635,0.1438292020257271,2
93,icu,11435,1629,1638,0.0018178551114575933,2
93,icu,11435,1629,1637,0.13062852172404824,3
93,icu,11694,1635,1294,0.02759892445555507,3
94,icu,10030,1445,1172,0.07530264687349185,1
94,icu,10022,10139,1458,0.062325758835833064,1
94,icu,10031,1445,1464,0.1420790339852525,1
94,icu,10037,1445,1172,0.04307828220937216,1
94,icu,10065,10139,1458,0.056688488320108775,1
94,icu,11106,1639,1458,0.047033922221969726,1
94,icu,10456,1164,1178,0.24763393095425307,1
94,icu,10458,1176,1186,0.07689521030254232,1
94,icu,10459,1164,1178,0.12007784023822243,1
94,icu,10460,1176,1178,0.14164487738452256,2
94,icu,10468,3975,1186,0.1678735528553541,2
94,icu,11102,1639,1454,0.02992441949799629,1
94,icu,11102,1639,1458,0.04348826396571366,2
94,icu,11103,1639,1626,0.08277899566761739,1
94,icu,11221,1692,1318,0.08567561128398213,1
94,icu,11230,1293,1324,0.06856927798248916,1
94,icu,11229,1293,1324,0.1824535673834631,1
94,icu,11234,1324,1294,0.03670908982580923,2
94,icu,11236,1286,1320,0.017318032691261726,1
94,icu,11239,1286,1301,0.02953499325789539,1
94,icu,11356,1628,1637,0.03570309197917362,1
94,icu,11357,1628,1637,0.07294981334092218,1
94,icu,11360,1628,1637,0.02941877940244963,1
94,icu,11361,1628,1637,0.052257072656634124,1
94,icu,11362,1628,1633,0.021137739851838717,1
94,icu,11363,1628,1637,0.009544587184924172,1
94,icu,11365,1628,1633,0.09001580224906117,1
94,icu,11370,1639,1626,0.07103750989380173,1
94,icu,11377,1626,1318,0.025432700505447298,2
94,icu,11385,1318,1638,0.10345053419317995,2
94,icu,11419,1629,1633,0.05781791004877175,1
94,icu,11423,1633,1637,0.02891637781495389,2
94,icu,11426,1633,1637,0.027810503556354314,2
94,icu,11427,1633,1637,0.043748798841328033,3
94,icu,11428,1633,1637,0.03520494023679854,3
94,icu,11436,1629,1638,0.03405641389303653,2
94,icu,11429,1633,1637,0.04700088022269184,3
94,icu,11432,1633,1637,0.1561901417193392,2
94,icu,11433,1633,1637,0.08031788210343496,2
94,icu,11434,1629,1635,0.1434226790780806,2
94,icu,11435,1629,1638,0.029905902713968244,2
94,icu,11435,1629,1637,0.10216612391477888,3
94,icu,11694,1635,1294,0.02218605864393588,3
95,icu,10030,1445,1172,0.07502953909136759,1
95,icu,10022,10139,1458,0.06209971565579104,1
95,icu,10031,1445,1464,0.14156374147603626,1
95,icu,10037,1445,1172,0.04292204581396776,1
95,icu,10065,10139,1458,0.05648289040343671,1
95,icu,11106,1639,1458,0.04062405123055897,1
95,icu,10456,1164,1178,0.24673581174504058,1
95,icu,10458,1176,1186,0.06643541865855426,1
95,icu,10459,1164,1178,0.11964234170010565,1
95,icu,10460,1176,1178,0.1411311594752871,2
95,icu,10468,3975,1186,0.1594441518448264,2
95,icu,11102,1639,1454,0.034808502591442914,1
95,icu,11102,1639,1458,0.038337927613012454,2
95,icu,11103,1639,1626,0.08247877264954424,1
95,icu,11221,1692,1318,0.0755290067728531,1
95,icu,11230,1293,1324,0.06261000183464094,1
95,icu,11229,1293,1324,0.1817918444401452,1
95,icu,11234,1324,1294,0.027650114476043625,2
95,icu,11236,1286,1320,0.06724337263643357,1
95,icu,11239,1286,1301,0.029427875688478877,1
95,icu,11356,1628,1637,0.021084106214065333,1
95,icu,11357,1628,1637,0.07268523881990449,1
95,icu,11360,1628,1637,0.029312083317663884,1
95,icu,11361,1628,1637,0.05206754660667287,1
95,icu,11362,1628,1633,0.02106107745695964,1
95,icu,11363,1628,1637,0.009509970858067223,1
95,icu,11365,1628,1633,0.0896893327671892,1
95,icu,11370,1639,1626,0.07077987091854339,1
95,icu,11377,1626,1318,0.03599981992266507,2
95,icu,11385,1318,1638,0.16714540373196188,2
95,icu,11419,1629,1633,0.04049396329491432,1
95,icu,11423,1633,1637,4.059273316148887e-05,2
95,icu,11426,1633,1637,0.02770964036944942,2
95,icu,11427,1633,1637,0.043590130614934504,3
95,icu,11428,1633,1637,0.03507725889295359,3
95,icu,11436,1629,1638,0.033932898026707695,2
95,icu,11429,1633,1637,0.0468304173413927,3
95,icu,11432,1633,1637,0.15562367101790017,2
95,icu,11433,1633,1637,0.08002658505669186,2
95,icu,11434,1629,1635,0.1429025134343,2
95,icu,11435,1629,1638,0.037795862300217156,2
95,icu,11435,1629,1637,0.09379716525252364,3
95,icu,11694,1635,1294,0.0167110398048039,3
96,icu,10030,1445,1172,0.07469781769631853,1
96,icu,10022,10139,1458,0.06182515973343086,1
96,icu,10031,1445,1464,0.14093785835880676,1
96,icu,10037,1445,1172,0.0427322784091803,1
96,icu,10065,10139,1458,0.05623316764853328,1
96,icu,11106,1639,1458,0.03392259649103754,1
96,icu,10456,1164,1178,0.24564494075380394,1
96,icu,10458,1176,1186,0.04902267106420932,1
96,icu,10459,1164,1178,0.11911337770837212,1
96,icu,10460,1176,1178,0.14050718889419336,2
96,icu,10468,3975,1186,0.15723702248329002,2
96,icu,11102,1639,1454,0.039741114660860555,1
96,icu,11102,1639,1458,0.033081919769555296,2
96,icu,11103,1639,1626,0.08211411662397644,1
96,icu,11221,1692,1318,0.06517422035837203,1
96,icu,11230,1293,1324,0.05636398512324975,1
96,icu,11229,1293,1324,0.1809881044068659,1
96,icu,11234,1324,1294,0.01851698948915137,2
96,icu,11236,1286,1320,0.07101224762368424,1
96,icu,11239,1286,1301,0.029297768851959127,1
96,icu,11356,1628,1637,0.006002549583946269,1
96,icu,11357,1628,1637,0.07236388207011223,1
96,icu,11360,1628,1637,0.029182488423603707,1
96,icu,11361,1628,1637,0.05183734501665491,1
96,icu,11362,1628,1633,0.020967961997636994,1
96,icu,11363,1628,1637,0.009467925273913063,1
96,icu,11365,1628,1633,0.08929279733665267,1
96,icu,11370,1639,1626,0.07046693820155177,1
96,icu,11377,1626,1318,0.02410869899640755,2
96,icu,11385,1318,1638,0.1372746407109507,2
96,icu,11419,1629,1633,0.022611472117623904,1
96,icu,11427,1633,1637,0.041263522458807655,3
96,icu,11428,1633,1637,0.034922174943413424,3
96,icu,11436,1629,1638,0.03378287353758256,2
96,icu,11429,1633,1637,0.04662337020290102,3
96,icu,11432,1633,1637,0.1549356259908629,2
96,icu,11433,1633,1637,0.07967277066895195,2
96,icu,11434,1629,1635,0.1422707113242708,2
96,icu,11435,1629,1638,0.06819625663563014,2
96,icu,11435,1629,1637,0.06281497042616846,3
96,icu,11694,1635,1294,0.011191206773714199,3
97,icu,10030,1445,1172,0.07430860149663839,1
97,icu,10022,10139,1458,0.061503017073067046,1
97,icu,10031,1445,1464,0.1402034955713357,1
97,icu,10037,1445,1172,0.0425096200301402,1
97,icu,10065,10139,1458,0.05594016230402485,1
97,icu,11106,1639,1458,0.026935173744159213,1
97,icu,10456,1164,1178,0.24436499719910004,1
97,icu,10459,1164,1178,0.11849273231828594,1
97,icu,10460,1176,1178,0.13008252098844014,2
97,icu,10468,3975,1186,0.195638116660275,2
97,icu,11102,1639,1454,0.044708431776401464,1
97,icu,11102,1639,1458,0.027735155093371947,2
97,icu,11103,1639,1626,0.0816862574789823,1
97,icu,11221,1692,1318,0.05464063519652268,1
97,icu,11230,1293,1324,0.06156190340120343,1
97,icu,11229,1293,1324,0.1800450580856074,1
97,icu,11236,1286,1320,0.05495260355483131,1
97,icu,11239,1286,1301,0.029145111564191688,1
97,icu,11357,1628,1637,0.06247217928348777,1
97,icu,11360,1628,1637,0.029030431809478487,1
97,icu,11361,1628,1637,0.05156724429549442,1
97,icu,11362,1628,1633,0.020858707527621066,1
97,icu,11363,1628,1637,0.009418592241066647,1
97,icu,11365,1628,1633,0.0888275333662985,1
97,icu,11370,1639,1626,0.07009976718189216,1
97,icu,11377,1626,1318,0.01215852185550359,2
97,icu,11385,1318,1638,0.10703436239329575,2
97,icu,11419,1629,1633,0.0042024776301917005,1
97,icu,11427,1633,1637,0.010299069711583293,3
97,icu,11428,1633,1637,0.03474021144521192,3
97,icu,11436,1629,1638,0.03360684641847676,2
97,icu,11429,1633,1637,0.04638043712230652,3
97,icu,11432,1633,1637,0.15412832723163555,2
97,icu,11433,1633,1637,0.07925763226231435,2
97,icu,11434,1629,1635,0.14152940364895766,2
97,icu,11435,1629,1638,0.07685014871887157,2
97,icu,11435,1629,1637,0.053478438695812716,3
97,icu,11694,1635,1324,0.013233069150420745,1
97,icu,11694,1635,1294,0.01498246560726741,3
98,icu,10030,1445,1172,0.07386315900197823,1
98,icu,10022,10139,1458,0.0611343375823705,1
98,icu,10031,1445,1464,0.13936304650393944,1
98,icu,10037,1445,1172,0.04225479635142868,1
98,icu,10065,10139,1458,0.0556048293150232,1
98,icu,11106,1639,1458,0.019667710630364516,1
98,icu,10456,1164,1178,0.24290015259473866,1
98,icu,10459,1164,1178,0.11778242829937174,1
98,icu,10460,1176,1178,0.11743875990679944,2
98,icu,10468,3975,1186,0.1864756670197543,2
98,icu,11102,1639,1454,0.005237704382257374,1
98,icu,11102,1639,1458,0.06677161981257036,2
98,icu,11103,1639,1626,0.08119658966693855,1
98,icu,11221,1692,1318,0.04395822024209978,1
98,icu,11230,1293,1324,0.08365508490009846,1
98,icu,11229,1293,1324,0.17896577899530566,1
98,icu,11234,1324,1294,0.004494045548433384,2
98,icu,11236,1286,1320,0.03868594761830624,1
98,icu,11239,1286,1301,0.028970401356479197,1
98,icu,11357,1628,1637,0.0461173320889395,1
98,icu,11360,1628,1637,0.028856409048912054,1
98,icu,11361,1628,1637,0.0512581247389546,1
98,icu,11362,1628,1633,0.02073367012240344,1
98,icu,11363,1628,1637,0.009362132542733645,1
98,icu,11365,1628,1633,0.08829505721602428,1
98,icu,11370,1639,1626,0.06967955452091226,1
98,icu,11377,1626,1318,0.00018579639122873193,2
98,icu,11385,1318,1638,0.0765131135795156,2
98,icu,11428,1633,1629,0.014697894630993372,1
98,icu,11428,1633,1637,0.013038071958457027,3
98,icu,11436,1629,1638,0.021038398031704444,2
98,icu,11436,1629,1637,0.012366992334514569,3
98,icu,11429,1633,1637,0.046102409852258594,3
98,icu,11432,1633,1637,0.15320440583899622,2
98,icu,11433,1633,1637,0.07878252283050274,2
98,icu,11434,1629,1635,0.140179842929488,2
98,icu,11434,1629,1637,0.0005011635035429007,4
98,icu,11435,1629,1637,0.1295473334288162,3
98,icu,11694,1635,1294,0.031535779587776994,3
99,icu,10030,1445,1172,0.07336298833396038,1
99,icu,10022,10139,1458,0.06072036121200453,1
99,icu,10031,1445,1464,0.1384193377727029,1
99,icu,10037,1445,1172,0.041968664401433334,1
99,icu,10065,10139,1458,0.05522829648053167,1
99,icu,11106,1639,1458,0.023094955040758244,1
99,icu,10456,1164,1178,0.2412553335370851,1
99,icu,10459,1164,1178,0.11698485456113393,1
99,icu,10460,1176,1178,0.10446765372778341,2
99,icu,10468,3975,1186,0.17692676577869068,2
99,icu,11102,1639,1454,0.011457203532068083,1
99,icu,11102,1639,1458,0.06006450339492689,2
99,icu,11103,1639,1626,0.08064676004899062,1
99,icu,11221,1692,1318,0.0331586598363324,1
99,icu,11230,1293,1324,0.07746443433790792,1
99,icu,11229,1293,1324,0.17775389699023164,1
99,icu,11234,1324,1294,0.03998539574215021,2
99,icu,11236,1286,1320,0.022260457776383524,1
99,icu,11239,1286,1301,0.028774225817888605,1
99,icu,11357,1628,1637,0.04066084475086223,1
99,icu,11360,1628,1637,0.028661005418934567,1
99,icu,11361,1628,1637,0.05091102598446809,1
99,icu,11362,1628,1633,0.02059327031043078,1
99,icu,11363,1628,1637,0.009298736065366011,1
99,icu,11365,1628,1633,0.08769715972088424,1
99,icu,11370,1639,1626,0.06920771348672392,1
99,icu,11385,1318,1638,0.05757538710455373,2
99,icu,11427,1633,1629,0.007611059247492058,2
99,icu,11428,1633,1629,0.034298125326577375,1
99,icu,11436,1629,1638,0.002099636583783558,2
99,icu,11429,1633,1637,0.04579022345995415,3
99,icu,11432,1633,1637,0.15216696916492006,2
99,icu,11433,1633,1637,0.07824904027161014,2
99,icu,11434,1629,1635,0.13972837302395685,2
99,icu,11435,1629,1638,0.044859911380486873,2
99,icu,11435,1629,1637,0.08381018125364184,3
99,icu,11694,1635,1294,0.02416617625350642,3
100,icu,10030,1445,1172,0.07280979608150383,1
100,icu,10022,10139,1458,0.06026250045480724,1
100,icu,10031,1445,1464,0.1373755893242693,1
100,icu,10037,1445,1172,0.041652200466143034,1
100,icu,10065,10139,1458,0.054811848535549844,1
100,icu,11106,1639,1458,0.050612667258734034,1
100,icu,10456,1164,1178,0.23943615217046735,1
100,icu,10459,1164,1178,0.1161027324356913,1
100,icu,10460,1176,1178,0.0912022069933715,2
100,icu,10468,3975,1186,0.16700902030972442,2
100,icu,11102,1639,1454,0.029198578056770508,1
100,icu,11102,1639,1458,0.04178382076605654,2
100,icu,11103,1639,1626,0.08003864465104994,1
100,icu,11221,1692,1318,0.022274378045155085,1
100,icu,11230,1293,1324,0.07099991660031865,1
100,icu,11229,1293,1324,0.1764135470277774,1
100,icu,11234,1324,1294,0.02686024783395885,2
100,icu,11236,1286,1320,0.005725368741466869,1
100,icu,11239,1286,1301,0.028557254301946104,1
100,icu,11356,1628,1637,0.04321576941141499,1
100,icu,11357,1628,1637,0.07053485174909647,1
100,icu,11360,1628,1637,0.02844488763930985,1
100,icu,11361,1628,1637,0.05052713233756515,1
100,icu,11362,1628,1633,0.020437987137714105,1
100,icu,11363,1628,1637,0.00922861911858104,1
100,icu,11365,1628,1633,0.08703588091502101,1
100,icu,11370,1639,1626,0.06868585400716172,1
100,icu,11385,1318,1638,0.03867635015387161,2
100,icu,11426,1633,1637,0.005939815647208416,2
100,icu,11427,1633,1629,0.042300520030845466,2
100,icu,11428,1633,1629,0.034039500948872425,1
100,icu,11429,1633,1629,0.04544494312948301,1
100,icu,11432,1633,1629,0.05972514263379773,1
100,icu,11432,1633,1637,0.09129441432323031,2
100,icu,11433,1633,1637,0.07765900483516683,2
100,icu,11434,1629,1635,0.1386747538194972,2
100,icu,11435,1629,1638,0.07281068078328269,2
100,icu,11435,1629,1637,0.05488917740450579,3
100,icu,11694,1635,1294,0.016233664099616702,3
101,icu,10030,1445,1172,0.07220529933639876,1
101,icu,10022,10139,1458,0.05976217649653043,1
101,icu,10031,1445,1464,0.1362350409218201,1
101,icu,10037,1445,1172,0.04130638683990979,1
101,icu,10065,10139,1458,0.054356778121730225,1
101,icu,11106,1639,1458,0.043480406402909136,1
101,icu,10456,1164,1178,0.23744825517806936,1
101,icu,10459,1164,1178,0.11513880000307446,1
101,icu,10460,1176,1178,0.10693643364579139,2
101,icu,10468,3975,1186,0.15674031323631923,2
101,icu,11102,1639,1454,0.03534178213624059,1
101,icu,11102,1639,1458,0.035051291741902954,2
101,icu,11103,1639,1626,0.07937413104466623,1
101,icu,11221,1692,1318,0.034235298107450435,1
101,icu,11230,1293,1324,0.06426715254945647,1
101,icu,11229,1293,1324,0.17494888951312978,1
101,icu,11234,1324,1294,0.013671855402233535,2
101,icu,11239,1286,1301,0.01744984141457363,1
101,icu,11356,1628,1637,0.026400652783902183,1
101,icu,11357,1628,1637,0.0699492425235045,1
101,icu,11360,1628,1637,0.028208726532999457,1
101,icu,11361,1628,1637,0.05010763539235518,1
101,icu,11362,1628,1633,0.02026830259846038,1
101,icu,11363,1628,1637,0.00915199934323169,1
101,icu,11365,1628,1633,0.08631327338757255,1
101,icu,11370,1639,1626,0.06811559591804946,1
101,icu,11385,1318,1638,0.0196862467561158,2
101,icu,11427,1633,1629,0.03460087571519978,2
101,icu,11428,1633,1629,0.03375689107168556,1
101,icu,11429,1633,1629,0.009539977069159898,1
101,icu,11429,1633,1637,0.03552766353124439,3
101,icu,11432,1633,1637,0.1497657307476325,2
101,icu,11433,1633,1637,0.07701424797307636,2
101,icu,11434,1629,1635,0.1375234192213575,2
101,icu,11435,1629,1638,0.09870107232690674,2
101,icu,11435,1629,1637,0.027938569340861738,3
101,icu,11694,1635,1294,0.008262928532539952,3
102,icu,10030,1445,1172,0.07155128997943985,1
102,icu,10022,10139,1458,0.059220872423558356,1
102,icu,10031,1445,1464,0.13500107343844403,1
102,icu,10037,1445,1172,0.04093224860152917,1
102,icu,10065,10139,1458,0.05386443418253918,1
102,icu,11106,1639,1458,0.03608022434958136,1
102,icu,10456,1164,1178,0.2352975351878852,1
102,icu,10458,1176,1186,0.05565837190983097,1
102,icu,10459,1164,1178,0.11409591460209846,1
102,icu,10460,1176,1178,0.13458854524554392,2
102,icu,10468,3975,1186,0.14613989698944016,2
102,icu,11102,1639,1454,0.041526261685727706,1
102,icu,11102,1639,1458,0.028229217314968982,2
102,icu,11103,1639,1626,0.07865518901574613,1
102,icu,11221,1692,1318,0.05561398016336516,1
102,icu,11230,1293,1324,0.05727238981617436,1
102,icu,11229,1293,1324,0.17336426606052016,1
102,icu,11234,1324,1294,0.0004583419685259271,2
102,icu,11239,1286,1301,0.0005849970197306653,1
102,icu,11356,1628,1637,0.009151993137469713,1
102,icu,11357,1628,1637,0.06931566770914876,1
102,icu,11360,1628,1637,0.027953222141077674,1
102,icu,11361,1628,1637,0.04965377864357268,1
102,icu,11362,1628,1633,0.02008471968043506,1
102,icu,11363,1628,1637,0.009069103859654102,1
102,icu,11365,1628,1633,0.08553147912947759,1
102,icu,11370,1639,1626,0.06749862960817116,1
102,icu,11385,1318,1638,0.025820004906140948,2
102,icu,11419,1629,1633,0.02567761198648938,1
102,icu,11426,1633,1637,0.0047117221208177636,2
102,icu,11427,1633,1637,0.0415693620624904,3
102,icu,11428,1633,1637,0.03345113342196142,3
102,icu,11436,1629,1638,0.03235982329033216,2
102,icu,11429,1633,1637,0.04465943429256245,3
102,icu,11432,1633,1637,0.14840920719380846,2
102,icu,11433,1633,1637,0.07631668090727299,2
102,icu,11434,1629,1635,0.13627778207563054,2
102,icu,11435,1629,1638,0.12453450845043057,2
102,icu,11435,1629,1637,0.0009580773727692615,3
102,icu,11694,1635,1294,0.0002770104581970925,3
103,icu,10030,1445,1172,0.07084993338461724,1
103,icu,10022,10139,1458,0.05864038045147307,1
103,icu,10031,1445,1464,0.1336777724442706,1
103,icu,10037,1445,1172,0.04053102449353825,1
103,icu,10065,10139,1458,0.0533364468303731,1
103,icu,11106,1639,1458,0.02841989699238351,1
103,icu,10456,1164,1178,0.23299111306611847,1
103,icu,10458,1176,1186,0.042774217272930765,1
103,icu,10459,1164,1178,0.11297752914501596,1
103,icu,10460,1176,1178,0.13326928791527543,2
103,icu,10468,3975,1186,0.1352294171098426,2
103,icu,11102,1639,1454,0.04773479224773902,1
103,icu,11102,1639,1458,0.021336932969675662,2
103,icu,11103,1639,1626,0.07788419892529404,1
103,icu,11221,1692,1318,0.04203558864855436,1
103,icu,11230,1293,1324,0.05002347925575373,1
103,icu,11229,1293,1324,0.17166492323465266,1
103,icu,11236,1286,1320,0.017332773885104763,1
103,icu,11239,1286,1301,0.027788562443926936,1
103,icu,11357,1628,1637,0.06013820205713433,1
103,icu,11360,1628,1637,0.027679220418665405,1
103,icu,11361,1628,1637,0.04916706477552727,1
103,icu,11362,1628,1633,0.01988784621236643,1
103,icu,11363,1628,1637,0.008980207128331337,1
103,icu,11365,1628,1633,0.08469308660057098,1
103,icu,11370,1639,1626,0.06683699780487616,1
103,icu,11385,1318,1638,0.07298893563715575,2
103,icu,11419,1629,1633,0.004684580985604675,1
103,icu,11427,1633,1637,0.01095900059041726,3
103,icu,11428,1633,1637,0.033123240339439426,3
103,icu,11436,1629,1638,0.03204262739521286,2
103,icu,11429,1633,1637,0.04422167574521639,3
103,icu,11432,1633,1637,0.14695447763927935,2
103,icu,11433,1633,1637,0.07556861322792481,2
103,icu,11434,1629,1635,0.13494196658978805,2
103,icu,11435,1629,1638,0.12426248846655212,2
104,icu,10030,1445,1172,0.0701032492171586,1
104,icu,10022,10139,1458,0.058022372197052155,1
104,icu,10031,1445,1464,0.13226894859000646,1
104,icu,10037,1445,1172,0.040103869903061605,1
104,icu,10065,10139,1458,0.0527743364868031,1
104,icu,11106,1639,1458,0.02050678018880464,1
104,icu,10456,1164,1178,0.23053563051343048,1
104,icu,10458,1176,1186,0.02301232040126,1
104,icu,10459,1164,1178,0.11178686419642345,1
104,icu,10460,1176,1178,0.13186476906054875,2
104,icu,10468,3975,1186,0.13061818215467028,2
104,icu,11102,1639,1454,0.05395076197553153,1
104,icu,11102,1639,1458,0.014393019527964387,2
104,icu,11103,1639,1626,0.07706338095900162,1
104,icu,11221,1692,1318,0.028355483384047586,1
104,icu,11230,1293,1324,0.04252783789773734,1
104,icu,11229,1293,1324,0.16985575455708343,1
104,icu,11236,1286,1320,0.016146387088445263,1
104,icu,11239,1286,1301,0.027495700070991794,1
104,icu,11357,1628,1637,0.04139629612430574,1
104,icu,11360,1628,1637,0.02738751039627176,1
104,icu,11361,1628,1637,0.04864889535638326,1
104,icu,11362,1628,1633,0.019678249121978054,1
104,icu,11363,1628,1637,0.008885565141205911,1
104,icu,11365,1628,1633,0.08380051008233282,1
104,icu,11370,1639,1626,0.06613260577968615,1
104,icu,11385,1318,1638,0.04923534124815018,2
104,icu,11428,1633,1629,0.01675316434815957,1
104,icu,11428,1633,1637,0.007661487249162838,3
104,icu,11436,1629,1638,0.03170493162872713,2
104,icu,11429,1633,1637,0.04375562555208225,3
104,icu,11432,1633,1637,0.14540573120370082,2
104,icu,11433,1633,1637,0.07477219911208108,2
104,icu,11434,1629,1635,0.13351981945195882,2
104,icu,11435,1629,1638,0.12295289185418423,2
105,icu,10030,1445,1172,0.069313456076544,1
105,icu,10022,10139,1458,0.057368683929031015,1
105,icu,10031,1445,1464,0.13077878787022168,1
105,icu,10037,1445,1172,0.03965205402126957,1
105,icu,10065,10139,1458,0.052179773332837874,1
105,icu,11106,1639,1458,0.012349700992389703,1
105,icu,10456,1164,1178,0.2279383834288802,1
105,icu,10459,1164,1178,0.11052745754210903,1
105,icu,10460,1176,1178,0.09240855255706928,2
105,icu,10468,3975,1186,0.16669851570344263,2
105,icu,11102,1639,1454,0.0601569456089808,1
105,icu,11102,1639,1458,0.007416865166511938,2
105,icu,11103,1639,1626,0.07619517398780332,1
105,icu,11221,1692,1318,0.014611860741389704,1
105,icu,11230,1293,1324,0.04651945322144102,1
105,icu,11229,1293,1324,0.16794213555452417,1
105,icu,11239,1286,1301,0.022489198699253473,1
105,icu,11357,1628,1637,0.022278806606736506,1
105,icu,11360,1628,1637,0.027078958822827827,1
105,icu,11361,1628,1637,0.048100810006845074,1
105,icu,11362,1628,1633,0.019456551178596005,1
105,icu,11363,1628,1637,0.008785459105075263,1
105,icu,11365,1628,1633,0.08285640165965458,1
105,icu,11370,1639,1626,0.06538754647075214,1
105,icu,11385,1318,1638,0.025371457792804836,2
105,icu,11428,1633,1629,0.00913495565632718,1
105,icu,11436,1629,1638,0.0018885347522444723,2
105,icu,11429,1633,1637,0.04326266847362665,3
105,icu,11432,1633,1637,0.14376756962926376,2
105,icu,11433,1633,1637,0.07392980492027328,2
105,icu,11434,1629,1635,0.13201556624377164,2
105,icu,11435,1629,1638,0.12156768714984371,2
106,icu,10030,1445,1172,0.06848297280457182,1
106,icu,10022,10139,1458,0.056681317650750136,1
106,icu,10031,1445,1464,0.12921185409137392,1
106,icu,10037,1445,1172,0.039176960591681576,1
106,icu,10065,10139,1458,0.05155457829364712,1
106,icu,11106,1639,1458,0.003957945932416107,1
106,icu,10456,1164,1178,0.22520732621151937,1
106,icu,10459,1164,1178,0.10920316627489865,1
106,icu,10460,1176,1178,0.07686076909584202,2
106,icu,10468,3975,1186,0.15530531490146562,2
106,icu,11102,1639,1454,0.021877035953692364,1
106,icu,11102,1639,1458,0.04488713521285506,2
106,icu,11103,1639,1626,0.07528223700581238,1
106,icu,11221,1692,1318,0.0008439079027141305,1
106,icu,11230,1293,1324,0.06745311758463995,1
106,icu,11229,1293,1324,0.16592992692820357,1
106,icu,11239,1286,1301,0.0012988634947997887,1
106,icu,11357,1628,1637,0.0028257338037860624,1
106,icu,11360,1628,1637,0.026754510676713927,1
106,icu,11361,1628,1637,0.047524487307903575,1
106,icu,11362,1628,1633,0.019223431360327947,1
106,icu,11363,1628,1637,0.008680195607388705,1
106,icu,11365,1628,1633,0.08186365278448433,1
106,icu,11370,1639,1626,0.06460410171683169,1
106,icu,11385,1318,1638,0.0014653283461747713,2
106,icu,11429,1633,1629,0.029821281051431947,1
106,icu,11429,1633,1637,0.006513478490424558,3
106,icu,11432,1633,1637,0.14204500999383962,2
106,icu,11433,1633,1637,0.07304401059169945,2
106,icu,11434,1629,1635,0.13043381393171966,2
106,icu,11435,1629,1638,0.1201111167188613,2
107,icu,10030,1445,1172,0.06761396392848855,1
107,icu,10022,10139,1458,0.05596206487696708,1
107,icu,10031,1445,1464,0.12757223122597922,1
107,icu,10037,1445,1172,0.03867982787243924,1
107,icu,10065,10139,1458,0.050900380844191205,1
107,icu,11106,1639,1458,0.006308208757467293,1
107,icu,10456,1164,1178,0.22234957694302201,1
107,icu,10459,1164,1178,0.10781744195682481,1
107,icu,10460,1176,1178,0.061107842201248624,2
107,icu,10468,3975,1186,0.14361953281683204,2
107,icu,11102,1639,1454,0.029237243066951052,1
107,icu,11102,1639,1458,0.03667972981114534,2
107,icu,11103,1639,1626,0.07432694944322153,1
107,icu,11230,1293,1324,0.06015174252844421,1
107,icu,11229,1293,1324,0.16382437319121929,1
107,icu,11360,1628,1637,0.020816406202333142,1
107,icu,11361,1628,1637,0.046921429356261646,1
107,icu,11362,1628,1633,0.01897949725821801,1
107,icu,11363,1628,1637,0.008570049001304803,1
107,icu,11365,1628,1633,0.08082485090447064,1
107,icu,11370,1639,1626,0.06378431344649005,1
107,icu,11428,1633,1629,0.0054228199586164524,1
107,icu,11429,1633,1629,0.0422019139024845,1
107,icu,11432,1633,1629,0.04404047708908035,1
107,icu,11432,1633,1637,0.09620206479578514,2
107,icu,11433,1633,1637,0.07211712481339004,2
107,icu,11434,1629,1635,0.1287786851105524,2
107,icu,11435,1629,1638,0.11858697688861729,2
108,icu,10030,1445,1172,0.06670897299623443,1
108,icu,10022,10139,1458,0.055213030826583104,1
108,icu,10031,1445,1464,0.12586471837273125,1
108,icu,10037,1445,1172,0.03816211094753404,1
108,icu,10065,10139,1458,0.05021909578950939,1
108,icu,11106,1639,1458,0.03279869361231899,1
108,icu,10456,1164,1178,0.21937350012053605,1
108,icu,10459,1164,1178,0.10637434053752391,1
108,icu,10460,1176,1178,0.04518908885766862,2
108,icu,10468,3975,1186,0.131663625782133,2
108,icu,11102,1639,1454,0.048066627311905696,1
108,icu,11102,1639,1458,0.016968068307614187,2
108,icu,11103,1639,1626,0.07333210738161175,1
108,icu,11230,1293,1324,0.05262781336854219,1
108,icu,11229,1293,1324,0.16163163719992207,1
108,icu,11356,1628,1637,3.5778456789821445e-05,1
108,icu,11357,1628,1637,0.06462464906997843,1
108,icu,11360,1628,1637,0.026061455237253173,1
108,icu,11361,1628,1637,0.04629340127406356,1
108,icu,11362,1628,1633,0.018725462855862966,1
108,icu,11363,1628,1637,0.008455341680737749,1
108,icu,11365,1628,1633,0.07974303654365755,1
108,icu,11370,1639,1626,0.06293058114127895,1
108,icu,11427,1633,1629,0.01237348163915981,2
108,icu,11428,1633,1629,0.031187288961251086,1
108,icu,11429,1633,1629,0.04163705500076544,1
108,icu,11432,1633,1629,0.13836544104137247,1
108,icu,11433,1633,1629,0.01297569428074724,1
108,icu,11433,1633,1637,0.05817616625549757,2
108,icu,11434,1629,1635,0.12705502426416393,2
108,icu,11435,1629,1638,0.1169997287444154,2
109,icu,10030,1445,1172,0.06577040242047277,1
109,icu,10022,10139,1458,0.054436203905032725,1
109,icu,10031,1445,1464,0.12409384834003204,1
109,icu,10037,1445,1172,0.03762518416189264,1
109,icu,10065,10139,1458,0.04951253168677542,1
109,icu,11106,1639,1458,0.024690960704267073,1
109,icu,10456,1164,1178,0.21628699611564597,1
109,icu,10459,1164,1178,0.10487769291187082,1
109,icu,10460,1176,1178,0.05840369177715918,2
109,icu,10468,3975,1186,0.11945944685831289,2
109,icu,11102,1639,1454,0.05524302337278231,1
109,icu,11102,1639,1458,0.008876658134385054,2
109,icu,11103,1639,1626,0.07230035175481084,1
109,icu,11230,1293,1324,0.04488901475183968,1
109,icu,11229,1293,1324,0.1593575398487817,1
109,icu,11357,1628,1637,0.04457158093885713,1
109,icu,11360,1628,1637,0.025694780201668436,1
109,icu,11361,1628,1637,0.04564207024112717,1
109,icu,11362,1628,1633,0.01846200251964968,1
109,icu,11363,1628,1637,0.00833637815074907,1
109,icu,11365,1628,1633,0.07862108151481925,1
109,icu,11370,1639,1626,0.062045171141366054,1
109,icu,11428,1633,1629,0.0275184906631201,1
109,icu,11429,1633,1629,0.04105123703760637,1
109,icu,11432,1633,1629,0.06737018507294096,1
109,icu,11432,1633,1637,0.06904850539154814,2
109,icu,11433,1633,1637,0.07015078017612913,2
109,icu,11434,1629,1635,0.12526740706784223,2
109,icu,11435,1629,1638,0.11535358583680681,2
110,icu,10030,1445,1172,0.06480068839862914,1
110,icu,10022,10139,1458,0.053633600480392306,1
110,icu,10031,1445,1464,0.12226421768047553,1
110,icu,10037,1445,1172,0.0370704411876444,1
110,icu,10065,10139,1458,0.048782522526626224,1
110,icu,11106,1639,1458,0.01636894326877826,1
110,icu,10456,1164,1178,0.21309807640165476,1
110,icu,10458,1176,1186,0.017442483932722408,1
110,icu,10459,1164,1178,0.10333138384802977,1
110,icu,10460,1176,1178,0.12189061000839231,2
110,icu,10468,3975,1186,0.1070299813538845,2
110,icu,11102,1639,1454,0.062403884483226923,1
110,icu,11102,1639,1458,0.0007704211109858111,2
110,icu,11103,1639,1626,0.07123436063569549,1
110,icu,11230,1293,1324,0.036943534613225776,1
110,icu,11229,1293,1324,0.1570079838906177,1
110,icu,11357,1628,1637,0.024149032996813057,1
110,icu,11360,1628,1637,0.025315938234267123,1
110,icu,11361,1628,1637,0.04496912688256539,1
110,icu,11362,1628,1633,0.0181898000994765,1
110,icu,11363,1628,1637,0.008213467198608446,1
110,icu,11365,1628,1633,0.07746189801659421,1
110,icu,11370,1639,1626,0.06113038165811451,1
110,icu,11428,1633,1629,0.011211699887389747,1
110,icu,11436,1629,1638,0.008359339668147874,2
110,icu,11429,1633,1637,0.040445980589350214,3
110,icu,11432,1633,1637,0.13440734323052744,2
110,icu,11433,1633,1637,0.0691164821837713,2
110,icu,11434,1629,1635,0.12342047354389792,2
110,icu,11435,1629,1638,0.11365282097086045,2
111,icu,10030,1445,1172,0.06380241881542048,1
111,icu,10022,10139,1458,0.05280736246779315,1
111,icu,10031,1445,1464,0.12038070914620813,1
111,icu,10037,1445,1172,0.03649936247246005,1
111,icu,10065,10139,1458,0.04803101649121268,1
111,icu,11106,1639,1458,0.00784165090104455,1
111,icu,10456,1164,1178,0.20981525127789347,1
111,icu,10458,1176,1186,0.0028774726540394258,1
111,icu,10459,1164,1178,0.10173953999520229,1
111,icu,10460,1176,1178,0.1200128569866713,2
111,icu,10468,3975,1186,0.09439932264461223,2
111,icu,11102,1639,1454,0.062201090814038185,1
111,icu,11103,1639,1626,0.07013697884455644,1
111,icu,11230,1293,1324,0.028800496162643102,1
111,icu,11229,1293,1324,0.1545892396069962,1
111,icu,11357,1628,1637,0.0034304677066932243,1
111,icu,11360,1628,1637,0.02492594035408731,1
111,icu,11361,1628,1637,0.044276367088500204,1
111,icu,11362,1628,1633,0.01790958202444232,1
111,icu,11363,1628,1637,0.008086936837902797,1
111,icu,11365,1628,1633,0.0762685795726313,1
111,icu,11370,1639,1626,0.06018865399862064,1
111,icu,11429,1633,1629,0.026840714527526413,1
111,icu,11429,1633,1637,0.0076525729544067445,3
111,icu,11432,1633,1637,0.13233676704032513,2
111,icu,11433,1633,1637,0.06805172679972352,2
111,icu,11434,1629,1635,0.12151915262079041,2
111,icu,11435,1629,1638,0.11190197299339559,2
112,icu,10030,1445,1172,0.06277798374354907,1
112,icu,10022,10139,1458,0.05195946805925142,1
112,icu,10031,1445,1464,0.11844783226292105,1
112,icu,10037,1445,1172,0.03591331530196159,1
112,icu,10065,10139,1458,0.04725981284807839,1
112,icu,10456,1164,1178,0.20644638053579178,1
112,icu,10459,1164,1178,0.10010597257092214,1
112,icu,10460,1176,1178,0.09962908424978799,2
112,icu,10468,3975,1186,0.08817892526010004,2
112,icu,11102,1639,1454,0.0603198882750369,1
112,icu,11103,1639,1626,0.0690108337500996,1
112,icu,11230,1293,1324,0.020468431879839377,1
112,icu,11229,1293,1324,0.15210709799343933,1
112,icu,11360,1628,1637,0.006979363032951946,1
112,icu,11361,1628,1637,0.04356544947530229,1
112,icu,11362,1628,1633,0.01762201919705995,1
112,icu,11363,1628,1637,0.007957090009607407,1
112,icu,11365,1628,1633,0.07504398324467619,1
112,icu,11370,1639,1626,0.059222242862025654,1
112,icu,11429,1633,1629,0.01710811314020706,1
112,icu,11432,1633,1629,0.0340133296928776,1
112,icu,11432,1633,1637,0.0961985896070133,2
112,icu,11433,1633,1637,0.06695906327803586,2
112,icu,11434,1629,1635,0.11956799647091192,2
112,icu,11435,1629,1638,0.11010523381211655,2
113,icu,10030,1445,1172,0.06172996509682109,1
113,icu,10022,10139,1458,0.05109205422795331,1
113,icu,10031,1445,1464,0.11647045851700481,1
113,icu,10037,1445,1172,0.03531377670804896,1
113,icu,10065,10139,1458,0.04647085528442057,1
113,icu,10456,1164,1178,0.20299995483924746,1
113,icu,10459,1164,1178,0.09843479870315759,1
113,icu,10460,1176,1178,0.03521298050818422,2
113,icu,10468,3975,1186,0.12276321765785095,2
113,icu,11102,1639,1454,0.05038709356096117,1
113,icu,11103,1639,1626,0.06785876360888897,1
113,icu,11230,1293,1324,0.023682423333929836,1
113,icu,11229,1293,1324,0.14956781486437287,1
113,icu,11361,1628,1637,0.02821279758607502,1
113,icu,11362,1628,1633,0.01732783637037089,1
113,icu,11363,1628,1637,0.007824253970498102,1
113,icu,11365,1628,1633,0.07379119541882881,1
113,icu,11370,1639,1626,0.058233583922707076,1
113,icu,11432,1633,1629,0.07564880095479756,1
113,icu,11432,1633,1637,0.051924804212966386,2
113,icu,11433,1633,1637,0.06584124549068089,2
113,icu,11434,1629,1635,0.11757192265042549,2
113,icu,11435,1629,1638,0.10826713180156416,2
114,icu,10030,1445,1172,0.060660751242215566,1
114,icu,10022,10139,1458,0.050207097754138647,1
114,icu,10031,1445,1464,0.11445309421583738,1
114,icu,10037,1445,1172,0.034702113000553425,1
114,icu,10065,10139,1458,0.04566594178369952,1
114,icu,10456,1164,1178,0.1994838283703926,1
114,icu,10459,1164,1178,0.09672982688949068,1
114,icu,10460,1176,1178,0.017864663193113875,2
114,icu,10468,3975,1186,0.10998692042592648,2
114,icu,11102,1639,1454,0.040255883540999605,1
114,icu,11103,1639,1626,0.06668339391455616,1
114,icu,11230,1293,1324,0.04389717111039612,1
114,icu,11229,1293,1324,0.14697717708245878,1
114,icu,11361,1628,1637,0.005679075972194206,1
114,icu,11362,1628,1633,0.017027703968084923,1
114,icu,11363,1628,1637,0.007688731445350266,1
114,icu,11365,1628,1633,0.07251307111783552,1
114,icu,11370,1639,1626,0.05722493027069491,1
114,icu,11432,1633,1629,0.10037698865098649,1
114,icu,11432,1633,1637,0.007251908402503254,2
114,icu,11433,1633,1637,0.06470082087238244,2
114,icu,11434,1629,1635,0.11553548008297426,2
114,icu,11435,1629,1638,0.10639185587780382,2
115,icu,10030,1445,1172,0.05957283292321608,1
115,icu,10022,10139,1458,0.049306660152032056,1
115,icu,10031,1445,1464,0.11240043882806615,1
115,icu,10037,1445,1172,0.034079749055693165,1
115,icu,10065,10139,1458,0.044846947399299654,1
115,icu,10456,1164,1178,0.1959061919780944,1
115,icu,10459,1164,1178,0.09499502887740324,1
115,icu,10460,1176,1178,0.00046069578855294224,2
115,icu,10468,3975,1186,0.09703287658094599,2
115,icu,11102,1639,1454,0.040906332722392115,1
115,icu,11103,1639,1626,0.06548746270158733,1
115,icu,11230,1293,1324,0.03593656912244783,1
115,icu,11229,1293,1324,0.14434121956217738,1
115,icu,11362,1628,1633,0.01103561216376002,1
115,icu,11363,1628,1637,0.00755083813512956,1
115,icu,11365,1628,1633,0.07121258774398131,1
115,icu,11370,1639,1626,0.056198631573925205,1
115,icu,11432,1633,1629,0.10944968975216923,1
115,icu,11433,1633,1629,0.05474577151820584,1
115,icu,11433,1633,1637,0.008794674534545549,2
115,icu,11434,1629,1635,0.11346341268020206,2
115,icu,11435,1629,1638,0.10448377451330426,2
116,icu,10030,1445,1172,0.05846858160966526,1
116,icu,10022,10139,1458,0.04839270421661662,1
116,icu,10031,1445,1464,0.11031696678000093,1
116,icu,10037,1445,1172,0.033448041516977715,1
116,icu,10065,10139,1458,0.04401565739436988,1
116,icu,11106,1639,1458,0.008737331244524374,1
116,icu,10456,1164,1178,0.19227484427798788,1
116,icu,10459,1164,1178,0.09323418622024988,1
116,icu,10468,3975,1176,0.016960902554169238,1
116,icu,10468,3975,1186,0.06696164295908855,2
116,icu,11102,1639,1454,0.05700112349959697,1
116,icu,11103,1639,1626,0.06427357688886216,1
116,icu,11230,1293,1324,0.02781258448740423,1
116,icu,11229,1293,1324,0.1416656882254941,1
116,icu,11360,1628,1637,0.02119637469855388,1
116,icu,11361,1628,1637,0.04057489403313636,1
116,icu,11362,1628,1633,0.01641235360089536,1
116,icu,11363,1628,1637,0.007410874622904559,1
116,icu,11365,1628,1633,0.06989258012139606,1
116,icu,11370,1639,1626,0.05515692498234425,1
116,icu,11429,1633,1629,0.02775660138932407,1
116,icu,11432,1633,1629,0.12127350666815809,1
116,icu,11433,1633,1629,0.0623626504440082,1
116,icu,11434,1629,1635,0.011886474420383764,2
116,icu,11435,1629,1638,0.10254704698853177,2
117,icu,10030,1445,1172,0.05735035293172154,1
117,icu,10022,10139,1458,0.047467179632840445,1
117,icu,10031,1445,1464,0.10820712261205605,1
117,icu,10037,1445,1172,0.032808337966530134,1
117,icu,10065,10139,1458,0.04317384510780685,1
117,icu,11106,1639,1458,0.00010500933382402711,1
117,icu,10456,1164,1178,0.18859753179665917,1
117,icu,10459,1164,1178,0.09145105521337431,1
117,icu,10468,3975,1176,0.005101301962102178,1
117,icu,10468,3975,1186,0.06557620728514577,2
117,icu,11102,1639,1454,0.05591096038605011,1
117,icu,11103,1639,1626,0.06304432598294887,1
117,icu,11230,1293,1324,0.01953276097068718,1
117,icu,11229,1293,1324,0.13895629061581796,1
117,icu,11361,1628,1637,0.03902393610818533,1
117,icu,11362,1628,1633,0.016098462550970517,1
117,icu,11363,1628,1637,0.007269139484068776,1
117,icu,11365,1628,1633,0.0685558641396575,1
117,icu,11370,1639,1626,0.054102032703372806,1
117,icu,11429,1633,1629,0.009876162326321526,1
117,icu,11432,1633,1629,0.11895411547894688,1
117,icu,11433,1633,1629,0.06116994656374951,1
117,icu,11434,1629,1635,0.08734269212403838,2
117,icu,11435,1629,1638,0.10058580480300111,2
118,icu,10030,1445,1172,0.056220465023221734,1
118,icu,10022,10139,1458,0.04653200505106261,1
118,icu,10031,1445,1464,0.10607528011758217,1
118,icu,10037,1445,1172,0.032161964536004076,1
118,icu,10065,10139,1458,0.04232325565094977,1
118,icu,10456,1164,1178,0.18488187775345474,1
118,icu,10459,1164,1178,0.08964933236036661,1
118,icu,10460,1176,1178,0.0746200500968174,2
118,icu,10468,3975,1186,0.057320069084686995,2
118,icu,11102,1639,1454,0.046124726100527626,1
118,icu,11103,1639,1626,0.0618022582713088,1
118,icu,11230,1293,1324,0.011104930968857757,1
118,icu,11229,1293,1324,0.13621864342533388,1
118,icu,11361,1628,1637,0.01608703561322752,1
118,icu,11362,1628,1633,0.015781298710611347,1
118,icu,11363,1628,1637,0.0071259265413685605,1
118,icu,11365,1628,1633,0.06720521086572953,1
118,icu,11370,1639,1626,0.053036141571899224,1
118,icu,11432,1633,1629,0.08024517334632886,1
118,icu,11432,1633,1637,0.028212960161908496,2
118,icu,11433,1633,1637,0.05996480693595603,2
118,icu,11434,1629,1635,0.10707843678047972,2
118,icu,11435,1629,1638,0.09860411369206865,2
119,icu,10030,1445,1172,0.05508112277203645,1
119,icu,10022,10139,1458,0.04558900539132758,1
119,icu,10031,1445,1464,0.10392559942044892,1
119,icu,10037,1445,1172,0.03151018257258814,1
119,icu,10065,10139,1458,0.041465548882588354,1
119,icu,10456,1164,1178,0.18113513295659156,1
119,icu,10459,1164,1178,0.08783253358243888,1
119,icu,10460,1176,1178,0.057113299306950985,2
119,icu,10468,3975,1186,0.0438720994917844,2
119,icu,11102,1639,1454,0.03607476470653691,1
119,icu,11103,1639,1626,0.06054979755192338,1
119,icu,11230,1293,1324,0.002537064329844768,1
119,icu,11229,1293,1324,0.13345808895838807,1
119,icu,11362,1628,1633,0.008459041971523043,1
119,icu,11363,1628,1637,0.0069815152636590935,1
119,icu,11365,1628,1633,0.06584325599382453,1
119,icu,11370,1639,1626,0.05196133159108973,1
119,icu,11432,1633,1629,0.08094474323964407,1
119,icu,11433,1633,1629,0.02456124669856749,1
119,icu,11433,1633,1637,0.034188336597774684,2
119,icu,11434,1629,1635,0.10490842649748969,2
119,icu,11435,1629,1638,0.09660584077092423,2
120,icu,10030,1445,1172,0.05393453543962949,1
120,icu,10022,10139,1458,0.044640009193572756,1
120,icu,10031,1445,1464,0.10176224889650531,1
120,icu,10037,1445,1172,0.030854255925466447,1
120,icu,10065,10139,1458,0.04060238795399135,1
120,icu,10456,1164,1178,0.17736456259691621,1
120,icu,10459,1164,1178,0.08600418177494885,1
120,icu,10460,1176,1178,0.03293076734272367,2
120,icu,10468,3975,1186,0.03694400746005469,2
120,icu,11102,1639,1454,0.025876148815961057,1
120,icu,11103,1639,1626,0.0592893724305951,1
120,icu,11229,1293,1324,0.12451712915219282,1
120,icu,11365,1628,1633,0.05624266688105692,1
120,icu,11370,1639,1626,0.050879686889983754,1
120,icu,11432,1633,1629,0.043962707370625465,1
120,icu,11433,1633,1629,0.05752663204550145,1
120,icu,11434,1629,1635,0.07332543630777597,2
120,icu,11435,1629,1638,0.09459486082552813,2
121,icu,10030,1445,1172,0.0527827546558261,1
121,icu,10022,10139,1458,0.043686714530721454,1
121,icu,10031,1445,1464,0.0995890995064117,1
121,icu,10037,1445,1172,0.03019535826770722,1
121,icu,10065,10139,1458,0.03973531734995726,1
121,icu,10456,1164,1178,0.17357691349116872,1
121,icu,10459,1164,1178,0.08416754847334199,1
121,icu,10468,3975,1176,0.03226792251955783,1
121,icu,10468,3975,1186,0.038659226703211105,2
121,icu,11102,1639,1454,0.015539218080243361,1
121,icu,11103,1639,1626,0.058023238231186644,1
121,icu,11229,1293,1324,0.12462795762041523,1
121,icu,11365,1628,1633,0.031117066430411414,1
121,icu,11370,1639,1626,0.0497931428942278,1
121,icu,11433,1633,1629,0.05615044043463872,1
121,icu,11434,1629,1635,0.0003295535034975733,2
121,icu,11435,1629,1638,0.09257477217440119,2
122,icu,10030,1445,1172,0.05162784037542211,1
122,icu,10022,10139,1458,0.042730826366027236,1
122,icu,10031,1445,1464,0.09741003791816183,1
122,icu,10037,1445,1172,0.02953466803483321,1
122,icu,10065,10139,1458,0.03886588782239498,1
122,icu,10456,1164,1178,0.16977895983288474,1
122,icu,10459,1164,1178,0.08232591848808829,1
122,icu,10468,3975,1176,0.050262602425614714,1
122,icu,10468,3975,1186,0.007391740271534053,2
122,icu,11102,1639,1454,0.005074219357469829,1
122,icu,11103,1639,1626,0.056753659429067745,1
122,icu,11230,1293,1324,0.016695338077593685,1
122,icu,11229,1293,1324,0.12509100335642634,1
122,icu,11365,1628,1633,0.005949660473856901,1
122,icu,11370,1639,1626,0.048703642882913165,1
122,icu,11433,1633,1629,0.01073610382876937,1
122,icu,11435,1629,1638,0.01776353807555106,2
123,icu,10030,1445,1172,0.05047168489626919,1
123,icu,10022,10139,1458,0.041773910898082654,1
123,icu,10031,1445,1464,0.09522863446908027,1
123,icu,10037,1445,1172,0.0288732677510884,1
123,icu,10065,10139,1458,0.03799552390960585,1
123,icu,10456,1164,1178,0.16597692447311943,1
123,icu,10459,1164,1178,0.08048230928336135,1
123,icu,10468,3975,1176,0.04430496377797316,1
123,icu,11102,1639,1454,0.005458896310091478,1
123,icu,11103,1639,1626,0.05548271619701008,1
123,icu,11230,1293,1324,0.008529245759396425,1
123,icu,11229,1293,1324,0.12228971149777793,1
123,icu,11370,1639,1626,0.04761297197426531,1
123,icu,11433,1633,1629,0.012150183498187535,1
124,icu,10030,1445,1172,0.04931617426846409,1
124,icu,10022,10139,1458,0.04081752915439957,1
124,icu,10031,1445,1464,0.09304844770839373,1
124,icu,10037,1445,1172,0.028212236366572236,1
124,icu,10065,10139,1458,0.0371256454465269,1
124,icu,10456,1164,1178,0.16217700971708818,1
124,icu,10459,1164,1178,0.07863972836064492,1
124,icu,10468,3975,1176,0.030897659554334003,1
124,icu,11102,1639,1454,0.03009137194905811,1
124,icu,11103,1639,1626,0.05421248183972834,1
124,icu,11230,1293,1324,0.0002508981146560618,1
124,icu,11229,1293,1324,0.1194899820733032,1
124,icu,11365,1628,1633,0.04935314536029051,1
124,icu,11370,1639,1626,0.046522909392627265,1
124,icu,11432,1633,1629,0.04280589157661705,1
124,icu,11433,1633,1629,0.05260068317839299,1
125,icu,10030,1445,1172,0.04816303395756678,1
125,icu,10022,10139,1458,0.039863109251449744,1
125,icu,10031,1445,1464,0.09087273319869013,1
125,icu,10037,1445,1172,0.02755256096600774,1
125,icu,10065,10139,1458,0.03625755137865741,1
125,icu,10456,1164,1178,0.15838488978524773,1
125,icu,10459,1164,1178,0.0768009271528095,1
125,icu,10468,3975,1176,0.01745036116350912,1
125,icu,11102,1639,1454,0.020232912003239706,1
125,icu,11103,1639,1626,0.0529448531339235,1
125,icu,11229,1293,1324,0.10856193699969037,1
125,icu,11365,1628,1633,0.032331069495749404,1
125,icu,11370,1639,1626,0.0454350828733028,1
125,icu,11432,1633,1629,0.006970354516298655,1
125,icu,11433,1633,1629,0.051370742513824244,1
126,icu,10030,1445,1172,0.04701396187340147,1
126,icu,10022,10139,1458,0.038912056498642905,1
126,icu,10031,1445,1464,0.08870469451112709,1
126,icu,10037,1445,1172,0.02689521287034592,1
126,icu,10065,10139,1458,0.035392519907298886,1
126,icu,10456,1164,1178,0.15460614828058727,1
126,icu,10459,1164,1178,0.07496861315226173,1
126,icu,10468,3975,1176,0.003981776611395052,1
126,icu,11102,1639,1454,0.01026694925560171,1
126,icu,11103,1639,1626,0.05168169656471685,1
126,icu,11229,1293,1324,0.09729220626622957,1
126,icu,11365,1628,1633,0.007377216731132882,1
126,icu,11370,1639,1626,0.04435109415661509,1
126,icu,11433,1633,1629,0.013312115059475958,1
127,icu,10030,1445,1172,0.045870511268095125,1
127,icu,10022,10139,1458,0.03796565647651967,1
127,icu,10031,1445,1464,0.0865472622805614,1
127,icu,10037,1445,1172,0.02624108064640673,1
127,icu,10065,10139,1458,0.03453172033417859,1
127,icu,10456,1164,1178,0.15084589309699814,1
127,icu,10459,1164,1178,0.0731452631797841,1
127,icu,11102,1639,1454,0.00020098651529353723,1
127,icu,11103,1639,1626,0.05042471959733605,1
127,icu,11229,1293,1324,0.08594145892260095,1
127,icu,11370,1639,1626,0.04327240851859248,1
128,icu,10030,1445,1172,0.04473418485105774,1
128,icu,10022,10139,1458,0.037025152932918616,1
128,icu,10031,1445,1464,0.08440327177919395,1
128,icu,10037,1445,1172,0.02559102394710719,1
128,icu,10065,10139,1458,0.03367628391202634,1
128,icu,10456,1164,1178,0.14710906591785705,1
128,icu,10459,1164,1178,0.07133327346058184,1
128,icu,11103,1639,1626,0.03921790929551185,1
128,icu,11229,1293,1324,0.07451919620062132,1
128,icu,11370,1639,1626,0.04220044355528259,1
129,icu,10030,1445,1172,0.04360636189922517,1
129,icu,10022,10139,1458,0.0360916874542944,1
129,icu,10031,1445,1464,0.08227532539011188,1
129,icu,10037,1445,1172,0.02494583181351761,1
129,icu,10065,10139,1458,0.0328272489725305,1
129,icu,10456,1164,1178,0.14340020251692068,1
129,icu,10459,1164,1178,0.06953484339404423,1
129,icu,11103,1639,1626,0.0277344925363966,1
129,icu,11229,1293,1324,0.07476021993314483,1
129,icu,11370,1639,1626,0.04113650042146604,1
130,icu,10030,1445,1172,0.0424883476585137,1
130,icu,10022,10139,1458,0.035166340353830934,1
130,icu,10031,1445,1464,0.08016588581664107,1
130,icu,10037,1445,1172,0.024306250935884215,1
130,icu,10065,10139,1458,0.03198559811618326,1
130,icu,10456,1164,1178,0.13972359521578107,1
130,icu,10459,1164,1178,0.06775205432946131,1
130,icu,11103,1639,1626,0.016184198065551672,1
130,icu,11229,1293,1324,0.09211913150845777,1
130,icu,11370,1639,1626,0.040081810434016076,1
131,icu,10030,1445,1172,0.04138135042238234,1
131,icu,10022,10139,1458,0.03425011170004979,1
131,icu,10031,1445,1464,0.07807723283478615,1
131,icu,10037,1445,1172,0.023672972540993577,1
131,icu,10065,10139,1458,0.031152240956822702,1
131,icu,10456,1164,1178,0.13608321750635957,1
131,icu,10459,1164,1178,0.06598683301542638,1
131,icu,11103,1639,1626,0.015543433721374185,1
131,icu,11229,1293,1324,0.08141889047088154,1
131,icu,11370,1639,1626,0.039037513448729445,1
132,icu,10030,1445,1172,0.040286480325342766,1
132,icu,10022,10139,1458,0.0333439203182343,1
132,icu,10031,1445,1464,0.07601146101685712,1
132,icu,10037,1445,1172,0.023046631701977516,1
132,icu,10065,10139,1458,0.0303280132133765,1
132,icu,10456,1164,1178,0.13248272008334513,1
132,icu,10459,1164,1178,0.06424094967596299,1
132,icu,11103,1639,1626,0.03920852080760702,1
132,icu,11229,1293,1324,0.07067035532098509,1
132,icu,11370,1639,1626,0.038004656722171855,1
133,icu,10030,1445,1172,0.039204779123879575,1
133,icu,10022,10139,1458,0.0324486284392106,1
133,icu,10031,1445,1464,0.07397053592131868,1
133,icu,10037,1445,1172,0.022427824375043405,1
133,icu,10065,10139,1458,0.02951369912919814,1
133,icu,10456,1164,1178,0.1289255287792163,1
133,icu,10459,1164,1178,0.06251606549927523,1
133,icu,11103,1639,1626,0.02843920730784421,1
133,icu,11229,1293,1324,0.059879637317095905,1
133,icu,11370,1639,1626,0.03698422300580897,1
134,icu,10030,1445,1172,0.03813717030727172,1
134,icu,10022,10139,1458,0.03156500040755992,1
134,icu,10031,1445,1464,0.07195619996321335,1
134,icu,10037,1445,1172,0.021817078859440068,1
134,icu,10065,10139,1458,0.028709993915058796,1
134,icu,10456,1164,1178,0.12541468050289778,1
134,icu,10459,1164,1178,0.060813653084304954,1
134,icu,11103,1639,1626,0.017616924944652564,1
134,icu,11229,1293,1324,0.049052606560135256,1
134,icu,11370,1639,1626,0.03597708348254757,1
135,icu,10030,1445,1172,0.03708453261173785,1
135,icu,10022,10139,1458,0.03069376352708785,1
135,icu,10031,1445,1464,0.06997011111869808,1
135,icu,10037,1445,1172,0.02121489785259429,1
135,icu,10065,10139,1458,0.027917559091236097,1
135,icu,10456,1164,1178,0.12195306499217609,1
135,icu,10459,1164,1178,0.059135113666621594,1
135,icu,11103,1639,1626,0.006747515382168487,1
135,icu,11229,1293,1324,0.03819536842903397,1
135,icu,11370,1639,1626,0.0349840671170445,1
136,icu,10030,1445,1172,0.03604761553545116,1
136,icu,10022,10139,1458,0.02983553813511758,1
136,icu,10031,1445,1464,0.06801368352101843,1
136,icu,10037,1445,1172,0.02062171011890097,1
136,icu,10065,10139,1458,0.027136958886481658,1
136,icu,10456,1164,1178,0.11854314698350575,1
136,icu,10459,1164,1178,0.05748164239839625,1
136,icu,11229,1293,1324,0.027313330941491257,1
136,icu,11370,1639,1626,0.029842061233965815,1
137,icu,10030,1445,1172,0.03502714094690097,1
137,icu,10022,10139,1458,0.028990921700705576,1
137,icu,10031,1445,1464,0.06608827917246628,1
137,icu,10037,1445,1172,0.020037928616679527,1
137,icu,10065,10139,1458,0.02636873672968043,1
137,icu,10456,1164,1178,0.11518730035269409,1
137,icu,10459,1164,1178,0.055854390373418224,1
137,icu,11229,1293,1324,0.02813772334221752,1
137,icu,11370,1639,1626,0.017932079607191932,1
138,icu,10030,1445,1172,0.03402369871326371,1
138,icu,10022,10139,1458,0.028160402439351674,1
138,icu,10031,1445,1464,0.06419501101876245,1
138,icu,10037,1445,1172,0.019463890790438847,1
138,icu,10065,10139,1458,0.025613336677979534,1
138,icu,10456,1164,1178,0.1118874648871683,1
138,icu,10459,1164,1178,0.054254298195763356,1
138,icu,11229,1293,1324,0.04611925940044301,1
138,icu,11370,1639,1626,0.006007363622363045,1
139,icu,10030,1445,1172,0.033037861484348494,1
139,icu,10022,10139,1458,0.02734445431625343,1
139,icu,10031,1445,1464,0.0623349595203565,1
139,icu,10037,1445,1172,0.018899924235172047,1
139,icu,10065,10139,1458,0.024871189827142058,1
139,icu,10456,1164,1178,0.10864552375477418,1
139,icu,10459,1164,1178,0.05268227901463887,1
139,icu,11229,1293,1324,0.03607744434988605,1
139,icu,11370,1639,1626,0.005041686855139043,1
140,icu,10030,1445,1172,0.03207007551393232,1
140,icu,10022,10139,1458,0.026543446682375762,1
140,icu,10031,1445,1464,0.06050896665702178,1
140,icu,10037,1445,1172,0.018346284238667025,1
140,icu,10065,10139,1458,0.0241426321208974,1
140,icu,10456,1164,1178,0.1054629444680307,1
140,icu,10459,1164,1178,0.05113904442773705,1
140,icu,11229,1293,1324,0.0260195289302875,1
140,icu,11370,1639,1626,0.028428476090298346,1
141,icu,10030,1445,1172,0.031120772291241678,1
141,icu,10022,10139,1458,0.025757736668504738,1
141,icu,10031,1445,1464,0.05871784655116995,1
141,icu,10037,1445,1172,0.017803217642375448,1
141,icu,10065,10139,1458,0.023427988388092787,1
141,icu,10456,1164,1178,0.10234114598600183,1
141,icu,10459,1164,1178,0.049625282489151025,1
141,icu,11229,1293,1324,0.015948307993588,1
141,icu,11370,1639,1626,0.017424838616068555,1
142,icu,10030,1445,1172,0.03019027211546382,1
142,icu,10022,10139,1458,0.0249875893767414,1
142,icu,10031,1445,1464,0.05696220353479989,1
142,icu,10037,1445,1172,0.017270907679415307,1
142,icu,10065,10139,1458,0.02272749975274561,1
142,icu,10456,1164,1178,0.09928118161756992,1
142,icu,10459,1164,1178,0.04814150394898361,1
142,icu,11229,1293,1324,0.005866373694126931,1
142,icu,11370,1639,1626,0.006409495911592403,1
143,icu,10030,1445,1172,0.029278872805689544,1
143,icu,10022,10139,1458,0.02423325130308024,1
143,icu,10031,1445,1464,0.05524259952506171,1
143,icu,10037,1445,1172,0.016749524722746566,1
143,icu,10065,10139,1458,0.022041390415660923,1
143,icu,10456,1164,1178,0.09628403074546897,1
143,icu,10459,1164,1178,0.04668818371050436,1
144,icu,10030,1445,1172,0.028386788071170965,1
144,icu,10022,10139,1458,0.02349489932830649,1
144,icu,10031,1445,1464,0.053559437742895885,1
144,icu,10037,1445,1172,0.016239191028728804,1
144,icu,10065,10139,1458,0.021369821259024733,1
144,icu,10456,1164,1178,0.09335039615591402,1
144,icu,10459,1164,1178,0.0452656625551665,1
145,icu,10030,1445,1172,0.027514188075030623,1
145,icu,10022,10139,1458,0.022772674291370414,1
145,icu,10031,1445,1464,0.051913039247562284,1
145,icu,10037,1445,1172,0.01574000394234681,1
145,icu,10065,10139,1458,0.020712920383117516,1
145,icu,10456,1164,1178,0.09048083743299265,1
145,icu,10459,1164,1178,0.0438742118256265,1
146,icu,10030,1445,1172,0.02666120113933446,1
146,icu,10022,10139,1458,0.02206668240062547,1
146,icu,10031,1445,1464,0.050303646153726504,1
146,icu,10037,1445,1172,0.015252036872629344,1
146,icu,10065,10139,1458,0.020070784389907965,1
146,icu,10456,1164,1178,0.0876757765658238,1
146,icu,10459,1164,1178,0.04251403614465889,1
147,icu,10030,1445,1172,0.025827880403278672,1
147,icu,10022,10139,1458,0.021376967637802235,1
147,icu,10031,1445,1464,0.048731358723012506,1
147,icu,10037,1445,1172,0.0147753202188437,1
147,icu,10065,10139,1458,0.019443453283045743,1
147,icu,10456,1164,1178,0.08493538830348467,1
147,icu,10459,1164,1178,0.04118522024819497,1
148,icu,10030,1445,1172,0.02501427818747464,1
148,icu,10022,10139,1458,0.020703573307113025,1
148,icu,10031,1445,1464,0.04719627567256015,1
148,icu,10037,1445,1172,0.014309883911970479,1
148,icu,10065,10139,1458,0.018830966449942706,1
148,icu,10456,1164,1178,0.08225984470312332,1
148,icu,10459,1164,1178,0.03988784756684809,1
149,icu,10030,1445,1172,0.024220349517746136,1
149,icu,10022,10139,1458,0.020046462184771168,1
149,icu,10031,1445,1464,0.04569831214628826,1
149,icu,10037,1445,1172,0.013855702223694186,1
149,icu,10065,10139,1458,0.01823329003364734,1
149,icu,10456,1164,1178,0.0796489978664584,1
149,icu,10459,1164,1178,0.03862184638465374,1
150,icu,10030,1445,1172,0.02344607355516423,1
150,icu,10022,10139,1458,0.019405617023015638,1
150,icu,10031,1445,1464,0.044237428825859244,1
150,icu,10037,1445,1172,0.013412763232717255,1
150,icu,10065,10139,1458,0.017650408346432486,1
150,icu,10456,1164,1178,0.07710277926434654,1
150,icu,10459,1164,1178,0.03738718347178959,1
151,icu,10030,1445,1172,0.02269132982925201,1
151,icu,10022,10139,1458,0.018780938112019457,1
151,icu,10031,1445,1464,0.04281339841077717,1
151,icu,10037,1445,1172,0.012980998021658717,1
151,icu,10065,10139,1458,0.01708223069707403,1
151,icu,10456,1164,1178,0.07462079272774186,1
151,icu,10459,1164,1178,0.03618366672564993,1
152,icu,10030,1445,1172,0.02195602370300871,1
152,icu,10022,10139,1458,0.018172347123554703,1
152,icu,10031,1445,1464,0.041426042342462624,1
152,icu,10037,1445,1172,0.012560352451658976,1
152,icu,10065,10139,1458,0.016528685842013682,1
152,icu,10456,1164,1178,0.07220272704138854,1
152,icu,10459,1164,1178,0.035011145237772316,1
153,icu,10030,1445,1172,0.021239983968917506,1
153,icu,10022,10139,1458,0.01757970235425706,1
153,icu,10031,1445,1464,0.04007503759112037,1
153,icu,10037,1445,1172,0.012150728580268036,1
153,icu,10065,10139,1458,0.015989644894741854,1
153,icu,10456,1164,1178,0.0698480191866921,1
153,icu,10459,1164,1178,0.03386934600010581,1
154,icu,10030,1445,1172,0.02054303755640108,1
154,icu,10022,10139,1458,0.017002860558762507,1
154,icu,10031,1445,1464,0.03876005761178212,1
154,icu,10037,1445,1172,0.01175202739923743,1
154,icu,10065,10139,1458,0.015464977566220806,1
154,icu,10456,1164,1178,0.0675561000183546,1
154,icu,10459,1164,1178,0.03275799303375731,1
155,icu,10030,1445,1172,0.01986498967343728,1
155,icu,10022,10139,1458,0.016441660513513822,1
155,icu,10031,1445,1464,0.03748073487603435,1
155,icu,10037,1445,1172,0.011364137474161443,1
155,icu,10065,10139,1458,0.014954537215319951,1
155,icu,10456,1164,1178,0.06532632895976724,1
155,icu,10459,1164,1178,0.031676775722748636,1
156,icu,10030,1445,1172,0.019205592669951078,1
156,icu,10022,10139,1458,0.015895897245917192,1
156,icu,10031,1445,1464,0.036236602124293464,1
156,icu,10037,1445,1172,0.010986917132200364,1
156,icu,10065,10139,1458,0.014458137408906228,1
156,icu,10456,1164,1178,0.06315789160978845,1
156,icu,10459,1164,1178,0.03062529916348241,1
157,icu,10030,1445,1172,0.018564632192248083,1
157,icu,10022,10139,1458,0.015365393341801712,1
157,icu,10031,1445,1464,0.035027254919702384,1
157,icu,10037,1445,1172,0.010620243748329403,1
157,icu,10065,10139,1458,0.013975616779651855,1
157,icu,10456,1164,1178,0.06105008306294465,1
157,icu,10459,1164,1178,0.029603221546875714,1
158,icu,10030,1445,1172,0.01794180856637923,1
158,icu,10022,10139,1458,0.014849900769961896,1
158,icu,10031,1445,1464,0.03385212784541371,1
158,icu,10037,1445,1172,0.010263945888482354,1
158,icu,10065,10139,1458,0.013506749730398325,1
158,icu,10456,1164,1178,0.05900191783677144,1
158,icu,10459,1164,1178,0.028610065011896092,1
159,icu,10030,1445,1172,0.017336873726223397,1
159,icu,10022,10139,1458,0.014349214213454971,1
159,icu,10031,1445,1464,0.0327107528568591,1
159,icu,10037,1445,1172,0.009917881641812589,1
159,icu,10065,10139,1458,0.013051349514809454,1
159,icu,10456,1164,1178,0.05701258016195319,1
159,icu,10459,1164,1178,0.027645433991517743,1
160,icu,10030,1445,1172,0.016749508457797924,1
160,icu,10022,10139,1458,0.01386306946837142,1
160,icu,10031,1445,1464,0.03160252766957479,1
160,icu,10037,1445,1172,0.009581868396013611,1
160,icu,10065,10139,1458,0.0126091758258193,1
160,icu,10456,1164,1178,0.05508102029831974,1
160,icu,10459,1164,1178,0.02670881946610851,1
161,icu,10030,1445,1172,0.016179412184259313,1
161,icu,10022,10139,1458,0.01339121775620694,1
161,icu,10031,1445,1464,0.03052688516315619,1
161,icu,10037,1445,1172,0.009255734200501652,1
161,icu,10065,10139,1458,0.012180002386562578,1
161,icu,10456,1164,1178,0.05320624979422431,1
161,icu,10459,1164,1178,0.02579974213487764,1
162,icu,10030,1445,1172,0.015626280376816248,1
162,icu,10022,10139,1458,0.012933407027547672,1
162,icu,10031,1445,1464,0.029483250760768496,1
162,icu,10037,1445,1172,0.00893930484390754,1
162,icu,10065,10139,1458,0.011763599945113272,1
162,icu,10456,1164,1178,0.051387267201977935,1
162,icu,10459,1164,1178,0.024917716395245783,1
163,icu,10030,1445,1172,0.015089759315513799,1
163,icu,10022,10139,1458,0.012489344518918201,1
163,icu,10031,1445,1464,0.028470957072996038,1
163,icu,10037,1445,1172,0.008632377974140432,1
163,icu,10065,10139,1458,0.011359702218009035,1
163,icu,10456,1164,1178,0.04962290930798147,1
163,icu,10459,1164,1178,0.02406217820424767,1
164,icu,10030,1445,1172,0.014569551482601077,1
164,icu,10022,10139,1458,0.012058783983734108,1
164,icu,10031,1445,1464,0.027489442751248882,1
164,icu,10037,1445,1172,0.008334783390627475,1
164,icu,10065,10139,1458,0.010968085231296143,1
164,icu,10456,1164,1178,0.047912197720461985,1
164,icu,10459,1164,1178,0.023232653139131337,1
165,icu,10030,1445,1172,0.014065281890913519,1
165,icu,10022,10139,1458,0.011641415056283745,1
165,icu,10031,1445,1464,0.02653800027970507,1
165,icu,10037,1445,1172,0.008046306574974287,1
165,icu,10065,10139,1458,0.01058846669137163,1
165,icu,10456,1164,1178,0.04625389928826911,1
165,icu,10459,1164,1178,0.022428543244171355,1
166,icu,10030,1445,1172,0.01357662544613567,1
166,icu,10022,10139,1458,0.011236968665681227,1
166,icu,10031,1445,1464,0.025616016279045133,1
166,icu,10037,1445,1172,0.007766761550920439,1
166,icu,10065,10139,1458,0.010220601864403824,1
166,icu,10456,1164,1178,0.04464694493366639,1
166,icu,10459,1164,1178,0.021649330122938192,1
167,icu,10030,1445,1172,0.013103232798277631,1
167,icu,10022,10139,1458,0.010845155665341092,1
167,icu,10031,1445,1464,0.024722831604987307,1
167,icu,10037,1445,1172,0.007495948466295,1
167,icu,10065,10139,1458,0.009864227756678102,1
167,icu,10456,1164,1178,0.043090185813752964,1
167,icu,10459,1164,1178,0.020894456700826694,1
168,icu,10030,1445,1172,0.012644732520817084,1
168,icu,10022,10139,1458,0.010465668636589277,1
168,icu,10031,1445,1464,0.023857745459834864,1
168,icu,10037,1445,1172,0.007233654839635325,1
168,icu,10065,10139,1458,0.00951906475507399,1
168,icu,10456,1164,1178,0.04158240048660612,1
168,icu,10459,1164,1178,0.020163330699922877,1
169,icu,10030,1445,1172,0.012200807909915713,1
169,icu,10022,10139,1458,0.01009824545308801,1
169,icu,10031,1445,1464,0.023020160295197722,1
169,icu,10037,1445,1172,0.006979699494609772,1
169,icu,10065,10139,1458,0.009184874442184071,1
169,icu,10456,1164,1178,0.04012254746670461,1
169,icu,10459,1164,1178,0.019455447103278747,1
170,icu,10030,1445,1172,0.01177106967521102,1
170,icu,10022,10139,1458,0.00974256391079458,1
170,icu,10031,1445,1464,0.02220934160835999,1
170,icu,10037,1445,1172,0.006733859730413077,1
170,icu,10065,10139,1458,0.008861363756833425,1
170,icu,10456,1164,1178,0.03870934656660815,1
170,icu,10459,1164,1178,0.018770185147243962,1
171,icu,10030,1445,1172,0.011355183687564399,1
171,icu,10022,10139,1458,0.009398347460968959,1
171,icu,10031,1445,1464,0.021424658973337833,1
171,icu,10037,1445,1172,0.006495944402245891,1
171,icu,10065,10139,1458,0.008548281163696827,1
171,icu,10456,1164,1178,0.03734169899742319,1
171,icu,10459,1164,1178,0.018107012028431246,1
172,icu,10030,1445,1172,0.010952801764077348,1
172,icu,10022,10139,1458,0.009065307922992497,1
172,icu,10031,1445,1464,0.020665455447886553,1
172,icu,10037,1445,1172,0.006265754325593659,1
172,icu,10065,10139,1458,0.008245364547656226,1
172,icu,10456,1164,1178,0.036018459754247154,1
172,icu,10459,1164,1178,0.017465372533283098,1
173,icu,10030,1445,1172,0.010563548615692723,1
173,icu,10022,10139,1458,0.008743134681286046,1
173,icu,10031,1445,1464,0.019931022946581282,1
173,icu,10037,1445,1172,0.006043074809358719,1
173,icu,10065,10139,1458,0.00795233138784129,1
173,icu,10456,1164,1178,0.03473839469315118,1
173,icu,10459,1164,1178,0.016844668224675213,1
174,icu,10030,1445,1172,0.010187113481102027,1
174,icu,10022,10139,1458,0.008431570527966848,1
174,icu,10031,1445,1464,0.019220775133239387,1
174,icu,10037,1445,1172,0.00582772807674434,1
174,icu,10065,10139,1458,0.007668947740432807,1
174,icu,10456,1164,1178,0.033500481870716234,1
174,icu,10459,1164,1178,0.01624440356163656,1
175,icu,10030,1445,1172,0.009823121182847975,1
175,icu,10022,10139,1458,0.008130304939823642,1
175,icu,10031,1445,1464,0.018534004132999653,1
175,icu,10037,1445,1172,0.005619499500495636,1
175,icu,10065,10139,1458,0.00739493116857379,1
175,icu,10456,1164,1178,0.03230348751001131,1
175,icu,10459,1164,1178,0.015663980285000326,1
176,icu,10030,1445,1172,0.009471233922464633,1
176,icu,10022,10139,1458,0.00783905833112343,1
176,icu,10031,1445,1464,0.01787007259668892,1
176,icu,10037,1445,1172,0.005418195836706196,1
176,icu,10065,10139,1458,0.0071300273746374545,1
176,icu,10456,1164,1178,0.031146300755502627,1
176,icu,10459,1164,1178,0.015102859740258217,1
177,icu,10030,1445,1172,0.00913113896900167,1
177,icu,10022,10139,1458,0.007557571863769541,1
177,icu,10031,1445,1464,0.017228390471856637,1
177,icu,10037,1445,1172,0.005223638181808965,1
177,icu,10065,10139,1458,0.006874000932041052,1
177,icu,10456,1164,1178,0.030027893186573135,1
177,icu,10459,1164,1178,0.014560543245642044,1
178,icu,10030,1445,1172,0.008802468008387732,1
178,icu,10022,10139,1458,0.007285540695170913,1
178,icu,10031,1445,1464,0.016608262833295875,1
178,icu,10037,1445,1172,0.005035615834876871,1
178,icu,10065,10139,1458,0.006626574570744303,1
178,icu,10456,1164,1178,0.028947053596643787,1
178,icu,10459,1164,1178,0.014036443486362052,1
179,icu,10030,1445,1172,0.00848491821226939,1
179,icu,10022,10139,1458,0.007022714183315501,1
179,icu,10031,1445,1464,0.0160091183125129,1
179,icu,10037,1445,1172,0.004853955557307929,1
179,icu,10065,10139,1458,0.00638752031892564,1
179,icu,10456,1164,1178,0.02790278612994218,1
179,icu,10459,1164,1178,0.013530077571362568,1
180,icu,10030,1445,1172,0.008178165010486307,1
180,icu,10022,10139,1458,0.0067688236911450025,1
180,icu,10031,1445,1464,0.01543034451915019,1
180,icu,10037,1445,1172,0.004678471672694414,1
180,icu,10065,10139,1458,0.006156593837341929,1
180,icu,10456,1164,1178,0.0268940234324242,1
180,icu,10459,1164,1178,0.013040927940033493,1
181,icu,10030,1445,1172,0.00788186701162922,1
181,icu,10022,10139,1458,0.006523586659154196,1
181,icu,10031,1445,1464,0.014871297324964537,1
181,icu,10037,1445,1172,0.0045089688817197306,1
181,icu,10065,10139,1458,0.00593353812356735,1
181,icu,10456,1164,1178,0.025919642833105733,1
181,icu,10459,1164,1178,0.012568450208547655,1
182,icu,10030,1445,1172,0.007595746736775026,1
182,icu,10022,10139,1458,0.006286773426299799,1
182,icu,10031,1445,1464,0.014331453190094042,1
182,icu,10037,1445,1172,0.004345288447395836,1
182,icu,10065,10139,1458,0.005718144289052245,1
182,icu,10456,1164,1178,0.024978731838212177,1
182,icu,10459,1164,1178,0.01211220190813164,1
183,icu,10030,1445,1172,0.007319477377167486,1
183,icu,10022,10139,1458,0.0060581135027043265,1
183,icu,10031,1445,1464,0.013810195500457886,1
183,icu,10037,1445,1172,0.004187243412684504,1
183,icu,10065,10139,1458,0.005510166309318986,1
183,icu,10456,1164,1178,0.024070215732041784,1
183,icu,10459,1164,1178,0.011671661908503177,1
184,icu,10030,1445,1172,0.007052748318202492,1
184,icu,10022,10139,1458,0.005837349801907869,1
184,icu,10031,1445,1464,0.01330693819667137,1
184,icu,10037,1445,1172,0.004034656084713978,1
184,icu,10065,10139,1458,0.005309370350988691,1
184,icu,10456,1164,1178,0.023193073053615145,1
184,icu,10459,1164,1178,0.011246334902626517,1
185,icu,10030,1445,1172,0.006795300039087274,1
185,icu,10022,10139,1458,0.005624267526276947,1
185,icu,10031,1445,1464,0.012821191621795893,1
185,icu,10037,1445,1172,0.0038873779997792676,1
185,icu,10065,10139,1458,0.005115561044548591,1
185,icu,10456,1164,1178,0.02234645036474985,1
185,icu,10459,1164,1178,0.010835807057819977,1
186,icu,10030,1445,1172,0.0065468153721667,1
186,icu,10022,10139,1458,0.0054186041655864235,1
186,icu,10031,1445,1464,0.012352357352324149,1
186,icu,10037,1445,1172,0.0037452277162136785,1
186,icu,10065,10139,1458,0.0049284996234259335,1
186,icu,10456,1164,1178,0.021529304654655815,1
186,icu,10459,1164,1178,0.010439572617531796,1
187,icu,10030,1445,1172,0.006307011735534807,1
187,icu,10022,10139,1458,0.005220125835206029,1
187,icu,10031,1445,1464,0.011899902220221702,1
187,icu,10037,1445,1172,0.0036080435777727372,1
187,icu,10065,10139,1458,0.004747973357501115,1
187,icu,10456,1164,1178,0.02074070664831953,1
187,icu,10459,1164,1178,0.010057180975755847,1
188,icu,10030,1445,1172,0.006075645219496872,1
188,icu,10022,10139,1458,0.0050286306583433495,1
188,icu,10031,1445,1464,0.0114633660231551,1
188,icu,10037,1445,1172,0.003475686051370966,1
188,icu,10065,10139,1458,0.004573798629431924,1
188,icu,10456,1164,1178,0.019979854244898464,1
188,icu,10459,1164,1178,0.009688243193317058,1
189,icu,10030,1445,1172,0.005852415745981672,1
189,icu,10022,10139,1458,0.00484387026931304,1
189,icu,10031,1445,1464,0.011042182581790025,1
189,icu,10037,1445,1172,0.003347983471756563,1
189,icu,10065,10139,1458,0.00440574953783319,1
189,icu,10456,1164,1178,0.019245760632966253,1
189,icu,10459,1164,1178,0.009332280764768523,1
190,icu,10030,1445,1172,0.005637064203032644,1
190,icu,10022,10139,1458,0.004665630208863181,1
190,icu,10031,1445,1464,0.010635863010569187,1
190,icu,10037,1445,1172,0.003224787609106911,1
190,icu,10065,10139,1458,0.004243631020967606,1
190,icu,10456,1164,1178,0.01853757371880475,1
190,icu,10459,1164,1178,0.008988880509360092,1
191,icu,10030,1445,1172,0.00542936384857844,1
191,icu,10022,10139,1458,0.004493722809332093,1
191,icu,10031,1445,1464,0.010243979498574925,1
191,icu,10037,1445,1172,0.003105968751395358,1
191,icu,10065,10139,1458,0.004087272385429333,1
191,icu,10456,1164,1178,0.017854547857569163,1
191,icu,10459,1164,1178,0.008657680863463534,1
192,icu,10030,1445,1172,0.00522903484713288,1
192,icu,10022,10139,1458,0.004327916459219391,1
192,icu,10031,1445,1464,0.009866004059644702,1
192,icu,10037,1445,1172,0.0029913668135180386,1
192,icu,10065,10139,1458,0.003936462968627499,1
192,icu,10456,1164,1178,0.01719576280589035,1
192,icu,10459,1164,1178,0.008338235600522442,1
193,icu,10030,1445,1172,0.005035836810791328,1
193,icu,10022,10139,1458,0.004168012196613467,1
193,icu,10031,1445,1464,0.009501483136265074,1
193,icu,10037,1445,1172,0.002880844277095117,1
193,icu,10065,10139,1458,0.0037910218044541403,1
193,icu,10456,1164,1178,0.01656042804438753,1
193,icu,10459,1164,1178,0.00803016139721943,1
194,icu,10030,1445,1172,0.004849562683855624,1
194,icu,10022,10139,1458,0.004013838647677608,1
194,icu,10031,1445,1464,0.009150026061244414,1
194,icu,10037,1445,1172,0.0027742826920565252,1
194,icu,10065,10139,1458,0.003650793019576589,1
194,icu,10456,1164,1178,0.01594786266716176,1
194,icu,10459,1164,1178,0.007733128081879574,1
195,icu,10030,1445,1172,0.004669954752427486,1
195,icu,10022,10139,1458,0.0038651825102911075,1
195,icu,10031,1445,1464,0.008811146586844659,1
195,icu,10037,1445,1172,0.0026715346283649345,1
195,icu,10065,10139,1458,0.0035155826047279836,1
195,icu,10456,1164,1178,0.015357219178031383,1
195,icu,10459,1164,1178,0.007446724703100899,1
196,icu,10030,1445,1172,0.004496786741999024,1
196,icu,10022,10139,1458,0.0037218565037806417,1
196,icu,10031,1445,1464,0.008484417784334465,1
196,icu,10037,1445,1172,0.002572470641472081,1
196,icu,10065,10139,1458,0.0033852202184883303,1
196,icu,10456,1164,1178,0.014787753469741352,1
196,icu,10459,1164,1178,0.0071705904428333534,1
197,icu,10030,1445,1172,0.004329871735996555,1
197,icu,10022,10139,1458,0.003583705922863231,1
197,icu,10031,1445,1464,0.008169486984487353,1
197,icu,10037,1445,1172,0.002476983802269293,1
197,icu,10065,10139,1458,0.003259565148433246,1
197,icu,10456,1164,1178,0.01423885086421827,1
197,icu,10459,1164,1178,0.006904427243313976,1
198,icu,10030,1445,1172,0.004168977595654572,1
198,icu,10022,10139,1458,0.00345053863319412,1
198,icu,10031,1445,1464,0.00786591619404647,1
198,icu,10037,1445,1172,0.002384941311450473,1
198,icu,10065,10139,1458,0.0031384426384785374,1
198,icu,10456,1164,1178,0.013709747969504272,1
198,icu,10459,1164,1178,0.006647864935328867,1
199,icu,10030,1445,1172,0.004013888075353815,1
199,icu,10022,10139,1458,0.0033221756547125144,1
199,icu,10031,1445,1464,0.007573297406521163,1
199,icu,10037,1445,1172,0.0022962194616799572,1
199,icu,10065,10139,1458,0.003021689897038906,1
199,icu,10456,1164,1178,0.013199733658501281,1
199,icu,10459,1164,1178,0.006400558692925689,1
200,icu,10030,1445,1172,0.003864432930280763,1
200,icu,10022,10139,1458,0.0031984760808549508,1
200,icu,10031,1445,1464,0.007291309408519193,1
200,icu,10037,1445,1172,0.002210720861240109,1
200,icu,10065,10139,1458,0.0029091787623361978,1
200,icu,10456,1164,1178,0.0127082480784797,1
200,icu,10459,1164,1178,0.006162237043183256,1
201,icu,10030,1445,1172,0.0037204111092508933,1
201,icu,10022,10139,1458,0.0030792735075418865,1
201,icu,10031,1445,1464,0.007019572862005792,1
201,icu,10037,1445,1172,0.0021283304950547683,1
201,icu,10065,10139,1458,0.002800757881287903,1
201,icu,10456,1164,1178,0.012234630069477533,1
201,icu,10459,1164,1178,0.0059325793892432005,1
202,icu,10030,1445,1172,0.0035816142797555927,1
202,icu,10022,10139,1458,0.002964395504158615,1
202,icu,10031,1445,1464,0.006757694690737286,1
202,icu,10037,1445,1172,0.002048929182630657,1
202,icu,10065,10139,1458,0.002696270419367328,1
202,icu,10456,1164,1178,0.011778194526784707,1
202,icu,10459,1164,1178,0.005711253523424592,1
203,icu,10030,1445,1172,0.00344788162287536,1
203,icu,10022,10139,1458,0.0028537089656735155,1
203,icu,10031,1445,1464,0.0065053714658479195,1
203,icu,10037,1445,1172,0.00197242492450844,1
203,icu,10065,10139,1458,0.0025955953106914223,1
203,icu,10456,1164,1178,0.01133841259487142,1
203,icu,10459,1164,1178,0.0054980030033668385,1
204,icu,10030,1445,1172,0.003319047481637831,1
204,icu,10022,10139,1458,0.002747076782742659,1
204,icu,10031,1445,1464,0.0062622906301622976,1
204,icu,10037,1445,1172,0.0018987229535304968,1
204,icu,10065,10139,1458,0.0024986078472488075,1
204,icu,10456,1164,1178,0.010914739508195425,1
204,icu,10459,1164,1178,0.005292563671934859,1
205,icu,10030,1445,1172,0.0031949144055028436,1
205,icu,10022,10139,1458,0.0026443355314326364,1
205,icu,10031,1445,1464,0.0060280796392457835,1
205,icu,10037,1445,1172,0.00182771031443636,1
205,icu,10065,10139,1458,0.0024051593865534035,1
205,icu,10456,1164,1178,0.010506525947569954,1
205,icu,10459,1164,1178,0.005094620673869232,1
206,icu,10030,1445,1172,0.0030753225367455,1
206,icu,10022,10139,1458,0.002545352902263984,1
206,icu,10031,1445,1464,0.005802436877789069,1
206,icu,10037,1445,1172,0.0017592955576359775,1
206,icu,10065,10139,1458,0.0023151295863178267,1
206,icu,10456,1164,1178,0.01011324621836868,1
206,icu,10459,1164,1178,0.004903919099533339,1
207,icu,10030,1445,1172,0.0029601366767103223,1
207,icu,10022,10139,1458,0.0024500169953348256,1
207,icu,10031,1445,1464,0.005585107256560051,1
207,icu,10037,1445,1172,0.0016934013402194134,1
207,icu,10065,10139,1458,0.0022284166678168908,1
207,icu,10456,1164,1178,0.009734455717700388,1
207,icu,10459,1164,1178,0.004720243360721092,1
208,icu,10030,1445,1172,0.002849184077269177,1
208,icu,10022,10139,1458,0.0023581848321627247,1
208,icu,10031,1445,1464,0.00537576483897898,1
208,icu,10037,1445,1172,0.0016299288384012654,1
208,icu,10065,10139,1458,0.0021448905847554047,1
208,icu,10456,1164,1178,0.009369586360646283,1
208,icu,10459,1164,1178,0.004543317992717869,1
209,icu,10030,1445,1172,0.0027423012326284243,1
209,icu,10022,10139,1458,0.002269721083870334,1
209,icu,10031,1445,1464,0.005174101126657338,1
209,icu,10037,1445,1172,0.0015687845156457838,1
209,icu,10065,10139,1458,0.0020644282485480668,1
209,icu,10456,1164,1178,0.009018100455848962,1
209,icu,10459,1164,1178,0.004372882268665027,1
210,icu,10030,1445,1172,0.0026393652543912453,1
210,icu,10022,10139,1458,0.0021845240393903553,1
210,icu,10031,1445,1464,0.004979884257032084,1
210,icu,10037,1445,1172,0.0015098980713558689,1
210,icu,10065,10139,1458,0.0019869371477396107,1
210,icu,10456,1164,1178,0.008679593882895185,1
210,icu,10459,1164,1178,0.004208740230334096,1
211,icu,10030,1445,1172,0.0025402422269165705,1
211,icu,10022,10139,1458,0.002102482860733739,1
211,icu,10031,1445,1464,0.004792861561628624,1
211,icu,10037,1445,1172,0.001453192896593884,1
211,icu,10065,10139,1458,0.00191231646946927,1
211,icu,10456,1164,1178,0.008353626258106674,1
211,icu,10459,1164,1178,0.004050678335417853,1
212,icu,10030,1445,1172,0.0024447718766984444,1
212,icu,10022,10139,1458,0.002023464894291419,1
212,icu,10031,1445,1464,0.004612730640652989,1
212,icu,10037,1445,1172,0.001398577303914475,1
212,icu,10065,10139,1458,0.00184044555844606,1
212,icu,10456,1164,1178,0.008039670519554593,1
212,icu,10459,1164,1178,0.003898441011273875,1
213,icu,10030,1445,1172,0.0023528254688876195,1
213,icu,10022,10139,1458,0.0019473635900614885,1
213,icu,10031,1445,1464,0.0044392486006109835,1
213,icu,10037,1445,1172,0.001345977648148496,1
213,icu,10065,10139,1458,0.0017712275019544131,1
213,icu,10456,1164,1178,0.0077373033206755235,1
213,icu,10459,1164,1178,0.003751822976902054,1
214,icu,10030,1445,1172,0.002264299964083885,1
214,icu,10022,10139,1458,0.0018740936654001795,1
214,icu,10031,1445,1464,0.004272221029499151,1
214,icu,10037,1445,1172,0.0012953349836871907,1
214,icu,10065,10139,1458,0.0017045847310365586,1
214,icu,10456,1164,1178,0.0074461858147917385,1
214,icu,10459,1164,1178,0.003610659925347053,1
215,icu,10030,1445,1172,0.0021790636189547006,1
215,icu,10022,10139,1458,0.001803546080273534,1
215,icu,10031,1445,1464,0.004111399357496925,1
215,icu,10037,1445,1172,0.0012465739443024914,1
215,icu,10065,10139,1458,0.0016404180681645064,1
215,icu,10456,1164,1178,0.007165884761895501,1
215,icu,10459,1164,1178,0.0034747417782717317,1
216,icu,10030,1445,1172,0.0020969785147282984,1
216,icu,10022,10139,1458,0.001735606683420408,1
216,icu,10031,1445,1464,0.003956523363129037,1
216,icu,10037,1445,1172,0.0011996156309912569,1
216,icu,10065,10139,1458,0.00157862368688584,1
216,icu,10456,1164,1178,0.006895946613950676,1
216,icu,10459,1164,1178,0.003343848609963919,1
217,icu,10030,1445,1172,0.002017942654689512,1
217,icu,10022,10139,1458,0.0016701910551964003,1
217,icu,10031,1445,1464,0.0038074006017024746,1
217,icu,10037,1445,1172,0.0011544016946321376,1
217,icu,10065,10139,1458,0.0015191248031851702,1
217,icu,10456,1164,1178,0.006636035953165594,1
217,icu,10459,1164,1178,0.0032178177761371636,1
218,icu,10030,1445,1172,0.0019418630352723073,1
218,icu,10022,10139,1458,0.001607222219318895,1
218,icu,10031,1445,1464,0.0036638555965591403,1
218,icu,10037,1445,1172,0.001110878930802309,1
218,icu,10065,10139,1458,0.0014618514031680889,1
218,icu,10456,1164,1178,0.006385846935860044,1
218,icu,10459,1164,1178,0.003096500973009228,1
219,icu,10030,1445,1172,0.0018686171636416722,1
219,icu,10022,10139,1458,0.0015465987921153238,1
219,icu,10031,1445,1464,0.0035256572314715,1
219,icu,10037,1445,1172,0.0010689772651931724,1
219,icu,10065,10139,1458,0.001406711273161701,1
219,icu,10456,1164,1178,0.006144976742431958,1
219,icu,10459,1164,1178,0.002979702873115759,1
220,icu,10030,1445,1172,0.0017980880895723925,1
220,icu,10022,10139,1458,0.0014882239773662302,1
220,icu,10031,1445,1464,0.003392584847860971,1
220,icu,10037,1445,1172,0.0010286297942493367,1
220,icu,10065,10139,1458,0.001353616372018035,1
220,icu,10456,1164,1178,0.00591304078023821,1
220,icu,10459,1164,1178,0.002867236987255617,1
221,icu,10030,1445,1172,0.0017301928567035447,1
221,icu,10022,10139,1458,0.001432029114561531,1
221,icu,10031,1445,1464,0.0032644819258691882,1
221,icu,10037,1445,1172,0.000989789061238863,1
221,icu,10065,10139,1458,0.0013025042494661829,1
221,icu,10456,1164,1178,0.005689766245989589,1
221,icu,10459,1164,1178,0.002758971032951793,1
222,icu,10030,1445,1172,0.0016648479682222694,1
222,icu,10022,10139,1458,0.0013779450958751706,1
222,icu,10031,1445,1464,0.0031411909259274344,1
222,icu,10037,1445,1172,0.0009524073002542138,1
222,icu,10065,10139,1458,0.0012533120483783145,1
222,icu,10456,1164,1178,0.0054748785591122555,1
222,icu,10459,1164,1178,0.002654771865920905,1
223,icu,10030,1445,1172,0.0016019433816257204,1
223,icu,10022,10139,1458,0.0013258808424038305,1
223,icu,10031,1445,1464,0.0030225042227642078,1
223,icu,10037,1445,1172,0.0009164215594312848,1
223,icu,10065,10139,1458,0.0012059569278000091,1
223,icu,10456,1164,1178,0.005268015843116023,1
223,icu,10459,1164,1178,0.0025544640120378713,1
224,icu,10030,1445,1172,0.0015413784073735443,1
224,icu,10022,10139,1458,0.0012757530164127845,1
224,icu,10031,1445,1464,0.0029082318380292157,1
224,icu,10037,1445,1172,0.0008817742374424339,1
224,icu,10065,10139,1458,0.0011603630877684607,1
224,icu,10456,1164,1178,0.005068846978874026,1
224,icu,10459,1164,1178,0.002457886911441359,1
225,icu,10030,1445,1172,0.001483083857689854,1
225,icu,10022,10139,1458,0.0012275043532398553,1
225,icu,10031,1445,1464,0.002798243230064632,1
225,icu,10037,1445,1172,0.0008484257541313343,1
225,icu,10065,10139,1458,0.0011164784431234773,1
225,icu,10456,1164,1178,0.004877144441304104,1
225,icu,10459,1164,1178,0.002364930237083856,1
226,icu,10030,1445,1172,0.001426987451502702,1
226,icu,10022,10139,1458,0.0011810750279938108,1
226,icu,10031,1445,1464,0.002692402020863783,1
226,icu,10037,1445,1172,0.0008163347597640116,1
226,icu,10065,10139,1458,0.0010742485800446552,1
226,icu,10456,1164,1178,0.004692670532971659,1
226,icu,10459,1164,1178,0.0022754787293381104,1
227,icu,10030,1445,1172,0.0013729925324252547,1
227,icu,10022,10139,1458,0.0011363850410610148,1
227,icu,10031,1445,1464,0.0025905258417233097,1
227,icu,10037,1445,1172,0.0007854459602534423,1
227,icu,10065,10139,1458,0.001033600734762279,1
227,icu,10456,1164,1178,0.004515107397838198,1
227,icu,10459,1164,1178,0.002189378259622219,1
228,icu,10030,1445,1172,0.0013210098072793867,1
228,icu,10022,10139,1458,0.0010933604871364534,1
228,icu,10031,1445,1464,0.00249244621664647,1
228,icu,10037,1445,1172,0.0007557082737733378,1
228,icu,10065,10139,1458,0.00099446768659427,1
228,icu,10456,1164,1178,0.004344161393892125,1
228,icu,10459,1164,1178,0.002106486440750309,1
229,icu,10030,1445,1172,0.0012709800546897652,1
229,icu,10022,10139,1458,0.0010519523504509576,1
229,icu,10031,1445,1464,0.0023980514083152783,1
229,icu,10037,1445,1172,0.000727087821632505,1
229,icu,10065,10139,1458,0.0009568048531735619,1
229,icu,10456,1164,1178,0.004179637770715235,1
229,icu,10459,1164,1178,0.002026708838128891,1
230,icu,10030,1445,1172,0.001222843620937448,1
230,icu,10022,10139,1458,0.001012111257397427,1
230,icu,10031,1445,1464,0.0023072288636773177,1
230,icu,10037,1445,1172,0.000699550477809535,1
230,icu,10065,10139,1458,0.0009205673266610576,1
230,icu,10456,1164,1178,0.004021340356120617,1
230,icu,10459,1164,1178,0.0019499503277479865,1
231,icu,10030,1445,1172,0.0011765178383786243,1
231,icu,10022,10139,1458,0.0009737687864283369,1
231,icu,10031,1445,1464,0.002219822607618004,1
231,icu,10037,1445,1172,0.0006730489507384923,1
231,icu,10065,10139,1458,0.0008856928741346056,1
231,icu,10456,1164,1178,0.0038689972962697976,1
231,icu,10459,1164,1178,0.0018760790875198127,1
232,icu,10030,1445,1172,0.001131920904722351,1
232,icu,10022,10139,1458,0.0009368572322229696,1
232,icu,10031,1445,1464,0.00213567829774756,1
232,icu,10037,1445,1172,0.0006475364438946738,1
232,icu,10065,10139,1458,0.0008521199141172298,1
232,icu,10456,1164,1178,0.003722339583050734,1
232,icu,10459,1164,1178,0.0018049646752510231,1
233,icu,10030,1445,1172,0.0010889998351866028,1
233,icu,10022,10139,1458,0.000901332740854755,1
233,icu,10031,1445,1464,0.0020546959637866053,1
233,icu,10037,1445,1172,0.0006229826463462916,1
233,icu,10065,10139,1458,0.000819808559203617,1
233,icu,10456,1164,1178,0.0035811929751797737,1
233,icu,10459,1164,1178,0.0017365226012396578,1
234,icu,10030,1445,1172,0.0010477080088289465,1
234,icu,10022,10139,1458,0.000867156725557684,1
234,icu,10031,1445,1464,0.001976787642579269,1
234,icu,10037,1445,1172,0.0005993608877145683,1
234,icu,10065,10139,1458,0.0007887237127423174,1
234,icu,10456,1164,1178,0.003445404158959206,1
234,icu,10459,1164,1178,0.0016706785235826146,1
235,icu,10030,1445,1172,0.0010079777574308363,1
235,icu,10022,10139,1458,0.0008342731793619486,1
235,icu,10031,1445,1464,0.0019018256595281552,1
235,icu,10037,1445,1172,0.0005766324571342671,1
235,icu,10065,10139,1458,0.0007588144335091381,1
235,icu,10456,1164,1178,0.003314750606394932,1
235,icu,10459,1164,1178,0.0016073245383233519,1
236,icu,10030,1445,1172,0.0009697327948867625,1
236,icu,10022,10139,1458,0.0008026189625292795,1
236,icu,10031,1445,1464,0.0018296660800356445,1
236,icu,10037,1445,1172,0.0005547537137173415,1
236,icu,10065,10139,1458,0.0007300232926595338,1
236,icu,10456,1164,1178,0.003188981449436903,1
236,icu,10459,1164,1178,0.001546338999395361,1
237,icu,10030,1445,1172,0.0009329222370475138,1
237,icu,10022,10139,1458,0.000772151959764346,1
237,icu,10031,1445,1464,0.0017602128972405552,1
237,icu,10037,1445,1172,0.000533695548238144,1
237,icu,10065,10139,1458,0.0007023119841628665,1
237,icu,10456,1164,1178,0.0030679293547653036,1
237,icu,10459,1164,1178,0.00148764076677245,1
238,icu,10030,1445,1172,0.0008975111533442097,1
238,icu,10022,10139,1458,0.000742843260075271,1
238,icu,10031,1445,1464,0.0016934002050733234,1
238,icu,10037,1445,1172,0.0005134379780139075,1
238,icu,10065,10139,1458,0.0006756542119826989,1
238,icu,10456,1164,1178,0.0029514794526585265,1
238,icu,10459,1164,1178,0.0014311741400583695,1
239,icu,10030,1445,1172,0.0008634471812947846,1
239,icu,10022,10139,1458,0.0007146495245946344,1
239,icu,10031,1445,1464,0.0016291292073936034,1
239,icu,10037,1445,1172,0.0004939510481111307,1
239,icu,10065,10139,1458,0.0006500105571865471,1
239,icu,10456,1164,1178,0.0028394595482760638,1
239,icu,10459,1164,1178,0.0013768556218726562,1
240,icu,10030,1445,1172,0.0008306618827294803,1
240,icu,10022,10139,1458,0.0006875141090869327,1
240,icu,10031,1445,1464,0.0015672707768805024,1
240,icu,10037,1445,1172,0.00047519560719963907,1
240,icu,10065,10139,1458,0.000625329498924241,1
240,icu,10456,1164,1178,0.0027316445816272204,1
240,icu,10459,1164,1178,0.0013245760804921143,1
241,icu,10030,1445,1172,0.0007991027789211455,1
241,icu,10022,10139,1458,0.0006613935784721487,1
241,icu,10031,1445,1464,0.0015077258980655322,1
241,icu,10037,1445,1172,0.0004571416338457634,1
241,icu,10065,10139,1458,0.0006015715307529829,1
241,icu,10456,1164,1178,0.002627861975597705,1
241,icu,10459,1164,1178,0.001274251833171497,1
242,icu,10030,1445,1172,0.0007687412756220341,1
242,icu,10022,10139,1458,0.0006362642661427584,1
242,icu,10031,1445,1464,0.001450440620081548,1
242,icu,10037,1445,1172,0.00043977277017730296,1
242,icu,10065,10139,1458,0.0005787151266740647,1
242,icu,10456,1164,1178,0.0025280176975569805,1
242,icu,10459,1164,1178,0.0012258372834323917,1
243,icu,10030,1445,1172,0.0007395405709576633,1
243,icu,10022,10139,1458,0.0006120957122829521,1
243,icu,10031,1445,1464,0.0013953455061292796,1
243,icu,10037,1445,1172,0.0004230679629962541,1
243,icu,10065,10139,1458,0.0005567325819158958,1
243,icu,10456,1164,1178,0.002431990723965726,1
243,icu,10459,1164,1178,0.001179273746888683,1
244,icu,10030,1445,1172,0.000711444632716493,1
244,icu,10022,10139,1458,0.0005888415406994821,1
244,icu,10031,1445,1464,0.0013423348361202817,1
244,icu,10037,1445,1172,0.0004069951580319935,1
244,icu,10065,10139,1458,0.0005355817149416865,1
244,icu,10456,1164,1178,0.0023395967920207114,1
244,icu,10459,1164,1178,0.0011344718743976137,1
245,icu,10030,1445,1172,0.0006843980688879637,1
245,icu,10022,10139,1458,0.0005664559050743911,1
245,icu,10031,1445,1464,0.0012913040978803133,1
245,icu,10037,1445,1172,0.0003915226672527971,1
245,icu,10065,10139,1458,0.0005152208261635208,1
245,icu,10456,1164,1178,0.002250653744229631,1
245,icu,10459,1164,1178,0.0010913433376829463,1
246,icu,10030,1445,1172,0.0006583713887062059,1
246,icu,10022,10139,1458,0.0005449143967787961,1
246,icu,10031,1445,1464,0.0012421976490156455,1
246,icu,10037,1445,1172,0.0003766336199165671,1
246,icu,10065,10139,1458,0.0004956277146760392,1
246,icu,10456,1164,1178,0.002165064599748089,1
246,icu,10459,1164,1178,0.001049841110675617,1
247,icu,10030,1445,1172,0.0006333419838514148,1
247,icu,10022,10139,1458,0.0005241983035795105,1
247,icu,10031,1445,1464,0.0011949728327489764,1
247,icu,10037,1445,1172,0.00036231508251271274,1
247,icu,10065,10139,1458,0.00047678536073921386,1
247,icu,10456,1164,1178,0.0020827550107631195,1
247,icu,10459,1164,1178,0.0010099291420769486,1
248,icu,10030,1445,1172,0.0006092690010229493,1
248,icu,10022,10139,1458,0.000504273812415917,1
248,icu,10031,1445,1464,0.001149552568157773,1
248,icu,10037,1445,1172,0.00034854368414940953,1
248,icu,10065,10139,1458,0.00045866300963256194,1
248,icu,10456,1164,1178,0.002003590630557174,1
248,icu,10459,1164,1178,0.0009715422870837876,1
249,icu,10030,1445,1172,0.0005860984182761963,1
249,icu,10022,10139,1458,0.00048509621093285134,1
249,icu,10031,1445,1464,0.001105834928071832,1
249,icu,10037,1445,1172,0.00033528852056668556,1
249,icu,10065,10139,1458,0.0004412199931657423,1
249,icu,10456,1164,1178,0.0019273938071212228,1
249,icu,10459,1164,1178,0.000934594402131412,1
250,icu,10030,1445,1172,0.0005637943682383597,1
250,icu,10022,10139,1458,0.0004666358127737275,1
250,icu,10031,1445,1464,0.0010637522388848456,1
250,icu,10037,1445,1172,0.0003225290731656392,1
250,icu,10065,10139,1458,0.00042442931006817224,1
250,icu,10456,1164,1178,0.001854046590039347,1
250,icu,10459,1164,1178,0.0008990282929930698,1
251,icu,10030,1445,1172,0.000542341852653594,1
251,icu,10022,10139,1458,0.00044888020432872443,1
251,icu,10031,1445,1464,0.0010232762022860573,1
251,icu,10037,1445,1172,0.0003102567619145614,1
251,icu,10065,10139,1458,0.000408279669522243,1
251,icu,10456,1164,1178,0.0017834996573128303,1
251,icu,10459,1164,1178,0.0008648200434022806,1
252,icu,10030,1445,1172,0.0005217152399127583,1
252,icu,10022,10139,1458,0.00043180817107808464,1
252,icu,10031,1445,1464,0.000984358457236149,1
252,icu,10037,1445,1172,0.00029845692377386605,1
252,icu,10065,10139,1458,0.00039275177582938684,1
252,icu,10456,1164,1178,0.0017156687189944816,1
252,icu,10459,1164,1178,0.0008319287811135757,1
253,icu,10030,1445,1172,0.0005018708730092333,1
253,icu,10022,10139,1458,0.00041538357941722667,1
253,icu,10031,1445,1464,0.0009469166328546178,1
253,icu,10037,1445,1172,0.0002871045839394836,1
253,icu,10065,10139,1458,0.0003778127636148449,1
253,icu,10456,1164,1178,0.001650410208335831,1
253,icu,10459,1164,1178,0.0008002848905253292,1
254,icu,10030,1445,1172,0.0004827656682476299,1
254,icu,10022,10139,1458,0.00039957077025420544,1
254,icu,10031,1445,1464,0.0009108694399693619,1
254,icu,10037,1445,1172,0.0002761750955807163,1
254,icu,10065,10139,1458,0.000363430199097545,1
254,icu,10456,1164,1178,0.0015875824439313471,1
254,icu,10459,1164,1178,0.0007698196702398265,1
255,icu,10030,1445,1172,0.00046438131461872526,1
255,icu,10022,10139,1458,0.00038435458811185983,1
255,icu,10031,1445,1464,0.0008761823298545445,1
255,icu,10037,1445,1172,0.0002656579835435611,1
255,icu,10065,10139,1458,0.0003495902975902878,1
255,icu,10456,1164,1178,0.0015271252097410664,1
255,icu,10459,1164,1178,0.000740503921463515,1
256,icu,10030,1445,1172,0.00044670615540857956,1
256,icu,10022,10139,1458,0.00036972538507511654,1
256,icu,10031,1445,1464,0.0008428333089319204,1
256,icu,10037,1445,1172,0.00025554657938761666,1
256,icu,10065,10139,1458,0.0003362842838173094,1
256,icu,10456,1164,1178,0.0014690001724790432,1
256,icu,10459,1164,1178,0.0007123190563632663,1
257,icu,10030,1445,1172,0.0004297110011601569,1
257,icu,10022,10139,1458,0.00035565900189944293,1
257,icu,10031,1445,1464,0.0008107673033092646,1
257,icu,10037,1445,1172,0.0002458241847401174,1
257,icu,10065,10139,1458,0.00032349018370116453,1
257,icu,10456,1164,1178,0.0014131113421596898,1
257,icu,10459,1164,1178,0.0006852185293380413,1
258,icu,10030,1445,1172,0.0004133527372144198,1
258,icu,10022,10139,1458,0.00034211975386520404,1
258,icu,10031,1445,1464,0.0007799029653930862,1
258,icu,10037,1445,1172,0.00023646613505703355,1
258,icu,10065,10139,1458,0.00031117554015107693,1
258,icu,10456,1164,1178,0.0013593169355530334,1
258,icu,10459,1164,1178,0.0006591335896153932,1
259,icu,10030,1445,1172,0.0003976034833202273,1
259,icu,10022,10139,1458,0.00032908456531860746,1
259,icu,10031,1445,1464,0.0007501876914660678,1
259,icu,10037,1445,1172,0.00022745648092122508,1
259,icu,10065,10139,1458,0.0002993193646711996,1
259,icu,10456,1164,1178,0.0013075252680175278,1
259,icu,10459,1164,1178,0.000634019779258167,1
260,icu,10030,1445,1172,0.0003824568011795401,1
260,icu,10022,10139,1458,0.0003165481074720532,1
260,icu,10031,1445,1464,0.0007216093339184785,1
260,icu,10037,1445,1172,0.00021879153918433813,1
260,icu,10065,10139,1458,0.0002879168104547022,1
260,icu,10456,1164,1178,0.0012577151671094636,1
260,icu,10459,1164,1178,0.0006098668317358293,1
261,icu,10030,1445,1172,0.00036789810524805617,1
261,icu,10022,10139,1458,0.0003044983083047771,1
261,icu,10031,1445,1464,0.00069414037313274,1
261,icu,10037,1445,1172,0.00021046296591399166,1
261,icu,10065,10139,1458,0.0002769568973768198,1
261,icu,10456,1164,1178,0.0012098386680384837,1
261,icu,10459,1164,1178,0.0005866514888930403,1
262,icu,10030,1445,1172,0.00035389506842146854,1
262,icu,10022,10139,1458,0.0002929084116350172,1
262,icu,10031,1445,1464,0.0006677198151870957,1
262,icu,10037,1445,1172,0.00020245226778783695,1
262,icu,10065,10139,1458,0.00026641528931191784,1
262,icu,10456,1164,1178,0.001163789462616918,1
262,icu,10459,1164,1178,0.0005643222018264413,1
263,icu,10030,1445,1172,0.00034041117357087733,1
263,icu,10022,10139,1458,0.0002817481933224054,1
263,icu,10031,1445,1464,0.0006422787605326792,1
263,icu,10037,1445,1172,0.00019473855450188675,1
263,icu,10065,10139,1458,0.00025626449584736043,1
263,icu,10456,1164,1178,0.0011194474636957465,1
263,icu,10459,1164,1178,0.0005428207402061293,1
264,icu,10030,1445,1172,0.00032743307319257214,1
264,icu,10022,10139,1458,0.00027100660603551524,1
264,icu,10031,1445,1464,0.0006177920254540171,1
264,icu,10037,1445,1172,0.00018731419036794821,1
264,icu,10065,10139,1458,0.0002464944688661211,1
264,icu,10456,1164,1178,0.0010767687778004446,1
264,icu,10459,1164,1178,0.0005221258200602304,1
265,icu,10030,1445,1172,0.00031495843534914785,1
265,icu,10022,10139,1458,0.000260681719699185,1
265,icu,10031,1445,1464,0.0005942552101135523,1
265,icu,10037,1445,1172,0.0001801778413577793,1
265,icu,10065,10139,1458,0.00023710345286541415,1
265,icu,10456,1164,1178,0.0010357457363184156,1
265,icu,10459,1164,1178,0.0005022337228739402,1
266,icu,10030,1445,1172,0.0003029686728047651,1
266,icu,10022,10139,1458,0.0002507581502117071,1
266,icu,10031,1445,1464,0.0005716332446084045,1
266,icu,10037,1445,1172,0.00017331887429679408,1
266,icu,10065,10139,1458,0.00022807745521223762,1
266,icu,10456,1164,1178,0.0009963172148341496,1
266,icu,10459,1164,1178,0.0004831148093818646,1
267,icu,10030,1445,1172,0.0002914295852572546,1
267,icu,10022,10139,1458,0.00024120759100121976,1
267,icu,10031,1445,1464,0.0005498616007168446,1
267,icu,10037,1445,1172,0.00016671772426490465,1
267,icu,10065,10139,1458,0.00021939072962129388,1
267,icu,10456,1164,1178,0.0009583707451195347,1
267,icu,10459,1164,1178,0.0004647145436733748,1
268,icu,10030,1445,1172,0.0002803161427343375,1
268,icu,10022,10139,1458,0.0002320093255048836,1
268,icu,10031,1445,1464,0.0005288930525520054,1
268,icu,10037,1445,1172,0.0001603600724001016,1
268,icu,10065,10139,1458,0.0002110244333114843,1
268,icu,10456,1164,1178,0.000921824015719603,1
268,icu,10459,1164,1178,0.00044699301287505597,1
269,icu,10030,1445,1172,0.00026962624797509036,1
269,icu,10022,10139,1458,0.00022316161788227403,1
269,icu,10031,1445,1464,0.0005087236430576826,1
269,icu,10037,1445,1172,0.00015424471892519685,1
269,icu,10065,10139,1458,0.00020297698744652234,1
269,icu,10456,1164,1178,0.0008866701297590353,1
269,icu,10459,1164,1178,0.0004299468726879685,1
270,icu,10030,1445,1172,0.0002593553056836926,1
270,icu,10022,10139,1458,0.00021466066474385573,1
270,icu,10031,1445,1464,0.0004893447019517789,1
270,icu,10037,1445,1172,0.00014836903501559497,1
270,icu,10065,10139,1458,0.00019524493264769731,1
270,icu,10456,1164,1178,0.0008528939755357175,1
270,icu,10459,1164,1178,0.00041356879543877936,1
271,icu,10030,1445,1172,0.0002494811225743267,1
271,icu,10022,10139,1458,0.00020648809736771698,1
271,icu,10031,1445,1464,0.0004707143555320958,1
271,icu,10037,1445,1172,0.00014272032458863095,1
271,icu,10065,10139,1458,0.00018781156161618113,1
271,icu,10456,1164,1178,0.0008204225700824368,1
271,icu,10459,1164,1178,0.0003978233916433281,1
272,icu,10030,1445,1172,0.0002399715250458316,1
272,icu,10022,10139,1458,0.00019861728662207959,1
272,icu,10031,1445,1464,0.00045277189950253564,1
272,icu,10037,1445,1172,0.00013728018213629087,1
272,icu,10065,10139,1458,0.00018065265378484435,1
272,icu,10456,1164,1178,0.0007891501100090174,1
272,icu,10459,1164,1178,0.00038265935717486123,1
273,icu,10030,1445,1172,0.00023081383927714855,1
273,icu,10022,10139,1458,0.0001910377427625901,1
273,icu,10031,1445,1464,0.0004354934212341575,1
273,icu,10037,1445,1172,0.00013204135736309485,1
273,icu,10065,10139,1458,0.00017375866819082717,1
273,icu,10456,1164,1178,0.0007590349172568604,1
273,icu,10459,1164,1178,0.0003680564823180032,1
274,icu,10030,1445,1172,0.00022201205905392335,1
274,icu,10022,10139,1458,0.00018375277132672078,1
274,icu,10031,1445,1464,0.00041888645609563786,1
274,icu,10037,1445,1172,0.00012700613498853525,1
274,icu,10065,10139,1458,0.0001671326113907426,1
274,icu,10456,1164,1178,0.0007300901254524713,1
274,icu,10459,1164,1178,0.00035402113557604913,1
275,icu,10030,1445,1172,0.00021355719329575764,1
275,icu,10022,10139,1458,0.00017675493066491693,1
275,icu,10031,1445,1464,0.0004029340399552957,1
275,icu,10037,1445,1172,0.00012216937149754523,1
275,icu,10065,10139,1458,0.0001607677148209703,1
275,icu,10456,1164,1178,0.0007022861672874613,1
275,icu,10459,1164,1178,0.0003405389797435956,1
276,icu,10030,1445,1172,0.00020542340307713234,1
276,icu,10022,10139,1458,0.00017002283466782718,1
276,icu,10031,1445,1464,0.00038758742061477706,1
276,icu,10037,1445,1172,0.00011751628525134162,1
276,icu,10065,10139,1458,0.0001546445267133678,1
276,icu,10456,1164,1178,0.0006755380710514912,1
276,icu,10459,1164,1178,0.0003275688119878176,1
277,icu,10030,1445,1172,0.00019758586192542284,1
277,icu,10022,10139,1458,0.00016353593520321727,1
277,icu,10031,1445,1464,0.00037279975614495686,1
277,icu,10037,1445,1172,0.00011303267380368398,1
277,icu,10065,10139,1458,0.00014874435748314841,1
277,icu,10456,1164,1178,0.0006497641945013859,1
277,icu,10459,1164,1178,0.0003150710439364961,1
278,icu,10030,1445,1172,0.00019004294223241237,1
278,icu,10022,10139,1458,0.00015729288514822488,1
278,icu,10031,1445,1464,0.00035856797561788326,1
278,icu,10037,1445,1172,0.00010871760605096572,1
278,icu,10065,10139,1458,0.00014306598185267284,1
278,icu,10456,1164,1178,0.000624959185222091,1
278,icu,10459,1164,1178,0.0003030430802003915,1
279,icu,10030,1445,1172,0.00018279833799876073,1
279,icu,10022,10139,1458,0.00015129674191721482,1
279,icu,10031,1445,1464,0.00034489904877588347,1
279,icu,10037,1445,1172,0.00010457319521509214,1
279,icu,10065,10139,1458,0.00013761218069780607,1
279,icu,10456,1164,1178,0.0006011351909925002,1
279,icu,10459,1164,1178,0.0002914908112447061,1
280,icu,10030,1445,1172,0.00017583873192684437,1
280,icu,10022,10139,1458,0.00014553648317943926,1
280,icu,10031,1445,1464,0.0003317678488955264,1
280,icu,10037,1445,1172,0.00010059182288782524,1
280,icu,10065,10139,1458,0.00013237292864092692,1
280,icu,10456,1164,1178,0.000578248417671277,1
280,icu,10459,1164,1178,0.0002803930012642881,1
281,icu,10030,1445,1172,0.00016913667353099908,1
281,icu,10022,10139,1458,0.00013998938898519565,1
281,icu,10031,1445,1464,0.00031912258312958094,1
281,icu,10037,1445,1172,9.675778550737366e-05,1
281,icu,10065,10139,1458,0.00012732756071738178,1
281,icu,10456,1164,1178,0.0005562085939073614,1
281,icu,10459,1164,1178,0.00026970587762737856,1
282,icu,10030,1445,1172,0.0001626774961568679,1
282,icu,10022,10139,1458,0.0001346433201813422,1
282,icu,10031,1445,1464,0.00030693557882417174,1
282,icu,10037,1445,1172,9.306269274083821e-05,1
282,icu,10065,10139,1458,0.00012246503574204999,1
282,icu,10456,1164,1178,0.0005349674881787137,1
282,icu,10459,1164,1178,0.00025940605284028613,1
283,icu,10030,1445,1172,0.0001564674680047787,1
283,icu,10022,10139,1458,0.00012950346477066745,1
283,icu,10031,1445,1464,0.0002952186626531858,1
283,icu,10037,1445,1172,8.951013042900772e-05,1
283,icu,10065,10139,1458,0.00011779007247072329,1
283,icu,10456,1164,1178,0.0005145457135600611,1
283,icu,10459,1164,1178,0.00024950352219519224,1
284,icu,10030,1445,1172,0.0001505062742235166,1
284,icu,10022,10139,1458,0.000124569562160195,1
284,icu,10031,1445,1464,0.0002839712405637139,1
284,icu,10037,1445,1172,8.60999184553784e-05,1
284,icu,10065,10139,1458,0.00011330243388066547,1
284,icu,10456,1164,1178,0.0004949422346582639,1
284,icu,10459,1164,1178,0.00023999778362934838,1
285,icu,10030,1445,1172,0.00014477627411077715,1
285,icu,10022,10139,1458,0.00011982701166584294,1
285,icu,10031,1445,1464,0.00027316002854720783,1
285,icu,10037,1445,1172,8.282196512750919e-05,1
285,icu,10065,10139,1458,0.0001089888398975621,1
285,icu,10456,1164,1178,0.0004760990397481328,1
285,icu,10459,1164,1178,0.00023086070722274559,1
286,icu,10030,1445,1172,0.00013925247397205141,1
286,icu,10022,10139,1458,0.00011525512675080214,1
286,icu,10031,1445,1464,0.0002627378691647329,1
286,icu,10037,1445,1172,7.966197233676488e-05,1
286,icu,10065,10139,1458,0.00010483047505053569,1
286,icu,10456,1164,1178,0.00045793393667471316,1
286,icu,10459,1164,1178,0.0002220524379506163,1
287,icu,10030,1445,1172,0.00013393073755059467,1
287,icu,10022,10139,1458,0.0001108504839585135,1
287,icu,10031,1445,1464,0.0002526969582369276,1
287,icu,10037,1445,1172,7.661757386040656e-05,1
287,icu,10065,10139,1458,0.00010082422552948935,1
287,icu,10456,1164,1178,0.000440433323293065,1
287,icu,10459,1164,1178,0.00021356638012479817,1
288,icu,10030,1445,1172,0.00012882040296784117,1
288,icu,10022,10139,1458,0.00010662081217406481,1
288,icu,10031,1445,1464,0.0002430549146832814,1
288,icu,10037,1445,1172,7.36941117447918e-05,1
288,icu,10065,10139,1458,9.697712115355742e-05,1
288,icu,10456,1164,1178,0.0004236279081614464,1
288,icu,10459,1164,1178,0.00020541742434343436,1
289,icu,10030,1445,1172,0.00012391603322136415,1
289,icu,10022,10139,1458,0.00010256161135242299,1
289,icu,10031,1445,1464,0.0002338014801120294,1
289,icu,10037,1445,1172,7.088847565137825e-05,1
289,icu,10065,10139,1458,9.32850688999662e-05,1
289,icu,10456,1164,1178,0.0004074998116124161,1
289,icu,10459,1164,1178,0.00019759690074516037,1
290,icu,10030,1445,1172,0.00011919595269082345,1
290,icu,10022,10139,1458,9.865494122797946e-05,1
290,icu,10031,1445,1464,0.00022489575753844616,1
290,icu,10037,1445,1172,6.818826563768252e-05,1
290,icu,10065,10139,1458,8.973175117296714e-05,1
290,icu,10456,1164,1178,0.0003919777530297728,1
290,icu,10459,1164,1178,0.00019007024531683263,1
291,icu,10030,1445,1172,0.0001146424341645433,1
291,icu,10022,10139,1458,9.488612951542146e-05,1
291,icu,10031,1445,1464,0.0002163042997303996,1
291,icu,10037,1445,1172,6.558334052196588e-05,1
291,icu,10065,10139,1458,8.630382277323781e-05,1
291,icu,10456,1164,1178,0.00037700343620090834,1
291,icu,10459,1164,1178,0.0001828091901903238,1
292,icu,10030,1445,1172,0.0001102604291278073,1
292,icu,10022,10139,1458,9.125927441169793e-05,1
292,icu,10031,1445,1464,0.00020803644901880495,1
292,icu,10037,1445,1172,6.307653289364259e-05,1
292,icu,10065,10139,1458,8.300501122201847e-05,1
292,icu,10456,1164,1178,0.00036259314416255156,1
292,icu,10459,1164,1178,0.00017582163101981742,1
293,icu,10030,1445,1172,0.000106056904991043,1
293,icu,10022,10139,1458,8.778014263497949e-05,1
293,icu,10031,1445,1464,0.00020010535132859345,1
293,icu,10037,1445,1172,6.0671828589667015e-05,1
293,icu,10065,10139,1458,7.984056164655287e-05,1
293,icu,10456,1164,1178,0.00034876978935276926,1
293,icu,10459,1164,1178,0.0001691186780601443,1
294,icu,10030,1445,1172,0.00010202165205398209,1
294,icu,10022,10139,1458,8.444028392032681e-05,1
294,icu,10031,1445,1464,0.00019249174326848169,1
294,icu,10037,1445,1172,5.836338696076989e-05,1
294,icu,10065,10139,1458,7.680278809557047e-05,1
294,icu,10456,1164,1178,0.00033549979701268784,1
294,icu,10459,1164,1178,0.00016268405089077997,1
295,icu,10030,1445,1172,9.81315315220882e-05,1
295,icu,10022,10139,1458,8.122054697641215e-05,1
295,icu,10031,1445,1464,0.00018515196717553477,1
295,icu,10037,1445,1172,5.613797102840657e-05,1
295,icu,10065,10139,1458,7.387427148304601e-05,1
295,icu,10456,1164,1178,0.00032270707485489814,1
295,icu,10459,1164,1178,0.00015648085231635353,1
296,icu,10030,1445,1172,9.437822082209676e-05,1
296,icu,10022,10139,1458,7.811404345713193e-05,1
296,icu,10031,1445,1464,0.0001780703202395754,1
296,icu,10037,1445,1172,5.399081970947193e-05,1
296,icu,10065,10139,1458,7.104874650335101e-05,1
296,icu,10456,1164,1178,0.00031036425396716754,1
296,icu,10459,1164,1178,0.0001504958111350636,1
297,icu,10030,1445,1172,9.077243766934371e-05,1
297,icu,10022,10139,1458,7.512964409637176e-05,1
297,icu,10031,1445,1464,0.00017126702436122298,1
297,icu,10037,1445,1172,5.192806427272013e-05,1
297,icu,10065,10139,1458,6.833428154592277e-05,1
297,icu,10456,1164,1178,0.0002985065797238577,1
297,icu,10459,1164,1178,0.0001447460178498773,1
298,icu,10030,1445,1172,8.731583132980079e-05,1
298,icu,10022,10139,1458,7.226871394247302e-05,1
298,icu,10031,1445,1464,0.0001647451913317065,1
298,icu,10037,1445,1172,4.995064821148004e-05,1
298,icu,10065,10139,1458,6.573211819254706e-05,1
298,icu,10456,1164,1178,0.000287139475761889,1
298,icu,10459,1164,1178,0.00013923410238555955,1
299,icu,10030,1445,1172,8.399324139151322e-05,1
299,icu,10022,10139,1458,6.951870517383071e-05,1
299,icu,10031,1445,1464,0.0001584762168884297,1
299,icu,10037,1445,1172,4.8049898729618755e-05,1
299,icu,10065,10139,1458,6.323084355308375e-05,1
299,icu,10456,1164,1178,0.00027621308682964496,1
299,icu,10459,1164,1178,0.0001339358899009826,1
