day,bed_type,zip_code,from_facility_pfi,to_facility_pfi,patients,rank
0,icu,10013,1437,1438,0.01526759186132387,1
0,icu,10030,1445,1172,0.8669399906945373,1
0,icu,10022,10139,1458,0.7175404189435971,1
0,icu,10031,1445,1464,1.6357193473955238,1
0,icu,10037,1445,1172,0.49594917480751205,1
0,icu,10038,1437,1288,0.6660230778682099,1
0,icu,11105,1639,1454,0.029311157125381015,1
0,icu,10128,1454,1456,0.6505012550920821,1
0,icu,10065,10139,1458,0.6526399745189139,1
0,icu,10280,1437,1288,0.11211553410377907,1
0,icu,10282,1437,1438,0.0834785583948714,1
0,icu,11106,1639,1458,1.0600925455230934,1
0,icu,10456,1164,1178,2.850945706567257,1
0,icu,10458,1176,1186,1.6118413487531384,1
0,icu,10459,1164,1178,0.016946381762822593,1
0,icu,10459,1164,1172,1.3654788850891217,2
0,icu,10460,1176,3058,1.6307210142024142,3
0,icu,10463,3975,1186,0.6185291114606195,1
0,icu,10468,3975,1186,2.3441269424137503,2
0,icu,11102,1639,1458,0.8451813284307529,2
0,icu,10472,3058,1165,1.9229354236922485,2
0,icu,10473,3058,1165,1.5385591717451537,1
0,icu,11103,1639,1626,0.9530132699631569,1
0,icu,11205,1288,1692,0.062425548443965084,1
0,icu,11211,1692,1318,0.18230349520549272,1
0,icu,11212,1286,1301,1.0604619085877895,1
0,icu,11217,1288,1306,0.919028286220427,1
0,icu,11221,1692,1318,2.5013763241644,1
0,icu,11230,1293,1324,1.3747151087945482,1
0,icu,11229,1293,1324,1.3896533085534837,1
0,icu,11229,1293,1294,0.7108876495265188,2
0,icu,11233,1309,1318,0.20358716999885895,2
0,icu,11234,1324,1294,1.2576074002525035,2
0,icu,11234,1324,1320,0.19401518945902252,4
0,icu,11234,1324,1301,0.6530512398877828,5
0,icu,11235,1294,1305,2.5008746370771604,3
0,icu,11236,1286,1301,2.4940682229393345,2
0,icu,11237,1318,1626,1.0680935810236636,4
0,icu,11238,1288,1306,1.2851462353409027,1
0,icu,11239,1286,1301,0.3400287751263175,1
0,icu,11355,1628,1637,1.3703879505631862,1
0,icu,11356,1628,1637,0.6455809889032762,1
0,icu,11357,1628,1637,0.839852423848998,1
0,icu,11360,1628,1637,0.33869083492179874,1
0,icu,11361,1628,1637,0.6016222266234049,1
0,icu,11362,1628,1633,0.2433533580996534,1
0,icu,11363,1628,1637,0.10988437550120424,1
0,icu,11373,1626,1638,0.23125117411465146,1
0,icu,11365,1628,1633,1.0363287613948875,1
0,icu,11369,1626,1637,1.108838522390049,2
0,icu,11370,1639,1172,0.21800374567997932,3
0,icu,11370,1639,1456,0.5998328208056392,4
0,icu,11379,1638,1629,0.059430314681162,3
0,icu,11377,1626,1458,2.40156174856541,3
0,icu,11378,1318,1463,0.8865061920893594,6
0,icu,11385,1318,1629,2.3976513829333532,6
0,icu,11385,1318,1301,0.354699447602286,7
0,icu,11412,1633,1637,0.25647752374134486,2
0,icu,11413,1629,1635,0.8210781455116368,2
0,icu,11414,1629,1301,0.4890984947804289,6
0,icu,11420,1629,1637,1.093749110815084,4
0,icu,11418,1629,1637,0.9520020744918505,3
0,icu,11419,1629,1637,1.172788855830088,3
0,icu,11423,1633,1637,0.7204352111599245,2
0,icu,11426,1633,1637,0.2798702525512403,2
0,icu,11426,1633,1635,0.04030491652164736,6
0,icu,11427,1633,1635,0.5036686602014973,6
0,icu,11428,1633,1635,0.40530541526071867,6
0,icu,11436,1629,1635,0.3920827270935118,5
0,icu,11691,1635,1301,1.182045970638082,8
0,icu,11692,1635,1301,0.17192209336287778,7
0,icu,11692,1635,1306,0.2948996817180775,14
0,icu,11693,1635,1306,0.25943411587187887,13
0,icu,11429,1633,1165,0.5411090360654949,13
0,icu,11432,1633,1458,1.7981768985654176,14
0,icu,11433,1633,1458,0.9246791029847369,15
0,icu,11434,1629,1306,1.6511883874975284,15
0,icu,11435,1629,1458,1.5205112474849896,14
0,icu,11694,1635,1305,0.37013890052604104,9
0,icu,11697,1294,1305,0.001181201243221347,6
1,ward,10013,1437,1438,2.645417705872543,1
1,ward,10038,1437,1288,2.5259139151837715,1
1,ward,10280,1437,1288,0.4252017641902698,1
1,ward,10282,1437,1438,0.3165951140071618,1
1,ward,10459,1164,1178,1.2804319687716932,1
1,ward,11103,1639,1626,1.8642568465914304,1
1,ward,11212,1286,1301,2.623332220840531,1
1,ward,11230,1293,1324,1.3654077947072096,1
1,ward,11229,1293,1324,7.9663690519709265,1
1,ward,11233,1309,1318,5.626941863750865,2
1,ward,11236,1286,1320,8.262390770203005,1
1,ward,11236,1286,1301,1.1964430736697533,2
1,ward,11238,1288,1306,1.9504725771720777,1
1,ward,11239,1286,1301,1.2895700512413946,1
1,ward,11354,1628,1637,3.973365698786456,1
1,ward,11355,1628,1637,10.700110018760745,1
1,ward,11356,1628,1637,2.4483866361933457,1
1,ward,11357,1628,1637,3.185167293138116,1
1,ward,11360,1628,1637,1.284495870041706,1
1,ward,11361,1628,1637,2.281671618310807,1
1,ward,11362,1628,1633,0.9229254269958589,1
1,ward,11363,1628,1637,0.41674002352617084,1
1,ward,11365,1628,1633,3.930310114014525,1
1,ward,11370,1639,1626,3.1016714469478353,1
1,ward,11385,1318,1692,0.388800798339366,1
1,ward,11385,1318,1638,7.7558142003440995,2
1,ward,11436,1629,1633,1.0485884041508673,1
1,ward,11432,1633,1637,6.453635220758537,2
1,ward,11433,1633,1637,3.5068751983560635,2
1,ward,11434,1629,1635,6.262184995029789,2
1,ward,11435,1629,1638,5.766587744239922,2
1,icu,10002,1437,1438,2.8105318665017,1
1,icu,10004,1437,1306,0.04404984175316089,2
1,icu,10005,1437,1438,0.21758950986664674,2
1,icu,10006,1437,1438,0.06758439341508643,2
1,icu,10007,1437,1438,0.12036232628833389,2
1,icu,10011,1438,1463,0.8825305972575284,1
1,icu,10012,1437,1463,0.5840772881761306,2
1,icu,10013,1437,1463,0.8607453235325189,2
1,icu,10014,1438,1463,0.6350884155183584,2
1,icu,10030,1445,1469,0.9863693281321704,2
1,icu,10022,10139,1458,0.8163885257779603,1
1,icu,10023,1466,1450,1.8039954168080161,1
1,icu,10025,1469,1456,2.9687873013438573,1
1,icu,10027,1469,1456,2.0685703365320256,2
1,icu,10031,1445,1464,1.8610554490752496,1
1,icu,10034,3975,1464,0.994293623625904,3
1,icu,10037,1445,1456,0.5642709525381135,3
1,icu,10035,1454,1456,1.029259332913861,1
1,icu,10036,1466,1463,0.9957062070654363,1
1,icu,10038,1437,1463,0.7577741745551314,3
1,icu,11104,1639,1458,0.7215738020556396,2
1,icu,11105,1639,1456,0.9524246443241072,2
1,icu,10128,1454,1456,2.0212905366420717,1
1,icu,10065,10139,1458,0.7425474197616503,1
1,icu,10069,1466,1450,0.14933054429653717,1
1,icu,10280,1437,1463,0.12756052925708092,3
1,icu,10282,1437,1463,0.09497853420214854,3
1,icu,11106,1639,1458,1.2061305085809149,1
1,icu,10451,1172,1464,1.6045154025521284,2
1,icu,10310,1738,1740,0.4251327181278176,1
1,icu,10312,1737,1740,0.26126614731465503,1
1,icu,10314,1738,1740,2.177670218979136,1
1,icu,10456,1164,1464,3.2436909489838808,4
1,icu,10452,1178,1464,2.5355965310235633,2
1,icu,10453,1178,1464,1.1260861298959992,4
1,icu,10453,1178,1186,1.747349425539983,6
1,icu,10454,1172,1456,0.7901370183667922,3
1,icu,10454,1172,1450,0.4536573610483625,9
1,icu,10455,1172,1450,1.4468663355061147,10
1,icu,10457,1176,1186,2.274213764812283,5
1,icu,10457,1176,1169,0.4307649469256174,6
1,icu,10458,1176,1169,2.8789650741182116,2
1,icu,10459,1164,1165,1.572867668228424,7
1,icu,10460,1176,1165,0.7385385393831616,4
1,icu,10460,1176,1169,1.1168300079383477,5
1,icu,10461,3058,1169,1.5694463472684956,3
1,icu,11004,1633,1169,0.2819271493908065,18
1,icu,10462,3058,1169,2.6782792780287705,5
1,icu,10463,3975,1169,2.0532286828918194,2
1,icu,10464,1165,1168,0.06920031525891306,2
1,icu,10465,3058,1169,1.10478608897453,6
1,icu,10466,1168,1169,1.1315849877211672,1
1,icu,10467,1169,1450,0.12760378480961498,16
1,icu,10467,1169,1458,2.4650973951295017,17
1,icu,10468,3975,1458,2.28325654725791,17
1,icu,10468,3975,1463,0.3837964691715223,23
1,icu,10469,1165,1463,1.9351967732492987,25
1,icu,10470,1168,1463,0.3862313504888881,24
1,icu,11102,1639,1463,0.9616132004779483,11
1,icu,10471,1186,1463,0.5324025693396969,23
1,icu,10472,3058,1463,2.4800695655077556,24
1,icu,10473,3058,1463,1.750510523006397,25
1,icu,10474,1172,1463,0.3214294700895477,24
1,icu,11103,1639,1463,1.0843000310108142,7
1,icu,10475,1165,1463,1.1244307155819389,26
1,icu,11201,1288,1306,0.5684760222450577,2
1,icu,11201,1288,1463,1.1667540849015405,6
1,icu,11203,1320,1305,2.413199661328079,7
1,icu,11203,1320,1304,0.012772662688369962,11
1,icu,11204,1305,1304,0.8926750889386685,4
1,icu,11204,1305,1740,1.8095116981106751,11
1,icu,11205,1288,1463,1.4348947031179915,9
1,icu,11206,1692,1463,1.097747817810766,7
1,icu,11206,1692,1740,1.901718269608527,37
1,icu,11207,1286,1740,0.64190795860312,34
2,ward,10002,1437,1438,10.658782705531586,1
2,ward,10004,1437,1306,0.1670565265799346,2
2,ward,10005,1437,1438,0.8251958756683628,2
2,ward,10006,1437,1438,0.25630997900522484,2
2,ward,10007,1437,1438,0.45646729614793613,2
2,ward,10012,1437,1438,2.2150799897012172,1
2,ward,10013,1437,1438,3.264327822674788,1
2,ward,10034,3975,1178,3.6055734327129803,1
2,ward,10038,1437,1438,2.8738155801450413,2
2,ward,11104,1639,1626,2.736527720530178,1
2,ward,11105,1639,1454,3.6120164472213525,1
2,ward,10280,1437,1438,0.4837660726637443,2
2,ward,10282,1437,1438,0.36020070429256196,1
2,ward,11106,1639,1458,4.574181548589994,1
2,ward,10456,1164,1178,12.30151395940339,1
2,ward,10458,1176,1186,4.947705770527099,1
2,ward,10459,1164,1178,5.965011427203748,1
2,ward,10460,1176,1178,7.0363799892413725,2
2,ward,11004,1633,1637,1.06919272468058,2
2,ward,10463,3975,1186,7.786753331834348,1
2,ward,10465,3058,1165,2.144648390912308,1
2,ward,10468,3975,1186,10.114647303977362,2
2,ward,11102,1639,1454,3.6468635253095556,1
2,ward,10472,3058,1165,9.405523171047564,2
2,ward,10473,3058,1165,6.638711879006675,1
2,ward,11103,1639,1626,4.112146371971562,1
2,ward,11201,1288,1306,6.580761768480982,2
2,ward,11203,1320,1301,9.20036245079492,1
2,ward,11205,1288,1306,5.441756782103249,3
2,ward,11206,1692,1306,11.375305023033766,4
2,ward,11207,1286,1301,11.517831633788752,3
2,ward,11208,1286,1301,11.230697126976136,4
2,ward,11210,1324,1301,4.017642692124948,3
2,ward,11211,1692,1438,7.808164342204524,3
2,ward,11212,1286,1301,11.159861232509057,1
2,ward,11213,1309,1301,7.909364682201494,1
2,ward,11214,1294,1305,2.6074312136165005,2
2,ward,11216,1309,1301,6.53413625690261,3
2,ward,11217,1288,1306,3.965504943143838,1
2,ward,11221,1692,1301,10.79316091448113,3
2,ward,11223,1294,1305,9.555365914138594,3
2,ward,11224,1294,1305,4.7644682416433435,3
2,ward,11226,1320,1301,1.9839733928799745,1
2,ward,11226,1320,1306,11.08905507317877,2
2,ward,11230,1293,1305,9.260342115306761,2
2,ward,11230,1293,1306,2.0046035063799934,6
2,ward,11415,1629,1638,1.8520613589158887,2
2,ward,11229,1293,1306,9.063600846061968,7
2,ward,11358,1628,1637,3.987397933967836,1
2,ward,11233,1309,1306,8.656632870150604,7
2,ward,11234,1324,1306,9.081433727470428,8
2,ward,11235,1294,1304,6.516757265134515,7
2,ward,11235,1294,1306,4.274238925306898,8
2,ward,11236,1286,1306,7.5045486965383965,7
2,ward,11236,1286,1638,3.2570785731490837,14
2,ward,11237,1318,1626,6.372342654934541,4
2,ward,11238,1288,1438,5.5452632147654235,11
2,ward,11239,1286,1638,1.4671863845670021,10
2,ward,11354,1628,1637,7.52914792556234,1
2,ward,11355,1628,1637,12.17386811812368,1
2,ward,11356,1628,1637,2.7856102375521496,1
2,ward,11357,1628,1637,3.6238698941261274,1
2,ward,11360,1628,1637,1.4614133212410958,1
2,ward,11372,1626,1638,0.053792392305284764,1
2,ward,11361,1628,1637,1.3598924602046063,1
2,ward,11361,1628,1638,0.5031425734717994,3
2,ward,11361,1628,1165,0.732898028832293,7
2,ward,11362,1628,1165,1.0500427015620388,7
2,ward,11416,1629,1463,3.07059585884604,17
2,ward,11363,1628,1165,0.4741388711944237,7
2,ward,11364,1633,1165,3.0953315739061136,9
2,ward,11373,1626,1458,15.201127772049906,9
2,ward,11365,1628,1454,4.4716434604363045,10
2,ward,11366,1633,1635,1.128907567432839,12
2,ward,11367,1637,1458,4.2228430079028305,11
2,ward,11374,1638,1458,5.02484606575093,11
2,ward,11368,1637,1454,1.4286393056997007,8
2,ward,11368,1637,1458,16.509008836901565,9
2,ward,11417,1629,1635,3.0896239715035527,16
2,ward,11369,1626,1172,4.784515022676258,6
2,ward,11370,1639,1172,3.5288739157530618,3
2,ward,11375,1638,1458,6.871805558161944,11
2,ward,11379,1638,1458,3.361568467906254,11
2,ward,11377,1626,1458,10.36247211102393,3
2,ward,11378,1318,1463,3.825175720450897,6
2,ward,11421,1629,1463,4.496229190928155,16
2,ward,11385,1318,1463,11.876088024060355,14
2,ward,11411,1633,1635,1.2792982245308007,5
2,ward,11412,1633,1635,3.234129551780195,5
2,ward,11413,1629,1635,2.5064135702993315,2
2,ward,11413,1629,1458,1.036447398783865,18
2,ward,11414,1629,1463,2.1104056619545775,20
2,ward,11420,1629,1463,4.719405888292875,18
2,ward,11418,1629,1458,4.107783175865334,14
2,ward,11419,1629,1458,5.060453606041413,18
2,ward,11423,1633,1458,3.108597889645734,16
2,ward,11426,1633,1165,1.3815202803517688,9
2,ward,11427,1633,1165,2.1732743068765816,11
2,ward,11428,1633,1165,1.7488478339543212,13
2,ward,11436,1629,1458,1.69179340366649,18
2,ward,11691,1635,1438,7.365600265486301,21
2,ward,11692,1635,1438,2.014284091585301,22
2,ward,11693,1635,1438,1.1194293846395653,21
2,ward,11429,1633,1165,2.3348253687839793,13
2,ward,11432,1633,1458,7.758933524487776,14
2,ward,11433,1633,1458,3.989887589627796,15
2,ward,11434,1629,1463,7.124694430909688,20
2,ward,11435,1629,1458,6.5608370911027025,14
2,ward,11694,1635,1740,1.5971082301745336,21
2,ward,11697,1294,1740,0.005096752122946558,11
3,ward,10002,1437,1438,12.126068479089536,1
3,ward,10026,1469,1456,2.232610199327744,1
3,ward,10004,1437,1438,0.19005349270661379,3
3,ward,10005,1437,1438,0.9387921654340334,2
3,ward,10006,1437,1438,0.29159355652108215,2
3,ward,10007,1437,1438,0.5193044876205365,2
3,ward,10010,1438,1463,2.328271751334244,1
3,ward,10011,1438,1463,5.962093935102212,1
3,ward,10012,1437,1463,2.52000743272853,2
3,ward,10013,1437,1463,3.7136945005370174,2
3,ward,10014,1438,1463,2.740095463296689,2
3,ward,10025,1469,1456,14.002762577774703,1
3,ward,10027,1469,1445,2.847956076032027,1
3,ward,10027,1469,1456,6.076911794554508,2
3,ward,10031,1445,1464,8.029542766565019,1
3,ward,10034,3975,1178,4.289890006981886,1
3,ward,10037,1445,1172,2.434552795074707,1
3,ward,10035,1454,1456,4.440749917271199,1
3,ward,10038,1437,1463,3.2694244252702602,3
3,ward,11104,1639,1458,3.1132375479288634,2
3,ward,11105,1639,1456,4.109245867623623,2
3,ward,10128,1454,1456,8.720878690468522,1
3,ward,10280,1437,1463,0.5503612079394767,3
3,ward,10282,1437,1463,0.4097858570848921,3
3,ward,11106,1639,1458,5.203862413407159,1
3,ward,10312,1737,1740,0.946045099314984,1
3,ward,10314,1738,1740,9.07553537833379,1
3,ward,10456,1164,1178,7.888618471752159,1
3,ward,10456,1164,1172,5.7990326545290865,2
3,ward,10456,1164,1464,0.30728664375014425,4
3,ward,10452,1178,1464,10.939857162624707,2
3,ward,10453,1178,1464,12.397467088262356,4
3,ward,10454,1172,1456,5.366363569279856,3
3,ward,10455,1172,1464,6.242519600489246,4
3,ward,10457,1176,1464,11.67065831345319,4
3,ward,10458,1176,1186,12.421324253162814,1
3,ward,10459,1164,1464,6.78615363903479,5
3,ward,10460,1176,1165,8.005006570793098,4
3,ward,10461,3058,1165,3.689269142715945,1
3,ward,10461,3058,1169,3.082123172050112,3
3,ward,11004,1633,1169,1.2163775690907497,18
3,ward,11101,1458,10139,4.165195274768569,1
3,ward,10462,3058,1169,11.555463333681333,5
3,ward,10463,3975,1186,0.17998953674051243,1
3,ward,10463,3975,1169,8.678686612328496,2
3,ward,10464,1165,1168,0.29856546784101606,2
3,ward,10465,3058,1169,4.766610878646857,6
3,ward,10468,3975,1169,11.507027513208964,3
3,ward,10469,1165,1169,8.349426267898147,2
3,ward,11102,1639,10139,4.148889987113407,3
3,ward,10471,1186,1169,2.297056329872599,1
3,ward,10472,3058,1169,10.70028550207676,6
3,ward,10473,3058,1169,7.5525955525861574,7
3,ward,10474,1172,1464,1.3868107357041988,7
3,ward,11103,1639,10139,4.678223572067827,4
3,ward,10475,1165,1168,4.851367821034451,2
3,ward,11201,1288,1463,7.486668042098428,6
3,ward,11203,1320,1463,10.466882400453175,15
3,ward,11204,1305,1740,11.658612525833625,11
3,ward,11205,1288,1463,4.668322918213615,9
3,ward,11205,1288,10139,1.1677487979793977,13
3,ward,11205,1288,1466,0.3547961539333375,15
3,ward,11206,1692,1450,12.94122710731809,15
3,ward,11207,1286,1450,13.103373901173882,25
3,ward,11209,1304,1740,8.634358881154894,2
3,ward,11208,1286,1450,12.77671251886496,26
3,ward,11210,1324,1740,7.665855147148634,15
3,ward,11211,1692,1450,3.06729618619857,14
3,ward,11211,1692,1466,5.051192407030124,15
3,ward,11211,1692,1456,0.7645460013709204,18
3,ward,11212,1286,1456,12.696125370143033,28
3,ward,11213,1309,1456,8.998166152002838,27
3,ward,11218,1305,1740,10.222767090720078,17
3,ward,11214,1294,1740,1.4804956026655756,6
3,ward,11214,1294,1456,12.00321405369021,30
3,ward,11215,1306,1456,5.943796751664297,26
3,ward,11216,1309,1456,7.433624072454642,25
3,ward,11217,1288,1456,0.5250084755059223,25
3,ward,11217,1288,1464,3.986387039647516,34
3,ward,11219,1305,1464,5.417806021447776,36
3,ward,11219,1305,1169,9.463333540725321,44
3,ward,11220,1304,1169,5.4663722339847975,44
3,ward,11220,1304,1168,10.746563766360735,45
3,ward,11221,1692,1168,6.800581428704566,44
10,ward,10002,1437,1438,1.0074892175363672,1
10,ward,10002,1437,1288,8.317435763388843,2
10,ward,10002,1437,1463,4.859753281056257,3
10,ward,10002,1437,1692,7.2791716993174695,4
10,ward,10003,1438,1466,7.43849776816721,3
10,ward,10003,1438,10139,2.2836339891041817,4
10,ward,10003,1438,1458,2.2271154721123168,5
10,ward,10003,1438,1450,3.7170841612372154,7
10,ward,10026,1469,1456,2.4270186914820275,1
10,ward,10004,1437,1306,0.4669338622018551,2
10,ward,10005,1437,1306,2.306476168199889,3
10,ward,10006,1437,1306,0.5295523518532308,4
10,ward,10006,1437,1692,0.18685071762230165,5
10,ward,10007,1437,1692,1.2758557951772616,5
10,ward,10009,1438,1692,2.8368789060928457,4
10,ward,10009,1438,1450,0.8878508826197677,8
10,ward,10009,1438,1318,8.526139357133182,9
10,ward,10009,1438,1309,7.28251687382099,10
10,ward,10010,1438,1639,8.579058112546669,9
10,ward,10010,1438,1454,0.22512531175817152,10
10,ward,10011,1438,1456,3.75151019804162,8
10,ward,10011,1438,1454,4.243524851519664,9
10,ward,10011,1438,1309,1.640128409510437,15
10,ward,10011,1438,1445,4.997680854829291,16
10,ward,10011,1438,1626,0.015155616439937347,17
10,ward,10012,1437,1301,2.491039745125164,15
10,ward,10012,1437,1304,3.7002529619115547,16
10,ward,10013,1437,1304,6.120667452043382,12
10,ward,10013,1437,1320,3.003341222979482,16
10,ward,10014,1438,1320,5.599966794588814,18
10,ward,10014,1438,1626,1.132050277330963,19
10,ward,10016,1463,1626,14.08036842970124,14
10,ward,10016,1463,1172,4.365032624276553,18
10,ward,10017,1463,1172,2.3976810486048645,16
10,ward,10017,1463,1464,2.307088126649967,19
10,ward,10018,1466,1464,3.0490084327585167,19
10,ward,10030,1445,1464,3.138031580355574,3
10,ward,10030,1445,1178,7.317607341642463,6
10,ward,10019,1466,1178,0.6059058444740737,19
10,ward,10019,1466,1164,7.0556182890320045,21
10,ward,10019,1466,1638,5.893631900944179,22
10,ward,10019,1466,1176,1.899431415686088,23
10,ward,10021,1450,1176,8.998172522573164,22
10,ward,10021,1450,1637,3.262705526322284,24
10,ward,10022,10139,1637,5.29699388810864,25
10,ward,10022,10139,1286,3.356827152495393,27
10,ward,10023,1466,3975,8.371093423123952,24
10,ward,10023,1466,1628,14.814510899685665,28
10,ward,10024,1456,1186,0.7798990117003726,23
10,ward,10024,1456,1169,5.0246439532197655,24
10,ward,10024,1456,3058,9.32240751952385,25
10,ward,10025,1469,3058,4.715548449201137,23
10,ward,10025,1469,1165,4.58331693480919,24
10,ward,10025,1469,1628,0.6949906334083487,28
10,ward,10025,1469,1168,3.699056357369116,30
10,ward,10025,1469,1633,12.477241495929135,34
10,ward,10025,1469,1286,8.232602526026813,35
10,ward,10027,1469,1629,18.319028909817675,33
10,ward,10027,1469,1286,3.6080767966127176,36
10,ward,10028,1450,1286,2.6234250359541473,33
10,ward,10028,1450,1305,10.422580714918263,38
10,ward,10029,1456,1305,3.7717619514575684,38
10,ward,10029,1456,1324,6.110509020418796,39
10,ward,10029,1456,1293,7.852093444790917,40
10,ward,10029,1456,1738,7.329170516785112,41
10,ward,10029,1456,1294,4.518814763011754,42
10,ward,10031,1445,1294,9.760453217890507,42
10,ward,10031,1445,1740,5.2943222079457115,43
10,ward,10031,1445,1635,4.672646376902904,44
10,ward,10032,1464,1635,1.0140217856436706,44
10,ward,10032,1464,1737,2.7733599291125834,45
11,ward,10002,1437,1438,12.9662963579152,1
11,ward,10002,1437,1288,6.031501988691852,2
11,ward,10003,1438,1463,10.38898440451996,1
11,ward,10003,1438,1466,7.408544556312741,3
11,ward,10004,1437,1288,0.5304540500340846,1
11,ward,10005,1437,1288,2.620241802467131,1
11,ward,10006,1437,1288,0.813860249646799,1
11,ward,10007,1437,1288,1.44941913319335,1
11,ward,10009,1438,1288,6.8355227759667745,3
11,ward,10009,1438,1692,15.35512254615835,4
11,ward,10010,1438,1466,8.493175723970573,2
11,ward,10010,1438,10139,1.5087006288019058,3
11,ward,10011,1438,10139,3.373159936201633,4
11,ward,10011,1438,1458,4.7610375606991795,5
11,ward,10011,1438,1450,8.506469451750133,6
11,ward,10012,1437,1692,7.0335363468978045,5
11,ward,10013,1437,1692,2.5583411069438373,5
11,ward,10013,1437,1306,7.806868499807129,6
11,ward,10014,1438,1450,1.3377748108021041,7
11,ward,10014,1438,1306,0.2293074483544988,9
11,ward,10014,1438,1454,6.080736864217862,10
11,ward,10016,1463,1454,3.4721630816531928,7
11,ward,10016,1463,1639,15.856999999999998,8
11,ward,10016,1463,1456,1.6254912829850507,9
11,ward,10017,1463,1456,5.344790912616597,8
11,ward,10018,1466,1456,3.4637857792495015,7
11,ward,10030,1445,1172,1.1941501652105195,1
11,ward,10019,1466,1456,2.7741416942179566,6
11,ward,10019,1466,1469,6.680898155359369,8
11,ward,10019,1466,1172,8.101940202956957,12
11,ward,10021,1450,1172,5.160965950652177,11
11,ward,10021,1450,1626,8.767842697624856,12
11,ward,10022,10139,1626,9.831059151743714,13
11,ward,10023,1466,1464,18.158404279079576,13
11,ward,10023,1466,1626,8.181295432408337,14
11,ward,10024,1456,1178,17.184772402883766,13
11,ward,10025,1469,1178,0.39401024505119153,13
11,ward,10025,1469,1164,14.442999999999996,14
11,ward,10025,1469,1176,23.29645782688862,15
11,ward,10025,1469,1626,0.9493291724795014,16
11,ward,10027,1469,3975,17.89538562803587,14
11,ward,10027,1469,1626,7.0146133440953875,17
11,ward,10028,1450,1626,0.29171808931913645,12
11,ward,10028,1450,1318,14.529024520105464,17
11,ward,10029,1456,1318,2.4389754798945322,18
11,ward,10029,1456,1638,19.360369358795467,21
11,ward,10029,1456,3058,11.80729300937061,22
11,ward,10031,1445,1186,1.66723662726654,15
11,ward,10031,1445,1169,10.741481027802223,16
11,ward,10031,1445,3058,10.002359456896784,17
11,ward,10032,1464,1165,9.798029941626112,14
11,ward,10032,1464,3058,8.200123173767487,16
11,ward,10032,1464,1168,5.082768587749239,19
11,ward,10033,1464,1168,2.8249247838359928,14
11,ward,10033,1464,1628,17.59931452376668,23
11,ward,10034,3975,1628,0.9846854762333201,23
11,ward,10034,3975,1637,10.988730513111975,24
11,ward,10037,1445,1637,6.795025820244968,24
11,ward,10035,1454,1637,12.39447770865965,24
11,ward,10036,1466,1309,11.990426506901972,17
11,ward,10038,1437,1309,4.2705734930980235,6
11,ward,10038,1437,1304,4.85464384948553,8
11,ward,10040,1464,1637,5.245569650254204,24
11,ward,10040,1464,1633,11.124743525999158,29
11,ward,11104,1639,1286,8.689287644749394,22
11,ward,11105,1639,1633,11.469224174857388,25
11,ward,10039,1464,1633,2.050032299143446,30
11,ward,10039,1464,1629,7.9015922917526975,32
11,ward,10128,1454,1301,7.879916891347747,31
11,ward,10128,1454,1320,16.460732445500714,32
11,ward,10044,1458,1320,2.9649965803379783,27
11,ward,10065,10139,1320,3.097270974161304,26
11,ward,10065,10139,1286,5.844583763073084,29
11,ward,10069,1466,1304,1.7982582652571804,28
11,ward,10075,1450,1286,9.105923592966565,33
11,ward,10280,1437,1304,1.5361008502159823,6
11,ward,10282,1437,1304,1.1437441345680945,9
11,ward,11106,1639,1629,14.524383917917403,27
11,ward,10302,1738,1740,3.005660654120364,1
11,ward,10303,1738,1740,7.928287069242829,1
11,ward,10304,1740,1304,11.662020148499774,2
11,ward,10304,1740,1305,2.299023347840574,3
11,ward,10451,1172,1629,10.197023790329888,32
11,ward,10451,1172,1286,7.771204999210948,35
11,ward,10451,1172,1305,1.3535589797596526,38
11,ward,10305,1740,1305,12.682483146039264,3
11,ward,10306,1740,1737,5.92877691219109,2
11,ward,10306,1740,1305,10.566328656662673,4
11,ward,10307,1737,1294,1.4432356519777103,4
11,ward,10308,1737,1294,3.821148470473509,4
11,ward,10309,1737,1305,3.442698679557438,4
11,ward,10309,1737,1294,2.556257639658118,5
11,ward,10310,1738,1294,7.424664372553911,7
11,ward,10312,1737,1294,11.535430018391256,5
11,ward,10314,1738,1294,3.7449065662631202,5
11,ward,10314,1738,1293,12.119999999999997,8
11,ward,10314,1738,1324,10.358887693184009,10
11,ward,10456,1164,1324,7.369800268614693,39
11,ward,10456,1164,1635,15.287822157983566,43
12,ward,10002,1437,1438,31.918081357000474,1
12,ward,10003,1438,1463,14.936901138771862,1
12,ward,10004,1437,1288,0.6024273015622542,1
12,ward,10005,1437,1288,2.9757623650898,1
12,ward,10006,1437,1288,0.9242867200504922,1
12,ward,10007,1437,1288,1.6460797258240658,1
12,ward,10009,1438,1463,15.494416006703073,1
12,ward,10009,1438,1288,3.8150081240845424,3
12,ward,10009,1438,1692,5.892100073757366,4
12,ward,10010,1438,1466,11.358954430403314,2
12,ward,10011,1438,1466,6.733155498402136,2
12,ward,10011,1438,10139,5.554314655418569,4
12,ward,10011,1438,1458,6.611041574815983,5
12,ward,10012,1437,1692,7.476142808032758,5
12,ward,10012,1437,1458,0.5117202719633624,7
12,ward,10013,1437,1306,11.771585593739758,6
12,ward,10014,1438,1458,8.685493186515668,6
12,ward,10016,1463,1458,23.79783109064317,4
12,ward,10017,1463,1458,6.069984698382794,3
12,ward,10018,1466,1458,3.933760370099741,4
12,ward,10030,1445,1172,1.3341334004845855,1
12,ward,10019,1466,1450,11.200244138675956,1
12,ward,10019,1466,1458,5.528311163100721,3
12,ward,10019,1466,1456,3.2105970450683188,6
12,ward,10021,1450,1454,15.818702123999898,3
12,ward,10022,10139,1454,1.6296477127222602,6
12,ward,10022,10139,1456,9.535312637572579,7
12,ward,10023,1466,1456,2.2816707981830877,4
12,ward,10023,1466,1469,7.628932404854913,6
12,ward,10023,1466,1639,7.2779418874533235,9
12,ward,10023,1466,1172,12.724986948960833,11
12,ward,10024,1456,1172,6.546024196665986,9
12,ward,10024,1456,1464,12.970418492320086,12
12,ward,10025,1469,1464,7.6892233928499465,10
12,ward,10025,1469,1178,34.36623257451643,13
12,ward,10025,1469,1164,2.3301870114125833,14
12,ward,10027,1469,1164,5.05719469955541,8
12,ward,10027,1469,1176,20.513396061740735,13
12,ward,10027,1469,3975,2.719255384162281,14
12,ward,10028,1450,1626,16.83165578012023,12
12,ward,10029,1456,1626,14.09776989640762,15
12,ward,10029,1456,3975,6.8876511927137685,17
12,ward,10029,1456,1318,8.441860642866814,18
12,ward,10029,1456,1638,8.739183680211376,21
12,ward,10031,1445,1186,13.321444093347953,15
12,ward,10031,1445,1169,12.130420604070203,16
12,ward,10032,1464,1169,0.09065058368897638,11
12,ward,10032,1464,1165,26.12194479248086,14
12,ward,10033,1464,1165,0.61560041595542,11
12,ward,10033,1464,3058,22.579847656785645,13
12,ward,10034,3975,1168,8.996942169797578,9
12,ward,10034,3975,3058,2.469196374489357,11
12,ward,10034,3975,1628,2.131858651662748,23
12,ward,10037,1445,1638,7.716990884833452,23
12,ward,10035,1454,1638,0.5771935340109895,20
12,ward,10035,1454,1637,13.49899602439009,24
12,ward,10036,1466,1309,7.338354716668569,17
12,ward,10036,1466,1306,6.2789610238170415,19
12,ward,10038,1437,1306,10.363348266468064,4
12,ward,10040,1464,1628,0.9426398152432309,23
12,ward,10040,1464,1637,17.64883590610463,24
12,ward,11104,1639,1637,9.868270603246891,18
12,ward,11105,1639,1637,2.843198051827436,17
12,ward,11105,1639,1633,10.182197399914223,25
12,ward,10039,1464,1633,1.984561104156647,30
12,ward,10039,1464,1629,9.317323287279171,32
12,ward,10128,1454,1306,20.197142733720156,30
12,ward,10128,1454,1301,7.446103080556277,31
12,ward,10044,1458,1301,3.3672942810400768,26
12,ward,10065,10139,1301,10.155106592112247,25
12,ward,10069,1466,1301,2.0422501707382463,25
12,ward,10075,1450,1301,10.341436695582644,28
12,ward,10280,1437,1304,1.7445226218249015,6
12,ward,10282,1437,1304,1.298930025364571,9
12,ward,11106,1639,1301,12.43476943484534,26
12,ward,11106,1639,1629,4.0603170103669335,27
12,ward,10302,1738,1740,3.381151042542764,1
12,ward,10303,1738,1740,9.00401568208966,1
12,ward,10304,1740,1304,14.998533294811706,2
12,ward,10451,1172,1629,0.926330792536211,32
12,ward,10451,1172,1286,13.59006848891093,35
12,ward,10451,1172,1320,7.427014038651613,36
12,ward,10305,1740,1304,9.103093644043879,2
12,ward,10305,1740,1305,5.300178605996011,3
12,ward,10306,1740,1737,6.745438968117348,2
12,ward,10306,1740,1305,11.987761270792266,4
12,ward,10307,1737,1294,1.6390572553522893,4
12,ward,10308,1737,1294,4.3396108707025185,4
12,ward,10309,1737,1305,6.812908803962652,4
12,ward,10310,1738,1305,8.432060274920431,3
12,ward,10312,1737,1305,13.100584259641606,4
12,ward,10314,1738,1305,1.9841641183111864,4
12,ward,10314,1738,1294,14.890063893042921,5
12,ward,10314,1738,1293,4.2679065552090805,8
12,ward,10314,1738,1324,8.639765696857104,10
12,ward,10456,1164,1320,6.4926779437800874,36
12,ward,10456,1164,1324,4.338725282724102,39
12,ward,10456,1164,1635,16.533331837453417,43
12,icu,10002,1437,1438,2.6869405464130502,1
12,icu,10002,1437,1288,3.5019999999999993,2
12,icu,10002,1437,1463,1.222141479573002,3
12,icu,10003,1438,1463,2.5802166811501146,1
12,icu,10003,1438,1466,3.4834851676687895,3
12,icu,10004,1437,1306,0.18072819046867625,2
12,icu,10005,1437,1306,0.8927287095269401,3
12,icu,10006,1437,1306,0.27728601601514763,4
12,icu,10007,1437,1306,0.49382391774721973,4
12,icu,10009,1438,1692,4.325999999999999,4
12,icu,10009,1438,1458,3.234457261363495,6
12,icu,10010,1438,1466,0.9796134932315348,2
12,icu,10010,1438,1458,2.428072835889459,4
12,icu,10011,1438,1458,5.594122451031341,5
12,icu,10011,1438,1450,0.07543106755966544,6
12,icu,10012,1437,1450,2.3963589239988363,8
12,icu,10013,1437,1306,3.5314756781219274,6
12,icu,10014,1438,1450,0.2911710347556826,7
12,icu,10014,1438,1306,1.0154316241218688,9
12,icu,10014,1438,1454,1.2990452970771487,10
12,icu,10016,1463,1454,0.760954702922851,7
12,icu,10016,1463,1639,1.4419999999999997,8
12,icu,10016,1463,1456,4.9363946242701005,9
12,icu,10017,1463,1456,0.02105678534182509,8
12,icu,10017,1463,1469,1.0669685115165866,10
12,icu,10017,1463,1318,0.7329701126564265,13
12,icu,10018,1466,1318,1.1801281110299222,14
12,icu,10030,1445,1172,4.046887269335976,1
12,icu,10019,1466,1172,2.957112730664023,12
12,icu,10019,1466,1626,3.0246329733894752,15
12,icu,10021,1450,1626,4.391367026610523,12
12,icu,10021,1450,1318,0.354243610589446,15
12,icu,10022,10139,1318,1.0286581657242049,14
12,icu,10022,10139,1309,2.3208299393642466,17
12,icu,10023,1466,1464,6.732196231253965,13
12,icu,10023,1466,1178,2.241863380581682,17
12,icu,10024,1456,1178,5.380136619418316,13
12,icu,10024,1456,1176,0.47479618727750506,17
12,icu,10025,1469,1176,2.8212038127224943,15
12,icu,10025,1469,3975,2.0599999999999996,17
12,icu,10025,1469,1186,5.042436809647732,21
12,icu,10025,1469,1169,3.014786371931846,22
12,icu,10025,1469,3058,0.3772658993316167,23
12,icu,10027,1469,3058,6.214734100668382,20
12,icu,10027,1469,1165,2.2722197429691455,21
12,icu,10028,1450,1638,3.7079999999999993,21
12,icu,10028,1450,1309,1.3414967340360695,22
12,icu,10029,1456,1165,4.480374049419267,23
12,icu,10029,1456,1637,6.9695655742406055,25
12,icu,10031,1445,1168,2.21943381442147,22
12,icu,10031,1445,1637,5.416125594803976,25
12,icu,10032,1464,1628,4.119999999999999,23
12,icu,10032,1464,1637,2.240308830955416,24
12,icu,10032,1464,1309,1.4876733265996824,30
12,icu,10032,1464,1633,0.015796455295852496,31
12,icu,10033,1464,1633,3.280203544704147,30
12,icu,10033,1464,1629,3.6784308771181724,32
12,icu,10034,3975,1629,1.6775691228818266,31
12,icu,10034,3975,1301,2.401830035903078,34
12,icu,10037,1445,1301,2.3150972654500355,34
12,icu,10035,1454,1301,3.5230726986468848,34
12,icu,10035,1454,1286,0.6997841688734385,35
12,icu,10036,1466,1320,4.085194722145683,24
12,icu,10038,1437,1304,3.109004479940419,8
12,icu,10040,1464,1286,5.5774427164043585,35
12,icu,11104,1639,1286,0.5207731147222008,22
12,icu,11104,1639,1320,1.2708052778543157,25
12,icu,11104,1639,1305,1.168902788397551,32
12,icu,11105,1639,1305,3.9076186355224976,37
12,icu,10039,1464,1304,2.7835477684325407,37
12,icu,10039,1464,1305,0.6070175489982046,38
12,icu,10128,1454,1305,5.705261365753666,38
12,icu,10128,1454,1324,2.5877123785292646,39
12,icu,10044,1458,1324,1.010188284312023,38
12,icu,10065,10139,1324,0.7280993371587112,38
12,icu,10065,10139,1293,1.2359999999999998,39
12,icu,10065,10139,1738,1.0824326404749627,41
12,icu,10069,1466,1738,0.6126750512214739,40
12,icu,10075,1450,1738,2.7023946183746292,41
12,icu,10075,1450,1294,0.4000363903001638,42
12,icu,10280,1437,1294,0.5233567865474704,28
12,icu,10282,1437,1294,0.3896790076093713,28
12,icu,10301,1738,1740,3.176593324767426,1
12,icu,10301,1738,1294,1.0534588707751187,6
12,icu,11106,1639,1294,4.9485259335636815,41
12,icu,10302,1738,1737,1.6640159574675513,4
12,icu,10302,1738,1294,0.46813755345052255,8
12,icu,10303,1738,1294,0.2508054577536709,8
12,icu,10303,1738,1635,2.4503992468732267,40
12,icu,10304,1740,1635,0.8456007531267726,35
13,ward,10002,1437,1438,39.06150963647124,1
13,ward,10002,1437,1463,4.575157168496702,3
13,ward,10003,1438,1463,22.946652932074,1
13,ward,10026,1469,1456,3.8638169270108023,1
13,ward,10004,1437,1306,0.6839233136989177,2
13,ward,10005,1437,1306,3.3783217530728558,3
13,ward,10006,1437,1463,1.0493236856057588,3
13,ward,10007,1437,1463,1.8687604259945094,3
13,ward,10009,1438,1463,21.589121383309063,1
13,ward,10009,1438,10139,7.0216502393225575,5
13,ward,10010,1438,1466,12.895587125700064,2
13,ward,10011,1438,1466,10.39069259401661,2
13,ward,10011,1438,10139,6.377489195673906,4
13,ward,10011,1438,1458,4.68690952491086,5
13,ward,10012,1437,1458,9.06845651396767,7
13,ward,10013,1437,1306,13.36403879087636,6
13,ward,10014,1438,1458,9.860461612258641,6
13,ward,10016,1463,1458,27.01718772730268,4
13,ward,10017,1463,1458,6.891128669391296,3
13,ward,10018,1466,1458,0.4358183914696667,4
13,ward,10018,1466,1450,4.030098775031914,5
13,ward,10030,1445,1172,5.293333092196086,1
13,ward,10019,1466,1450,22.636509185486446,1
13,ward,10021,1450,1454,10.938499095491814,3
13,ward,10022,10139,1454,1.4256009586371263,6
13,ward,10022,10139,1456,11.249748681541126,7
13,ward,10023,1466,1456,33.96021711467321,4
13,ward,10024,1456,1172,7.476608005252185,9
13,ward,10025,1469,1172,7.71900258373206,8
13,ward,10025,1469,1464,42.67110415276784,10
13,ward,10027,1469,1464,14.41549156815256,5
13,ward,10027,1469,1178,17.701388376796395,7
13,ward,10028,1450,1626,11.121142112329068,12
13,ward,10028,1450,1178,7.9874901928915385,15
13,ward,10029,1456,1178,5.1113387823771,13
13,ward,10029,1456,1176,8.114542173111374,16
13,ward,10029,1456,3975,0.08261437196412658,17
13,ward,10029,1456,1638,3.566630641204526,21
13,ward,10029,1456,3058,9.0772243599651,22
13,ward,10029,1456,1165,17.37725214655579,23
13,ward,10031,1445,1186,18.73476337273346,15
13,ward,10031,1445,1169,10.160214657866124,16
13,ward,10032,1464,1169,29.75861990953676,11
13,ward,10033,1464,1169,16.302684404794864,9
13,ward,10033,1464,1165,9.992717911818083,11
13,ward,10033,1464,1168,0.0379123713185443,14
13,ward,10034,3975,1168,15.437526283760972,9
13,ward,10037,1445,1168,6.108867973335242,22
13,ward,10037,1445,1637,2.6520729137275136,24
13,ward,10035,1454,1637,14.343123394001703,24
13,ward,10035,1454,1306,1.6372848346265645,33
13,ward,10036,1466,1306,15.459458229674759,19
13,ward,10038,1437,1306,9.354797129888901,4
13,ward,10038,1437,1304,2.410498813768349,8
13,ward,10040,1464,1301,21.106519656269654,34
13,ward,11104,1639,1301,11.203244464432332,23
13,ward,11105,1639,1301,8.088318987950272,35
13,ward,11105,1639,1305,6.6991443233774,37
13,ward,10039,1464,1304,12.830796685322685,37
13,ward,10128,1454,1304,0.7299372528824115,37
13,ward,10128,1454,1305,24.76876286676298,38
13,ward,10128,1454,1324,1.360312038201286,39
13,ward,10128,1454,1738,4.523795742236452,41
13,ward,10044,1458,1738,3.8228198770476163,41
13,ward,10065,10139,1738,7.39637948553767,41
13,ward,10065,10139,1294,4.132503972154378,42
13,ward,10069,1466,1294,0.48985330852798725,42
13,ward,10069,1466,1740,1.8286712678837338,43
13,ward,10075,1450,1740,11.74042018830977,43
13,ward,10280,1437,1740,1.9805206192467268,29
13,ward,10282,1437,1740,1.4746485175996848,30
13,ward,10301,1738,1740,16.007637254555803,1
13,ward,11106,1639,1740,7.261113836977497,43
13,ward,11106,1639,1635,6.932177842016429,44
13,ward,11106,1639,1737,4.533240389031668,45
13,ward,10302,1738,1737,2.6679826987772373,4
13,icu,10002,1437,1438,4.6521348410499375,1
13,icu,10002,1437,1463,8.438865200440446,3
13,icu,10003,1438,1463,6.8839958796222,1
13,icu,10026,1469,1456,2.825659957089562,1
13,icu,10004,1437,1306,0.2051769941096753,2
13,icu,10005,1437,1306,0.407348869888545,3
13,icu,10005,1437,1463,0.6061476560333117,4
13,icu,10006,1437,1463,0.31479710568172764,3
13,icu,10007,1437,1463,0.5606281277983528,3
13,icu,10009,1438,1463,5.143207869700842,1
13,icu,10009,1438,1458,3.4400236170886442,6
13,icu,10010,1438,1466,2.1289013390996736,2
13,icu,10010,1438,1458,1.7397747986103456,4
13,icu,10011,1438,1458,4.575549036016714,5
13,icu,10011,1438,1450,1.860978358363699,6
13,icu,10012,1437,1450,2.7205369541903006,8
13,icu,10013,1437,1450,2.543523661131815,9
13,icu,10013,1437,1304,0.9054477516270385,12
13,icu,10013,1437,1456,0.5602402245040543,17
13,icu,10014,1438,1456,2.958138483677592,11
13,icu,10016,1463,1456,8.105156318190804,9
13,icu,10017,1463,1456,0.16335360692605505,8
13,icu,10017,1463,1464,1.9039849938913336,19
13,icu,10018,1466,1464,1.3397751499504742,19
13,icu,10030,1445,1464,4.594347806337272,3
13,icu,10019,1466,1464,6.790952755645933,17
13,icu,10021,1450,1464,2.5347430629210157,16
13,icu,10021,1450,1165,2.3114062076115864,31
13,icu,10021,1450,1186,0.5414447911937561,32
13,icu,10022,10139,1305,2.413199661328079,30
13,icu,10022,10139,1186,1.3894052307253966,36
13,icu,10023,1466,1186,2.0907131684331133,30
13,icu,10023,1466,1169,8.09735196596885,31
13,icu,10024,1456,1169,5.985861662099298,24
13,icu,10024,1456,1168,0.6611230217880877,31
13,icu,10025,1469,1168,0.4154431637904423,30
13,icu,10025,1469,1738,2.400497689928933,41
13,icu,10025,1469,1740,10.83140667523257,43
13,icu,10025,1469,1737,1.4696844919980254,45
13,icu,10027,1469,1737,0.16229955053442247,45
14,ward,10002,1437,1438,1.2358510461212902,1
14,ward,10002,1437,1463,27.1269295734688,3
14,ward,10002,1437,10139,10.443051355477245,7
14,ward,10002,1437,1458,5.355742172366263,9
14,ward,10002,1437,1466,5.358311520804726,10
14,ward,10003,1438,1466,8.29908078222261,3
14,ward,10003,1438,1450,17.741304812391206,7
14,ward,10026,1469,1456,18.399958694476197,1
14,ward,10004,1437,1450,0.7761317896159136,15
14,ward,10005,1437,1450,3.833796648822962,15
14,ward,10006,1437,1450,1.1907964733515306,14
14,ward,10007,1437,1450,2.120711993200197,12
14,ward,10009,1438,1450,2.063079100085272,8
14,ward,10009,1438,1456,30.405077690283864,14
14,ward,10010,1438,1456,6.950854244892266,11
14,ward,10010,1438,1445,3.5518283145353706,17
14,ward,10010,1438,1172,4.1315241031392524,20
14,ward,10011,1438,1172,3.4466176778679376,18
14,ward,10011,1438,1464,20.901109742497614,23
14,ward,10012,1437,1738,6.255628170888912,27
14,ward,10012,1437,1464,4.035463304226793,28
14,ward,10013,1437,1464,15.165816306454378,28
14,ward,10014,1438,1464,5.988840621887132,25
14,ward,10014,1438,1178,5.201036319389926,29
14,ward,10016,1463,1178,0.8882179199770963,26
14,ward,10016,1463,1165,5.847137856754529,38
14,ward,10016,1463,1186,6.300656894951658,39
14,ward,10016,1463,1169,17.623708734467854,40
14,ward,10017,1463,1169,7.820210131048,39
14,ward,10018,1466,1169,5.068024752610194,40
14,ward,10030,1445,1169,17.379235915428318,16
14,ward,10019,1466,1169,1.8261053254666848,35
14,ward,10019,1466,1168,16.79600147283331,41
14,ward,10019,1466,1740,7.066320592439592,43
14,ward,10021,1450,1740,20.379882447330218,43
14,ward,10022,10139,1740,5.192382528802884,43
14,ward,10022,10139,1737,3.6112011027700675,45
20,ward,10001,1438,1463,2.4298766405281214,1
20,ward,10001,1438,1466,3.719248884083612,2
20,ward,10001,1438,10139,1.1418169945520944,3
20,ward,10001,1438,1458,1.1135577360561513,4
20,ward,10001,1438,1450,2.3024675219284916,5
20,ward,10001,1438,1437,4.1640706351901535,6
20,ward,10001,1438,1456,3.089264444761824,7
20,ward,10001,1438,1454,2.2343250816389144,8
20,ward,10001,1438,1639,4.289529056273334,9
20,ward,10001,1438,1469,3.0306635466860428,10
20,ward,10002,1437,1288,4.158717881694422,2
20,ward,10002,1437,1692,5.789378559104939,4
20,ward,10002,1437,1306,1.6514811911274876,5
20,ward,10002,1437,1309,4.4613226416657135,6
20,ward,10002,1437,1318,4.263069678566591,8
20,ward,10002,1437,1301,1.245519872562582,12
20,ward,10002,1437,1320,4.301654008784148,13
20,ward,10002,1437,1304,4.910460206977461,15
20,ward,10002,1437,1305,7.097171333187916,17
20,ward,10002,1437,1626,7.61378716173607,19
20,ward,10002,1437,1286,8.910465755544536,20
20,ward,10002,1437,1469,1.6802606481957696,21
20,ward,10002,1437,1638,2.946815950472093,22
20,ward,10002,1437,1324,3.0552545102094015,23
20,ward,10002,1437,1445,2.498840427414642,24
20,ward,10002,1437,1293,3.9260467223954585,25
20,ward,10002,1437,1172,3.381356836440702,26
20,ward,10002,1437,1738,3.664585258392556,27
20,ward,10002,1437,1637,4.279849707215476,28
20,ward,10002,1437,1629,9.159514454908837,29
20,ward,10002,1437,1464,4.247064069882043,30
20,ward,10002,1437,1294,7.139633990451131,31
20,ward,10002,1437,1628,4.120468449558857,32
20,ward,10003,1438,1178,3.9617565930582685,29
20,ward,10003,1438,1164,3.5278091445160022,30
20,ward,10003,1438,1628,3.6342823169881484,32
20,ward,10003,1438,1176,5.448801969129626,34
20,ward,10003,1438,1633,6.238620747964568,35
20,ward,10003,1438,3975,4.185546711561976,37
20,ward,10003,1438,3058,7.018977984362493,38
20,ward,10003,1438,1740,2.6471611039728487,39
20,ward,10003,1438,1165,2.291658467404602,40
20,ward,10003,1438,1186,0.38994950585018273,41
20,ward,10003,1438,1169,2.5123219766098828,42
20,ward,10003,1438,1168,1.849528178684558,43
20,ward,10003,1438,1635,2.843334081273291,44
20,ward,10003,1438,1737,1.38667996455629,45
21,ward,10001,1438,1463,7.624368842788101,1
21,ward,10001,1438,1466,11.670109024225255,2
21,ward,10001,1438,10139,0.6742912747840322,3
21,ward,10002,1437,1288,13.299217881694425,2
21,ward,10002,1437,1692,18.26287855910494,4
21,ward,10002,1437,1306,5.669569165208301,5
21,ward,10002,1437,1309,12.591822641665708,6
21,ward,10002,1437,10139,2.90845600226983,7
21,ward,10002,1437,1318,12.747069678566586,8
21,ward,10002,1437,1458,3.494076516405741,9
21,ward,10002,1437,1450,7.224589653204617,11
21,ward,10002,1437,1301,5.185478318236477,12
21,ward,10002,1437,1320,15.563154008784153,13
21,ward,10002,1437,1639,9.49194375523939,14
21,ward,10003,1438,1639,2.7260853010339403,10
21,ward,10003,1438,1454,7.010775054574452,11
21,ward,10003,1438,1456,9.693369279296348,13
21,ward,10003,1438,1469,14.781747786334904,15
21,ward,10003,1438,1626,25.131716105571527,16
21,ward,10003,1438,1304,2.721030551738984,19
21,ward,10026,1469,1445,7.840760629617243,2
21,ward,10026,1469,1172,10.609884995850557,4
21,ward,10026,1469,1464,13.326266209421846,8
21,ward,10026,1469,1178,12.751147917025733,11
21,ward,10026,1469,1164,2.413157544253437,12
21,ward,10004,1437,1304,1.8498345654707418,6
21,ward,10005,1437,1304,9.137481099038853,6
21,ward,10006,1437,1304,1.699497614742178,6
21,ward,10006,1437,1305,1.1386498575272084,11
21,ward,10007,1437,1305,5.054510588171432,13
21,ward,10009,1438,1286,24.615965755544515,20
21,ward,10009,1438,1305,16.076057292419062,21
21,ward,10009,1438,1638,12.627000629869812,23
21,ward,10009,1438,1324,11.91959849110875,25
21,ward,10009,1438,1293,9.98604672239546,26
21,ward,10009,1438,1637,2.1600220999575903,28
21,ward,10010,1438,1164,8.336151600262568,27
21,ward,10010,1438,1637,19.83172945339329,28
21,ward,10010,1438,1628,6.711325912025945,30
21,ward,10011,1438,1738,11.498587705981691,29
21,ward,10011,1438,1176,17.097030882573947,32
21,ward,10011,1438,1628,10.335424854521062,33
21,ward,10011,1438,1629,19.09939465447975,34
21,ward,10012,1437,1629,6.371619800429077,32
21,ward,10012,1437,1294,18.156194910666724,34
21,ward,10013,1437,1294,4.246260439443223,29
21,ward,10013,1437,1740,8.306155261686257,35
21,ward,10013,1437,1633,18.560620747964563,36
21,ward,10013,1437,3975,5.033210351520072,38
21,ward,10014,1438,3975,8.10002917405983,37
21,ward,10014,1438,3058,18.569953200430845,39
21,ward,10016,1463,3058,3.4539126039490924,37
21,ward,10016,1463,1165,7.190673438217644,38
21,ward,10016,1463,1186,1.2235678194834634,39
21,ward,10016,1463,1169,7.883062490510994,40
21,ward,10016,1463,1168,5.8033748644771705,42
21,ward,10016,1463,1635,10.487245160265076,44
21,ward,10016,1463,1737,4.351068420651842,45
22,ward,10001,1438,1463,5.254711822553006,1
22,ward,10002,1437,1288,14.122282118305566,2
22,ward,10002,1437,1463,15.155438952444442,3
22,ward,10002,1437,1692,19.157621440895063,4
22,ward,10002,1437,1306,28.323606782953306,5
22,ward,10002,1437,1309,11.79967735833429,6
22,ward,10002,1437,10139,5.218087610211043,7
22,ward,10002,1437,1318,12.704930321433402,8
22,ward,10002,1437,1458,15.990039034671206,9
22,ward,10003,1438,1466,16.996915104544385,3
22,ward,10003,1438,1458,13.959550923439117,5
22,ward,10003,1438,1450,10.522244200614097,7
22,ward,10003,1438,1639,11.567470943726654,10
22,ward,10003,1438,1454,13.500624891296603,11
22,ward,10003,1438,1456,3.4734982851512584,13
22,ward,10026,1469,1456,10.644396789795287,1
22,ward,10026,1469,1445,11.419665617520245,2
22,ward,10026,1469,1172,9.365316528270874,4
22,ward,10004,1437,1304,2.0869500540308485,6
22,ward,10005,1437,1304,10.308741673065363,6
22,ward,10006,1437,1304,3.201946882797502,6
22,ward,10007,1437,1304,5.702407848779443,10
22,ward,10009,1438,1626,32.98264178209938,15
22,ward,10009,1438,1301,26.833438573111266,16
22,ward,10009,1438,1320,18.22134599121585,17
22,ward,10009,1438,1304,2.7698769583626257,19
22,ward,10009,1438,1286,6.496711908239615,20
22,ward,10010,1438,1172,8.165783904194647,20
22,ward,10010,1438,1286,16.003822336215837,22
22,ward,10010,1438,1638,15.180487124862456,23
22,ward,10011,1438,1305,38.98087507174185,22
22,ward,10011,1438,1464,19.409023082124776,23
22,ward,10011,1438,1638,3.0163816040631914,25
22,ward,10011,1438,1178,4.062615776688055,26
22,ward,10012,1437,1324,15.353589470689947,25
22,ward,10012,1437,1293,8.193953277604543,26
22,ward,10012,1437,1738,4.12429623237335,27
22,ward,10013,1437,1738,12.62280687137876,24
22,ward,10013,1437,1294,25.697187369207697,29
22,ward,10013,1437,1637,2.4595506558283127,30
22,ward,10014,1438,1178,21.909891834537653,29
22,ward,10014,1438,1164,8.17870213834075,30
22,ward,10016,1463,1164,2.7364887171432457,27
22,ward,10016,1463,1637,37.18200148309161,28
22,ward,10016,1463,1628,10.829249233452991,29
22,ward,10016,1463,1176,21.904926944314667,30
22,ward,10016,1463,1629,9.78862529593146,32
22,ward,10017,1463,3975,13.751146102455944,31
22,ward,10017,1463,1629,7.276710472778177,32
22,ward,10018,1466,1629,6.39814977638153,33
22,ward,10018,1466,3058,7.229322610136295,36
22,ward,10030,1445,1186,7.494340360307241,15
22,ward,10030,1445,1169,11.481276107780687,16
22,ward,10030,1445,3058,20.300087225518652,18
22,ward,10030,1445,1165,7.455531668710982,19
22,ward,10019,1466,1165,10.812255906320239,33
22,ward,10019,1466,1633,18.40537925203543,37
22,ward,10019,1466,1168,8.452317770691394,41
22,ward,10019,1466,1740,12.498040269454165,43
22,ward,10019,1466,1635,15.910576997718493,44
22,ward,10019,1466,1737,2.995349527648152,45
22,ward,10021,1450,1737,3.341758412506067,45
23,ward,10002,1437,1438,4.044159298638377,1
23,ward,10002,1437,1288,4.981782118305581,2
23,ward,10002,1437,1463,41.23016637047745,3
23,ward,10002,1437,1692,6.684121440895055,4
23,ward,10002,1437,1306,46.244430834791686,5
23,ward,10002,1437,1309,3.669177358334281,6
23,ward,10002,1437,10139,9.476727045207515,7
23,ward,10002,1437,1318,4.220930321433414,8
23,ward,10002,1437,1458,26.228527773776374,9
23,ward,10003,1438,1466,20.68919482426108,3
23,ward,10003,1438,1458,30.320524623634743,5
23,ward,10003,1438,1450,22.44349993806182,7
23,ward,10003,1438,1639,3.638970943726669,10
23,ward,10003,1438,1454,1.807127183905454,11
23,ward,10026,1469,1456,39.39068540587745,1
23,ward,10026,1469,1445,2.079276776066422,2
23,ward,10004,1437,1304,2.3515883925298975,6
23,ward,10005,1437,1304,11.6159546861927,6
23,ward,10006,1437,1304,3.6079738029861796,6
23,ward,10007,1437,1304,3.98263928730046,10
23,ward,10007,1437,1305,2.442869593834892,13
23,ward,10009,1438,1454,13.099097761520103,13
23,ward,10009,1438,1626,21.02528389442844,15
23,ward,10009,1438,1301,43.09252168176354,16
23,ward,10009,1438,1320,6.959845991215843,17
23,ward,10009,1438,1286,6.795034244455465,20
23,ward,10009,1438,1305,7.402927598874129,21
23,ward,10010,1438,1445,9.009048437048648,17
23,ward,10010,1438,1172,20.547044113645867,20
23,ward,10010,1438,1638,10.299999370130166,23
23,ward,10010,1438,1305,4.48383975315862,24
23,ward,10011,1438,1305,25.213145316014653,22
23,ward,10011,1438,1464,38.87311880304517,23
23,ward,10011,1438,1178,9.684497434912707,26
23,ward,10012,1437,1324,7.169401508891255,25
23,ward,10012,1437,1293,2.133953277604533,26
23,ward,10012,1437,1738,16.78459820857384,27
23,ward,10012,1437,1637,5.092848491391322,29
23,ward,10013,1437,1294,12.745544649890036,29
23,ward,10013,1437,1637,25.33439995525781,30
23,ward,10013,1437,1178,7.870702007520585,31
23,ward,10014,1438,1178,15.028025520857454,29
23,ward,10014,1438,1164,3.693690855483993,30
23,ward,10014,1438,1628,1.5372492334529824,32
23,ward,10014,1438,1176,13.645050539276284,33
23,ward,10016,1463,1176,0.6689185781497713,30
23,ward,10016,1463,1629,7.151985545091151,32
23,ward,10016,1463,1633,6.083379252035449,34
23,ward,10016,1463,3975,4.8447604744200845,35
23,ward,10016,1463,3058,17.06313419562005,37
23,ward,10016,1463,1165,27.053757633405084,38
23,ward,10016,1463,1186,16.02810373304072,39
23,ward,10016,1463,1169,14.001324418889826,40
23,ward,10017,1463,1169,20.21997066108865,39
23,ward,10017,1463,1168,3.47434983623031,41
23,ward,10018,1466,1168,11.816274562875847,42
23,ward,10018,1466,1740,3.539246678162593,43
23,ward,10030,1445,1740,23.446305275864823,43
23,ward,10030,1445,1635,11.732754839734923,44
23,ward,10030,1445,1737,6.97333102796312,45
24,ward,10001,1438,1463,18.078507103706535,1
24,ward,10002,1437,1463,21.49946548076789,3
24,ward,10002,1437,1306,21.938912025919166,5
24,ward,10002,1437,10139,11.921095395236858,7
24,ward,10002,1437,1458,31.65785230583353,9
24,ward,10002,1437,1466,18.471836011372005,10
24,ward,10002,1437,1450,30.706288277457418,11
24,ward,10002,1437,1301,20.19904155432613,12
24,ward,10002,1437,1304,7.985616375986723,15
24,ward,10002,1437,1454,4.453288043752153,16
24,ward,10003,1438,1454,1.7287619833123244,11
24,ward,10003,1438,1456,59.754840480291634,13
24,ward,10003,1438,1469,7.3932184740016424,15
24,ward,10003,1438,1626,5.560571056164505,16
24,ward,10003,1438,1445,6.786493955065097,20
24,ward,10003,1438,1305,7.5583610207609695,21
24,ward,10026,1469,1172,14.033542731093746,4
24,ward,10026,1469,1464,51.588912847993186,8
24,ward,10026,1469,1178,1.5259416613071721,11
24,ward,10004,1437,1305,2.646148382721619,8
24,ward,10005,1437,1305,5.529444191587616,9
24,ward,10005,1437,1324,0.680156019100643,21
24,ward,10005,1437,1738,6.86136909851479,22
24,ward,10006,1437,1738,4.05990864472787,20
24,ward,10007,1437,1738,0.07803389461266796,22
24,ward,10007,1437,1638,1.783315320602263,26
24,ward,10007,1437,1294,2.3111786403411827,28
24,ward,10007,1437,1740,3.057840344929695,30
24,ward,10009,1438,1637,8.497598153864615,28
24,ward,10009,1438,1178,16.918794134408884,32
24,ward,10009,1438,1176,4.057271086555673,36
24,ward,10009,1438,3975,0.04130718598206329,37
24,ward,10009,1438,3058,4.53861217998255,38
24,ward,10009,1438,1740,33.40795828164327,39
24,ward,10009,1438,1165,16.608553957564183,40
24,ward,10009,1438,1186,12.517710133842556,41
24,ward,10009,1438,1169,14.10932355718321,42
24,ward,10010,1438,1169,38.8600783584262,41
24,ward,10010,1438,1168,11.033873687693323,43
24,ward,10011,1438,1168,8.156280362930723,43
24,ward,10011,1438,1635,3.4660889210082146,44
24,ward,10011,1438,1737,5.406212095289479,45
24,icu,10001,1438,1463,3.80235816072312,1
24,icu,10001,1438,1466,4.463098660900325,2
24,icu,10001,1438,1458,1.2794578868420192,4
24,icu,10002,1437,1288,3.5019999999999993,2
24,icu,10002,1437,1692,4.325999999999999,4
24,icu,10002,1437,1306,6.391474136001778,5
24,icu,10002,1437,1309,5.149999999999999,6
24,icu,10002,1437,1318,3.2959999999999994,8
24,icu,10002,1437,1458,9.97719466144227,9
24,icu,10002,1437,1450,2.7629610263141835,11
24,icu,10002,1437,1301,8.239999999999998,12
24,icu,10002,1437,1320,2.8843888174373387,13
24,icu,10003,1438,1639,1.4419999999999997,10
24,icu,10003,1438,1454,2.0599999999999996,11
24,icu,10003,1438,1456,4.957451409611931,13
24,icu,10003,1438,1469,5.653109033858177,15
24,icu,10003,1438,1626,7.415999999999999,16
24,icu,10003,1438,1320,2.4716111825626603,18
24,icu,10003,1438,1304,2.6345024648460837,19
24,icu,10026,1469,1172,7.003999999999999,4
24,icu,10026,1469,1464,6.732196231253965,8
24,icu,10026,1469,1178,6.408322940864267,11
24,icu,10004,1437,1304,0.7938445148164857,6
24,icu,10005,1437,1304,2.4642052687103906,6
24,icu,10005,1437,1305,1.457085524050524,9
24,icu,10006,1437,1305,1.217972593418361,11
24,icu,10007,1437,1305,2.1691104601457427,13
24,icu,10009,1438,1286,6.797999999999998,20
24,icu,10009,1438,1305,6.54463176105729,21
24,icu,10009,1438,1638,3.7079999999999993,23
24,icu,10009,1438,1324,4.325999999999999,25
24,icu,10009,1438,1293,1.2359999999999998,26
24,icu,10009,1438,1637,10.596506840250814,28
24,icu,10010,1438,1178,1.2136770591357315,26
24,icu,10010,1438,1637,4.029493159749183,28
24,icu,10010,1438,1628,4.119999999999999,30
24,icu,10010,1438,1629,5.355999999999999,32
24,icu,10010,1438,1176,0.24901539495094394,33
24,icu,10011,1438,1738,4.397502310071065,29
24,icu,10011,1438,1176,3.0469846050490554,32
24,icu,10011,1438,3975,2.0599999999999996,35
24,icu,10011,1438,1633,3.2959999999999994,36
24,icu,10011,1438,1294,8.033999999999999,37
24,icu,10011,1438,3058,4.068899493609759,38
24,icu,10012,1437,1740,3.176593324767426,37
24,icu,10012,1437,3058,2.5231005063902394,39
24,icu,10012,1437,1165,4.826258884988873,40
24,icu,10013,1437,1165,1.9263349073995393,40
24,icu,10013,1437,1186,5.042436809647732,41
24,icu,10013,1437,1169,3.0147863719318444,42
24,icu,10013,1437,1168,2.2194338144214694,43
24,icu,10013,1437,1635,3.2959999999999994,44
24,icu,10013,1437,1737,0.012935643789750984,45
24,icu,10014,1438,1737,1.6510803136778005,45
25,ward,10001,1438,1463,13.5634647867344,1
25,ward,10001,1438,1466,6.828696151513668,2
25,ward,10001,1438,10139,5.221525677738619,3
25,ward,10001,1438,1458,2.67787108618316,4
25,ward,10001,1438,1450,13.86291040873354,5
25,ward,10001,1438,1456,8.798102785300955,7
25,ward,10002,1437,1456,19.079842529525195,18
25,ward,10002,1437,1469,0.6475420654547577,21
25,ward,10002,1437,1445,1.7759141572676853,24
25,ward,10002,1437,1172,3.789070890503595,26
25,ward,10002,1437,1738,3.127814085444456,27
25,ward,10002,1437,1464,23.045614987532957,30
25,ward,10002,1437,1178,3.0446271196835255,35
25,ward,10002,1437,1740,16.319292784286347,36
25,ward,10002,1437,1165,2.92356892837725,40
25,ward,10002,1437,1186,3.150328447475829,41
25,ward,10002,1437,1169,24.858642429510525,42
25,ward,10002,1437,1168,8.398000736416655,43
25,ward,10002,1437,1737,1.8056005513850373,45
25,icu,10001,1438,1463,9.048280711512458,1
25,icu,10002,1437,1463,12.899361127764422,3
25,icu,10002,1437,1306,0.6125258639982212,5
25,icu,10002,1437,1458,9.755347451715703,9
25,icu,10002,1437,1466,2.1289013390996736,10
25,icu,10002,1437,1450,7.125038973685815,11
25,icu,10002,1437,1304,0.9054477516270403,15
25,icu,10002,1437,1305,2.413199661328081,17
25,icu,10002,1437,1456,14.612548590388062,18
25,icu,10002,1437,1469,2.38089096614182,21
25,icu,10002,1437,1738,2.400497689928933,27
25,icu,10002,1437,1464,1.672808782488115,30
25,icu,10003,1438,1464,15.490994986257913,25
25,icu,10003,1438,1740,10.831406675232573,39
25,icu,10003,1438,1165,2.3114062076115847,40
25,icu,10003,1438,1186,1.2909174962653864,41
25,icu,10026,1469,1186,2.7306456940868795,19
25,icu,10026,1469,1169,14.083213628068147,20
25,icu,10026,1469,1168,1.07656618557853,29
25,icu,10026,1469,1737,1.6319840425324479,45
30,ward,10001,1438,1463,1.2149383202640678,1
30,ward,10001,1438,1466,1.859624442041806,2
30,ward,10001,1438,10139,0.5709084972760294,3
30,ward,10001,1438,1458,0.5567788680281041,4
30,ward,10001,1438,1450,1.1512337609642742,5
30,ward,10001,1438,1437,2.0820353175950714,6
30,ward,10001,1438,1456,1.5446322223809261,7
30,ward,10001,1438,1454,1.1171625408194714,8
30,ward,10001,1438,1639,2.144764528136676,9
30,ward,10001,1438,1469,2.355462097440906,10
30,ward,10001,1438,1288,2.079358940847193,11
30,ward,10001,1438,1692,2.8946892795524803,12
30,ward,10001,1438,1318,2.1315348392832973,13
30,ward,10001,1438,1445,1.2494202137073174,14
30,ward,10001,1438,1306,0.8257405955637154,15
30,ward,10001,1438,1626,3.806893580868021,16
30,ward,10001,1438,1309,2.2306613208328585,17
30,ward,10001,1438,1172,1.6906784182203438,18
30,ward,10001,1438,1464,2.1235320349410074,19
30,ward,10001,1438,1301,0.6227599362812839,20
30,ward,10001,1438,1320,2.1508270043920703,21
30,ward,10001,1438,1304,2.4552301034887307,22
30,ward,10001,1438,1305,3.548585666593965,23
30,ward,10001,1438,1638,1.47340797523605,24
30,ward,10001,1438,1178,1.9808782965291414,25
30,ward,10001,1438,1164,1.7639045722579993,26
30,ward,10001,1438,1286,4.455232877772296,27
30,ward,10001,1438,1176,2.7244009845648236,28
30,ward,10001,1438,1637,2.139924853607752,29
30,ward,10001,1438,1628,3.8773753832735025,30
30,ward,10001,1438,3975,2.0927733557809916,31
30,ward,10001,1438,1324,1.5276272551046972,32
30,ward,10001,1438,1738,1.8322926291962887,33
30,ward,10001,1438,1293,1.9630233611977275,34
30,ward,10001,1438,1629,4.579757227454422,35
30,ward,10001,1438,1633,3.119310373982266,36
30,ward,10001,1438,3058,3.5094889921812467,37
30,ward,10001,1438,1165,1.145829233702301,38
30,ward,10001,1438,1186,0.19497475292509137,39
30,ward,10001,1438,1169,1.256160988304913,40
30,ward,10001,1438,1294,3.5698169952255654,41
30,ward,10001,1438,1168,0.9247640893422826,42
30,ward,10001,1438,1740,1.3235805519864243,43
30,ward,10001,1438,1635,1.4216670406366418,44
30,ward,10001,1438,1737,0.6933399822781361,45
31,ward,10001,1438,1463,5.02712274165809,1
31,ward,10001,1438,1466,7.694678954154398,2
31,ward,10001,1438,10139,2.362282135802978,3
31,ward,10001,1438,1458,2.3038171262309106,4
31,ward,10001,1438,1450,4.763528587566569,5
31,ward,10001,1438,1437,7.875820635190152,6
31,ward,10001,1438,1456,6.3913168620291,7
31,ward,10001,1438,1454,4.6225500681066904,8
31,ward,10001,1438,1639,8.253779056273341,9
31,ward,10001,1438,1469,9.746335990608372,10
31,ward,10001,1438,1288,8.728967881694441,11
31,ward,10001,1438,1692,12.026128559104919,12
31,ward,10001,1438,1318,8.505069678566585,13
31,ward,10001,1438,1445,5.169800528515957,14
31,ward,10001,1438,1306,3.6605251781678874,15
31,ward,10001,1438,1626,5.951181955940335,16
31,ward,10002,1437,1309,8.526572641665698,6
31,ward,10002,1437,1301,3.2154990953995224,12
31,ward,10002,1437,1320,9.932404008784161,13
31,ward,10002,1437,1304,10.159152018984123,15
31,ward,10002,1437,1305,14.683194535652845,17
31,ward,10002,1437,1626,10.4215696777135,19
31,ward,10002,1437,1286,16.763215755544536,20
31,ward,10002,1437,1638,7.786908290170942,22
31,ward,10002,1437,1324,7.48742650065908,23
31,ward,10002,1437,1293,6.956046722395456,25
31,ward,10002,1437,1172,6.995620916145654,26
31,ward,10002,1437,1738,7.581586482187134,27
31,ward,10002,1437,1637,13.135800630283185,28
31,ward,10002,1437,1629,17.31526445490882,29
31,ward,10002,1437,1464,8.786665139651944,30
31,ward,10002,1437,1294,14.771044670280538,31
31,ward,10002,1437,1628,12.400750766547006,32
31,ward,10002,1437,1633,12.399620747964562,33
31,ward,10002,1437,1164,7.138559144516002,34
31,ward,10002,1437,1178,8.356452255041972,35
31,ward,10002,1437,1740,5.476658182829553,36
31,ward,10002,1437,1176,11.272916425851797,37
31,ward,10002,1437,3975,8.65939311857095,38
31,ward,10002,1437,3058,14.521421894371215,39
31,ward,10002,1437,1165,4.741165952811116,40
31,ward,10002,1437,1186,0.8067586626668231,41
31,ward,10002,1437,1169,5.197692233560417,42
31,ward,10002,1437,1168,3.826451521580857,43
31,ward,10002,1437,1635,6.665289620769194,44
31,ward,10002,1437,1737,2.8688741926040713,45
32,ward,10001,1438,1463,14.017259808892788,1
32,ward,10001,1438,1466,14.33351206438482,2
32,ward,10001,1438,10139,4.400417443632449,3
32,ward,10001,1438,1458,16.72183323725804,4
32,ward,10001,1438,1450,8.873416926909371,5
32,ward,10001,1438,1437,11.135250000000003,6
32,ward,10001,1438,1456,11.905632177121447,7
32,ward,10001,1438,1454,10.255699972935531,8
32,ward,10001,1438,1639,7.744882958452262,9
32,ward,10002,1437,1288,13.71074999999999,2
32,ward,10002,1437,1692,18.71025000000002,4
32,ward,10002,1437,1306,16.99658797408084,5
32,ward,10002,1437,1309,12.195750000000004,6
32,ward,10002,1437,1318,12.725999999999988,8
32,ward,10002,1437,1301,16.009458445673857,12
32,ward,10002,1437,1320,16.892250000000022,13
32,ward,10002,1437,1639,4.14786704154772,14
32,ward,10002,1437,1304,19.73888362401329,15
32,ward,10002,1437,1305,30.625046404929762,17
32,ward,10002,1437,1626,29.057178943835474,19
32,ward,10002,1437,1286,23.558249999999987,20
32,ward,10002,1437,1469,18.155302558725722,21
32,ward,10002,1437,1638,15.411934679397731,22
32,ward,10002,1437,1324,13.636593980899338,23
32,ward,10002,1437,1445,9.630213123568748,24
32,ward,10002,1437,1293,9.090000000000007,25
32,ward,10002,1437,1172,14.070492714158043,26
32,ward,10002,1437,1738,14.122845404866915,27
32,ward,10002,1437,1637,30.816651846135372,28
32,ward,10002,1437,1629,24.467249999999993,29
32,ward,10002,1437,1464,16.36764464577331,30
32,ward,10002,1437,1294,22.973573873175184,31
32,ward,10003,1438,1178,19.361827764125707,29
32,ward,10003,1438,1164,10.832249999999995,30
32,ward,10003,1438,1628,13.938000000000006,32
32,ward,10003,1438,1176,19.5009789134443,34
32,ward,10003,1438,1633,18.482999999999997,35
32,ward,10003,1438,1294,1.076247486483659,36
32,ward,10003,1438,3975,13.442192814017929,37
32,ward,10003,1438,3058,24.776637820017427,38
32,ward,10003,1438,1740,10.402097765570176,39
32,ward,10003,1438,1165,12.729230506624411,40
32,ward,10003,1438,1186,4.358954089895349,41
32,ward,10003,1438,1169,9.68216929914584,42
32,ward,10003,1438,1168,7.127846317584293,43
32,ward,10003,1438,1635,13.198911078991792,44
32,ward,10003,1438,1737,5.344088180403041,45
33,ward,10001,1438,1463,30.82015857273744,1
33,ward,10001,1438,1466,18.843054964402754,2
33,ward,10001,1438,10139,7.347407327709277,3
33,ward,10001,1438,1458,38.02257989719281,4
33,ward,10002,1437,1288,9.55203211830558,2
33,ward,10002,1437,1692,12.920871440895034,4
33,ward,10002,1437,1306,37.2840188088725,5
33,ward,10002,1437,1309,7.734427358334287,6
33,ward,10002,1437,1318,8.462930321433412,8
33,ward,10002,1437,1458,5.226741280567936,9
33,ward,10002,1437,1450,16.482872069337944,11
33,ward,10002,1437,1301,34.962980127437376,12
33,ward,10002,1437,1320,12.59059599121585,13
33,ward,10002,1437,1639,7.603220943726658,14
33,ward,10002,1437,1304,22.814039793022516,15
33,ward,10002,1437,1454,14.203424918361076,16
33,ward,10002,1437,1305,39.26182866681205,17
33,ward,10002,1437,1456,26.75429024041199,18
33,ward,10002,1437,1626,27.00396283826393,19
33,ward,10002,1437,1286,14.647784244455444,20
33,ward,10002,1437,1469,19.86628373966343,21
33,ward,10002,1437,1638,14.248434049527894,22
33,ward,10002,1437,1324,11.26149548979059,23
33,ward,10002,1437,1445,11.253995415317654,24
33,ward,10002,1437,1293,5.163953277604541,25
33,ward,10002,1437,1172,19.039072273055716,26
33,ward,10002,1437,1738,16.765850656162968,27
33,ward,10002,1437,1637,35.034400292784525,28
33,ward,10002,1437,1629,6.4781473454350404,29
33,ward,10003,1438,1464,29.141070942584932,25
33,ward,10003,1438,1178,29.27786628725822,29
33,ward,10003,1438,1164,7.304440855484003,30
33,ward,10003,1438,1628,6.18324923345299,32
33,ward,10003,1438,1629,8.829588199656108,33
33,ward,10003,1438,1176,18.109448030870375,34
33,ward,10003,1438,1633,12.244379252035436,35
33,ward,10003,1438,1294,19.221366009548873,36
33,ward,10003,1438,3975,9.297953288438016,37
33,ward,10003,1438,3058,22.296272015637513,38
33,ward,10003,1438,1740,19.74179611174077,39
33,ward,10003,1438,1165,22.66077260421816,40
33,ward,10003,1438,1186,11.761222046673979,41
33,ward,10003,1438,1169,17.19493150402331,42
33,ward,10026,1469,1169,5.6563540898562295,20
33,ward,10026,1469,1168,11.871471084898765,29
33,ward,10026,1469,1635,13.821665918726715,44
33,ward,10026,1469,1737,6.655219484058684,45
34,ward,10001,1438,1463,40.404069477475915,1
34,ward,10001,1438,1466,19.580515417816528,2
34,ward,10001,1438,10139,10.698911220222186,3
34,ward,10001,1438,1458,38.50858765180165,4
34,ward,10002,1437,1288,2.49089105915278,2
34,ward,10002,1437,1692,3.3420607204475203,4
34,ward,10002,1437,1306,34.091671430355476,5
34,ward,10002,1437,1309,1.8345886791671546,6
34,ward,10002,1437,1318,2.1104651607167,8
34,ward,10002,1437,1458,5.594864699820647,9
34,ward,10002,1437,1450,26.574894107759633,11
34,ward,10002,1437,1301,31.645781618044822,12
34,ward,10002,1437,1320,3.4799229956079216,13
34,ward,10002,1437,1639,1.819485471863338,14
34,ward,10002,1437,1304,14.77188627249798,15
34,ward,10002,1437,1454,10.544137486245013,16
34,ward,10002,1437,1305,27.638367928476242,17
34,ward,10002,1437,1456,49.57276294308454,18
34,ward,10002,1437,1626,13.29292747529648,19
34,ward,10002,1437,1286,3.3975171222277396,20
34,ward,10002,1437,1469,12.798464311105981,21
34,ward,10002,1437,1638,6.041657345366211,22
34,ward,10002,1437,1324,3.924778763995924,23
34,ward,10002,1437,1445,8.937409584090076,24
34,ward,10002,1437,1293,1.0669766388022595,25
34,ward,10002,1437,1172,17.2902934223698,26
34,ward,10002,1437,1738,13.891954923214584,27
34,ward,10002,1437,1637,19.462423300256845,28
34,ward,10002,1437,1629,3.5759927725455896,29
34,ward,10002,1437,1464,45.231015825519194,30
34,ward,10002,1437,1294,7.5283616451156234,31
34,ward,10002,1437,1628,0.7686246167264983,32
34,ward,10002,1437,1633,3.0416896260177353,33
34,ward,10002,1437,1164,1.8468454277419966,34
34,ward,10002,1437,1178,25.51398037950338,35
34,ward,10002,1437,1740,31.725675290300188,36
34,ward,10002,1437,1176,9.185620101990857,37
34,ward,10002,1437,3975,2.443033830201081,38
34,ward,10002,1437,3058,10.800873187801315,39
34,ward,10002,1437,1165,21.831155795484626,40
34,ward,10002,1437,1186,5.465243770814602,41
34,ward,10003,1438,1186,8.807663162627023,41
34,ward,10003,1438,1169,43.595348497793935,42
34,ward,10003,1438,1168,17.240389224865105,43
34,ward,10003,1438,1635,7.599421880371558,44
34,ward,10003,1438,1737,6.189771561626305,45
35,ward,10001,1438,1463,26.570718685604433,1
35,ward,10001,1438,1466,12.650266081442851,2
35,ward,10001,1438,10139,8.571310536487747,3
35,ward,10001,1438,1458,17.167861696008302,4
35,ward,10001,1438,1450,22.28459934309545,5
35,ward,10001,1438,1456,43.81639289755887,7
35,ward,10001,1438,1454,3.0910250135322457,8
35,ward,10001,1438,1469,4.020380269728221,10
35,ward,10001,1438,1445,4.281204056166395,14
35,ward,10001,1438,1306,1.9254071567144493,15
35,ward,10002,1437,1306,9.044048856245148,5
35,ward,10002,1437,1301,10.099520777163093,12
35,ward,10002,1437,1304,3.9928081879933757,15
35,ward,10002,1437,1305,7.866976797535131,17
35,ward,10002,1437,1626,2.7802855280822456,19
35,ward,10002,1437,1638,0.8916576603011279,22
35,ward,10002,1437,1324,0.340078009550318,23
35,ward,10002,1437,1172,8.91130681079867,26
35,ward,10002,1437,1738,7.063562861649864,27
35,ward,10002,1437,1637,4.248799076932315,28
35,ward,10002,1437,1464,37.317263917762986,30
35,ward,10002,1437,1294,1.1555893201705771,31
35,ward,10002,1437,1178,10.744681457699784,35
35,ward,10002,1437,1740,26.392545705429683,36
35,ward,10002,1437,1176,2.0286355432778436,37
35,ward,10002,1437,3975,0.02065359299103875,38
35,ward,10002,1437,3058,2.2693060899912894,39
35,ward,10002,1437,1165,9.766061442970724,40
35,ward,10002,1437,1186,7.834019290659199,41
35,ward,10002,1437,1169,38.914022172560024,42
35,ward,10002,1437,1168,13.794077393520347,43
35,ward,10002,1437,1635,1.7330444605041109,44
35,ward,10002,1437,1737,3.605906323337262,45
36,ward,10001,1438,1463,6.781732393367193,1
36,ward,10001,1438,1466,3.414348075756834,2
36,ward,10001,1438,10139,2.610762838869313,3
36,ward,10001,1438,1458,1.3389355430915941,4
36,ward,10001,1438,1450,6.931455204366756,5
36,ward,10001,1438,1456,13.938972657413046,7
36,ward,10001,1438,1469,0.32377103272739305,10
36,ward,10001,1438,1445,0.8879570786338533,14
36,ward,10001,1438,1172,1.8945354452517762,18
36,ward,10001,1438,1464,11.522807493766521,19
36,ward,10001,1438,1178,1.5223135598417912,25
36,ward,10001,1438,1738,1.5639070427222208,33
36,ward,10001,1438,1165,1.4617844641886109,38
36,ward,10001,1438,1186,1.5751642237379144,39
36,ward,10001,1438,1169,12.42932121475522,40
36,ward,10001,1438,1168,4.199000368208324,42
36,ward,10001,1438,1740,8.159646392143145,43
36,ward,10001,1438,1737,0.9028002756925169,45
36,icu,10001,1438,1463,3.802358160723113,1
36,icu,10001,1438,1466,4.463098660900325,2
36,icu,10001,1438,1458,11.25665254828429,4
36,icu,10001,1438,1450,2.7629610263141835,5
36,icu,10001,1438,1437,4.119999999999999,6
36,icu,10001,1438,1456,4.957451409611938,7
36,icu,10001,1438,1454,2.0599999999999996,8
36,icu,10001,1438,1639,1.4419999999999997,9
36,icu,10001,1438,1469,5.653109033858179,10
36,icu,10001,1438,1288,3.5019999999999993,11
36,icu,10001,1438,1692,3.755324031668603,12
36,icu,10002,1437,1692,0.5706759683313956,4
36,icu,10002,1437,1306,6.391474136001777,5
36,icu,10002,1437,1309,5.149999999999999,6
36,icu,10002,1437,1318,3.2959999999999994,8
36,icu,10002,1437,1301,8.239999999999998,12
36,icu,10002,1437,1320,5.355999999999999,13
36,icu,10002,1437,1304,5.892552248372958,15
36,icu,10002,1437,1305,11.388800338671919,17
36,icu,10002,1437,1626,7.415999999999999,19
36,icu,10002,1437,1286,6.797999999999998,20
36,icu,10002,1437,1638,3.7079999999999993,22
36,icu,10002,1437,1324,4.325999999999999,23
36,icu,10002,1437,1293,1.2359999999999998,25
36,icu,10002,1437,1172,7.003999999999999,26
36,icu,10002,1437,1738,4.397502310071065,27
36,icu,10002,1437,1637,14.625999999999998,28
36,icu,10002,1437,1629,5.355999999999999,29
36,icu,10002,1437,1464,6.732196231253965,30
36,icu,10002,1437,1294,8.033999999999999,31
36,icu,10002,1437,1628,4.119999999999999,32
36,icu,10002,1437,1633,3.2959999999999994,33
36,icu,10002,1437,1178,7.621999999999998,35
36,icu,10002,1437,1740,3.176593324767426,36
36,icu,10002,1437,1176,3.2959999999999994,37
36,icu,10002,1437,3975,2.0599999999999996,38
36,icu,10002,1437,3058,6.591999999999999,39
36,icu,10002,1437,1165,6.752593792388415,40
36,icu,10002,1437,1186,5.042436809647734,41
36,icu,10002,1437,1169,3.0147863719318444,42
36,icu,10002,1437,1168,2.2194338144214694,43
36,icu,10002,1437,1635,3.2959999999999994,44
36,icu,10002,1437,1737,1.6640159574675515,45
37,icu,10001,1438,1463,21.94764183927688,1
37,icu,10001,1438,1466,2.1289013390996736,2
37,icu,10001,1438,1458,9.755347451715703,4
37,icu,10001,1438,1450,7.125038973685818,5
37,icu,10001,1438,1456,8.731398095663682,7
37,icu,10002,1437,1306,0.612525863998223,5
37,icu,10002,1437,1304,0.9054477516270403,15
37,icu,10002,1437,1305,2.4131996613280773,17
37,icu,10002,1437,1456,5.8811504947243805,18
37,icu,10002,1437,1469,2.38089096614182,21
37,icu,10002,1437,1738,2.400497689928933,27
37,icu,10002,1437,1464,17.16380376874603,30
37,icu,10002,1437,1740,10.831406675232573,36
37,icu,10002,1437,1165,2.311406207611581,40
37,icu,10002,1437,1186,4.021563190352266,41
37,icu,10002,1437,1169,14.083213628068147,42
37,icu,10002,1437,1168,1.07656618557853,43
37,icu,10002,1437,1737,1.6319840425324479,45
40,ward,10001,1438,1463,0.6074691601320552,1
40,ward,10001,1438,1466,0.9298122210209101,2
40,ward,10001,1438,10139,0.2854542486380254,3
40,ward,10001,1438,1458,0.2783894340140307,4
40,ward,10001,1438,1450,0.5756168804821016,5
40,ward,10001,1438,1437,1.0410176587975428,6
40,ward,10001,1438,1456,0.7723161111904631,7
40,ward,10001,1438,1454,0.558581270409718,8
40,ward,10001,1438,1639,1.072382264068331,9
40,ward,10001,1438,1469,1.1777310487204318,10
40,ward,10001,1438,1288,1.0396794704236,11
40,ward,10001,1438,1692,1.4473446397762402,12
40,ward,10001,1438,1318,1.0657674196416593,13
40,ward,10001,1438,1445,0.624710106853648,14
40,ward,10001,1438,1306,0.4128702977818648,15
40,ward,10001,1438,1626,1.9034467904340175,16
40,ward,10001,1438,1309,1.1153306604164364,17
40,ward,10001,1438,1172,0.8453392091101506,18
40,ward,10001,1438,1464,1.0617660174704895,19
40,ward,10001,1438,1301,0.31137996814064195,20
40,ward,10001,1438,1320,1.075413502196021,21
40,ward,10001,1438,1304,1.2276150517443654,22
40,ward,10001,1438,1305,1.7742928332969825,23
40,ward,10001,1438,1638,0.7367039876180357,24
40,ward,10001,1438,1178,0.9904391482645991,25
40,ward,10001,1438,1164,0.8819522861289997,26
40,ward,10001,1438,1286,2.2276164388861304,27
40,ward,10001,1438,1176,1.3622004922823976,28
40,ward,10001,1438,1637,1.0699624268038832,29
40,ward,10001,1438,1628,1.9386876916367513,30
40,ward,10001,1438,3975,1.0463866778904958,31
40,ward,10001,1438,1324,0.763813627552345,32
40,ward,10001,1438,1738,0.9161463145981159,33
40,ward,10001,1438,1293,0.9815116805988637,34
40,ward,10001,1438,1629,2.289878613727211,35
40,ward,10001,1438,1633,1.5596551869911437,36
40,ward,10001,1438,3058,1.7547444960906233,37
40,ward,10001,1438,1165,0.5729146168511505,38
40,ward,10001,1438,1186,0.09748737646254568,39
40,ward,10001,1438,1169,0.6280804941524991,40
40,ward,10001,1438,1294,1.7849084976127756,41
40,ward,10001,1438,1168,0.46238204467115196,42
40,ward,10001,1438,1740,0.6617902759932122,43
40,ward,10001,1438,1635,0.7108335203183103,44
40,ward,10001,1438,1737,0.3466699911390698,45
41,ward,10001,1438,1463,3.1210305309611073,1
41,ward,10001,1438,1466,4.777151698098081,2
41,ward,10001,1438,10139,1.466595316539518,3
41,ward,10001,1438,1458,1.4302979971295429,4
41,ward,10001,1438,1450,2.957381174265379,5
41,ward,10001,1438,1437,4.978927976392612,6
41,ward,10001,1438,1456,3.9679745422050416,7
41,ward,10001,1438,1454,2.869856304463063,8
41,ward,10001,1438,1639,5.199271792205018,9
41,ward,10001,1438,1469,6.050899044024646,10
41,ward,10001,1438,1288,5.404163411270808,11
41,ward,10001,1438,1692,7.460408919328678,12
41,ward,10001,1438,1318,5.318302258924952,13
41,ward,10001,1438,1445,3.20961037111163,14
41,ward,10001,1438,1306,2.24313288686578,15
41,ward,10001,1438,1626,10.0898226072609,16
41,ward,10001,1438,1309,5.378616981249266,17
41,ward,10001,1438,1172,4.343149667182999,18
41,ward,10001,1438,1464,5.455098587296476,19
41,ward,10001,1438,1301,1.9191295158404387,20
41,ward,10001,1438,1320,6.041615506588094,21
41,ward,10001,1438,1304,6.307191061236438,22
41,ward,10001,1438,1305,9.115890101123426,23
41,ward,10001,1438,1638,4.630158132703507,24
41,ward,10001,1438,1178,5.168665275785543,25
41,ward,10001,1438,1164,4.4512318583870005,26
41,ward,10001,1438,1286,10.609224316658427,27
41,ward,10001,1438,1176,6.998658705208314,28
41,ward,10001,1438,1637,7.637862741945455,29
41,ward,10001,1438,1628,8.139063074910261,30
41,ward,10001,1438,3975,5.376083237175969,31
41,ward,10001,1438,1324,4.507526877881901,32
41,ward,10001,1438,1738,4.706939555691719,33
41,ward,10001,1438,1293,4.459535041796599,34
41,ward,10001,1438,1629,10.947510841181654,35
41,ward,10001,1438,1633,7.7594655609734104,36
41,ward,10001,1438,3058,9.015455443276267,37
41,ward,10001,1438,1165,2.9434975932566942,38
41,ward,10001,1438,1186,0.5008667077959643,39
41,ward,10001,1438,1169,3.226926610932651,40
41,ward,10001,1438,1294,9.170430832753041,41
41,ward,10001,1438,1168,2.375607805461563,42
41,ward,10001,1438,1740,3.4001193674079957,43
41,ward,10001,1438,1635,4.043478330702904,44
41,ward,10001,1438,1737,1.7811070874411037,45
42,ward,10001,1438,1463,9.52219127527546,1
42,ward,10001,1438,1466,11.014095509269595,2
42,ward,10001,1438,10139,3.38134978971771,3
42,ward,10001,1438,1458,9.512825181744475,4
42,ward,10001,1438,1450,6.81847275723797,5
42,ward,10001,1438,1437,9.505535317595076,6
42,ward,10001,1438,1456,9.148474519575245,7
42,ward,10001,1438,1454,7.439125020521104,8
42,ward,10001,1438,1639,10.073264528136654,9
42,ward,10001,1438,1469,13.950819274667033,10
42,ward,10001,1438,1288,11.21985894084721,11
42,ward,10001,1438,1692,15.368189279552489,12
42,ward,10001,1438,1318,10.615534839283292,13
42,ward,10001,1438,1445,7.40000682604235,14
42,ward,10001,1438,1306,10.328556576124356,15
42,ward,10001,1438,1626,22.714965288744665,16
42,ward,10001,1438,1309,10.361161320832835,17
42,ward,10001,1438,1172,10.533056815151824,18
42,ward,10001,1438,1464,12.577154892712684,19
42,ward,10001,1438,1301,9.612478770536725,20
42,ward,10001,1438,1320,13.412327004392083,21
42,ward,10001,1438,1304,14.9490178214987,22
42,ward,10001,1438,1305,4.500927567133417,23
42,ward,10002,1437,1305,18.15319290315786,17
42,ward,10002,1437,1286,20.160732877772276,20
42,ward,10002,1437,1638,11.599421484784344,22
42,ward,10002,1437,1324,10.562010240779223,23
42,ward,10002,1437,1293,8.02302336119773,25
42,ward,10002,1437,1738,10.852215943527057,27
42,ward,10002,1437,1637,21.976226238209264,28
42,ward,10002,1437,1629,20.89125722745441,29
42,ward,10002,1437,1294,19.410433014969698,31
42,ward,10002,1437,1628,13.169375383273497,32
42,ward,10002,1437,1633,15.441310373982283,33
42,ward,10002,1437,1164,8.985404572257988,34
42,ward,10002,1437,1178,13.859140009583811,35
42,ward,10002,1437,1740,7.939377974199871,36
42,ward,10002,1437,1176,15.386947669648066,37
42,ward,10002,1437,3975,11.05079296629443,38
42,ward,10002,1437,3058,19.6490298571943,39
42,ward,10002,1437,1165,8.735198229717739,40
42,ward,10002,1437,1186,2.5828563762810717,41
42,ward,10002,1437,1169,7.439930766353157,42
42,ward,10002,1437,1168,5.477148919582582,43
42,ward,10002,1437,1635,9.932100349880493,44
42,ward,10002,1437,1737,4.106481186503551,45
43,ward,10001,1438,1463,22.418709190815107,1
43,ward,10001,1438,1466,16.58828351439383,2
43,ward,10001,1438,10139,5.873912385670856,3
43,ward,10001,1438,1458,29.985577207509408,4
43,ward,10001,1438,1450,12.678144498123686,5
43,ward,10001,1438,1437,9.053214682404942,6
43,ward,10001,1438,1456,19.32996120876666,7
43,ward,10001,1438,1454,12.229562445648277,8
43,ward,10001,1438,1639,9.74798547186331,9
43,ward,10001,1438,1469,19.010793149194583,10
43,ward,10001,1438,1288,11.63139105915279,11
43,ward,10001,1438,1692,15.815560720447522,12
43,ward,10001,1438,1318,10.594465160716698,13
43,ward,10001,1438,1445,10.442104269443202,14
43,ward,10001,1438,1306,27.14030339147665,15
43,ward,10001,1438,1626,5.802979790371282,16
43,ward,10002,1437,1309,9.965088679167145,6
43,ward,10002,1437,1301,25.486219286555638,12
43,ward,10002,1437,1320,14.741422995607948,13
43,ward,10002,1437,1304,21.276461708517928,15
43,ward,10002,1437,1305,34.94343753587097,17
43,ward,10002,1437,1626,22.22759110067841,19
43,ward,10002,1437,1286,19.103017122227726,20
43,ward,10002,1437,1638,14.830184364462834,22
43,ward,10002,1437,1324,12.449044735344984,23
43,ward,10002,1437,1293,7.1269766388022795,25
43,ward,10002,1437,1172,16.554782493606865,26
43,ward,10002,1437,1738,15.444348030514917,27
43,ward,10002,1437,1637,32.925526069459934,28
43,ward,10002,1437,1629,19.887492772545578,29
43,ward,10002,1437,1464,22.754357794179157,30
43,ward,10002,1437,1294,21.63559368460387,31
43,ward,10002,1437,1628,10.060624616726496,32
43,ward,10002,1437,1633,15.363689626017724,33
43,ward,10002,1437,1164,9.068345427741995,34
43,ward,10002,1437,1178,24.319847025691956,35
43,ward,10002,1437,1740,15.071946938655458,36
43,ward,10002,1437,1176,18.805213472157334,37
43,ward,10002,1437,3975,11.370073051227958,38
43,ward,10002,1437,3058,23.53645491782745,39
43,ward,10002,1437,1165,17.6950015554213,40
43,ward,10002,1437,1186,8.060088068284664,41
43,ward,10002,1437,1169,16.266727446512647,42
43,ward,10002,1437,1168,9.499658701241522,43
43,ward,10002,1437,1635,13.51028849885925,44
43,ward,10002,1437,1737,5.999653832230862,45
44,ward,10001,1438,1463,35.61211402510669,1
44,ward,10001,1438,1466,19.211785191109634,2
44,ward,10001,1438,10139,9.023159273965739,3
44,ward,10001,1438,1458,43.6763867646915,4
44,ward,10001,1438,1450,21.52888308854878,5
44,ward,10001,1438,1437,4.3004470236073935,6
44,ward,10001,1438,1456,38.163526591748266,7
44,ward,10001,1438,1454,12.373781202303046,8
44,ward,10001,1438,1639,4.71135320779501,9
44,ward,10001,1438,1469,16.332374025384695,10
44,ward,10001,1438,1288,6.0214615887291565,11
44,ward,10001,1438,1692,8.13146608067131,12
44,ward,10001,1438,1318,5.286697741075045,13
44,ward,10001,1438,1445,10.095702499703847,14
44,ward,10001,1438,1306,4.8493656126216,15
44,ward,10002,1437,1306,30.838479506992368,5
44,ward,10002,1437,1309,4.784508018750728,6
44,ward,10002,1437,1301,33.30438087274108,12
44,ward,10002,1437,1320,8.0352594934119,13
44,ward,10002,1437,1304,18.792963032760262,15
44,ward,10002,1437,1305,33.45009829764409,17
44,ward,10002,1437,1626,20.1484451567802,19
44,ward,10002,1437,1286,9.022650683341631,20
44,ward,10002,1437,1638,10.145045697447053,22
44,ward,10002,1437,1324,7.593137126893264,23
44,ward,10002,1437,1293,3.115464958203404,25
44,ward,10002,1437,1172,18.164682847712747,26
44,ward,10002,1437,1738,15.328902789688804,27
44,ward,10002,1437,1637,27.2484117965207,28
44,ward,10002,1437,1629,9.44186415881839,29
44,ward,10002,1437,1464,37.18604338405217,30
44,ward,10002,1437,1294,13.37486382733227,31
44,ward,10002,1437,1628,3.4759369250897407,32
44,ward,10002,1437,1633,7.643034439026572,33
44,ward,10002,1437,1164,4.575643141612993,34
44,ward,10002,1437,1178,27.395923333380807,35
44,ward,10002,1437,1740,25.73373570102045,36
44,ward,10002,1437,1176,13.647534066430609,37
44,ward,10002,1437,3975,5.870493559319538,38
44,ward,10002,1437,3058,16.54857260171942,39
44,ward,10002,1437,1165,22.245964199851386,40
44,ward,10002,1437,1186,13.017064490057788,41
44,ward,10002,1437,1169,33.22331704583674,42
44,ward,10002,1437,1168,14.555930154881942,43
44,ward,10002,1437,1635,10.710543899549144,44
44,ward,10002,1437,1737,6.4224955228424925,45
45,ward,10001,1438,1463,33.48739408154013,1
45,ward,10001,1438,1466,16.115390749629682,2
45,ward,10001,1438,10139,9.635110878354958,3
45,ward,10001,1438,1458,30.63565702381527,4
45,ward,10001,1438,1450,24.429746725427584,5
45,ward,10001,1438,1437,0.8148573412024476,6
45,ward,10001,1438,1456,46.69457792032178,7
45,ward,10001,1438,1454,6.817581249888654,8
45,ward,10001,1438,1639,0.9097427359316654,9
45,ward,10001,1438,1469,8.40942229041709,10
45,ward,10001,1438,1288,1.2454455295763935,11
45,ward,10001,1438,1692,1.671030360223753,12
45,ward,10001,1438,1318,1.05523258035835,13
45,ward,10001,1438,1445,6.609306820128218,14
45,ward,10001,1438,1306,22.5305637216575,15
45,ward,10001,1438,1626,8.036606501689349,16
45,ward,10001,1438,1309,0.9172943395835773,17
45,ward,10001,1438,1172,13.100800116584253,18
45,ward,10001,1438,1464,24.46830256951604,19
45,ward,10002,1437,1301,20.872651197603943,12
45,ward,10002,1437,1320,1.7399614978039608,13
45,ward,10002,1437,1304,9.38234723024567,15
45,ward,10002,1437,1305,17.752672363005672,17
45,ward,10002,1437,1286,1.698758561113877,20
45,ward,10002,1437,1638,3.4666575028336766,22
45,ward,10002,1437,1324,2.1324283867731353,23
45,ward,10002,1437,1293,0.5334883194011297,25
45,ward,10002,1437,1738,10.47775889243222,27
45,ward,10002,1437,1637,11.855611188594551,28
45,ward,10002,1437,1629,1.7879963862727664,29
45,ward,10002,1437,1464,16.805837302125028,30
45,ward,10002,1437,1294,4.341975482643107,31
45,ward,10002,1437,1628,0.38431230836324914,32
45,ward,10002,1437,1633,1.5208448130088712,33
45,ward,10002,1437,1164,0.9234227138709912,34
45,ward,10002,1437,1178,18.129330918601582,35
45,ward,10002,1437,1740,29.05911049786495,36
45,ward,10002,1437,1176,5.607127822634389,37
45,ward,10002,1437,3975,1.2318437115960705,38
45,ward,10002,1437,3058,6.5350896388963235,39
45,ward,10002,1437,1165,15.798608619227657,40
45,ward,10002,1437,1186,11.053463112050423,41
45,ward,10002,1437,1169,41.25468533517699,42
45,ward,10002,1437,1168,15.517233309192711,43
45,ward,10002,1437,1635,4.6662331704378275,44
45,ward,10002,1437,1737,4.89783894248178,45
46,ward,10001,1438,1463,16.67622553948577,1
46,ward,10001,1438,1466,8.032307078599842,2
46,ward,10001,1438,10139,5.591036687678514,3
46,ward,10001,1438,1458,9.25339861954997,4
46,ward,10001,1438,1450,14.60802727373111,5
46,ward,10001,1438,1456,28.877682777485973,7
46,ward,10001,1438,1454,1.5455125067661157,8
46,ward,10001,1438,1469,2.1720756512278285,10
46,ward,10001,1438,1445,2.584580567400131,14
46,ward,10001,1438,1306,5.484728006479827,15
46,ward,10001,1438,1626,1.39014276404113,16
46,ward,10001,1438,1172,5.402921128025227,18
46,ward,10001,1438,1464,24.42003570576479,19
46,ward,10001,1438,1301,5.0497603885815465,20
46,ward,10001,1438,1304,1.9964040939966878,22
46,ward,10001,1438,1305,3.9334883987675653,23
46,ward,10001,1438,1638,0.4458288301505675,24
46,ward,10001,1438,1178,6.133497508770802,25
46,ward,10001,1438,1176,1.014317771638943,28
46,ward,10001,1438,1637,2.1243995384661645,29
46,ward,10001,1438,3975,0.010326796495519375,31
46,ward,10001,1438,1324,0.17003900477515543,32
46,ward,10001,1438,1738,4.313734952186046,33
46,ward,10001,1438,3058,1.1346530449956163,37
46,ward,10001,1438,1165,5.613922953579674,38
46,ward,10001,1438,1186,4.704591757198557,39
46,ward,10001,1438,1169,25.671671693657586,40
46,ward,10001,1438,1294,0.577794660085317,41
46,ward,10001,1438,1168,8.996538880864343,42
46,ward,10001,1438,1740,17.276096048786428,43
46,ward,10001,1438,1635,0.8665222302520519,44
46,ward,10001,1438,1737,2.254353299514886,45
47,ward,10001,1438,1463,3.3908661966835467,1
47,ward,10001,1438,1466,1.707174037878417,2
47,ward,10001,1438,10139,1.3053814194346458,3
47,ward,10001,1438,1458,0.6694677715457544,4
47,ward,10001,1438,1450,3.465727602183364,5
47,ward,10001,1438,1456,6.96948632870658,7
47,ward,10001,1438,1469,0.16188551636369652,10
47,ward,10001,1438,1445,0.4439785393169231,14
47,ward,10001,1438,1172,0.947267722625881,18
47,ward,10001,1438,1464,5.761403746883246,19
47,ward,10001,1438,1178,0.7611567799208956,25
47,ward,10001,1438,1738,0.7819535213611033,33
47,ward,10001,1438,1165,0.7308922320943054,38
47,ward,10001,1438,1186,0.7875821118689572,39
47,ward,10001,1438,1169,6.214660607377624,40
47,ward,10001,1438,1168,2.099500184104137,42
47,ward,10001,1438,1740,4.079823196071629,43
47,ward,10001,1438,1737,0.4514001378462531,45
48,icu,10001,1438,1463,3.802358160723113,1
48,icu,10001,1438,1466,4.463098660900325,2
48,icu,10001,1438,1458,11.25665254828429,4
48,icu,10001,1438,1450,2.76296102631418,5
48,icu,10001,1438,1437,4.119999999999999,6
48,icu,10001,1438,1456,4.957451409611938,7
48,icu,10001,1438,1454,2.0599999999999996,8
48,icu,10001,1438,1639,1.4419999999999997,9
48,icu,10001,1438,1469,5.653109033858179,10
48,icu,10001,1438,1288,3.5019999999999993,11
48,icu,10001,1438,1692,4.325999999999999,12
48,icu,10001,1438,1318,3.2959999999999994,13
48,icu,10001,1438,1306,6.391474136001777,15
48,icu,10001,1438,1626,7.415999999999999,16
48,icu,10001,1438,1309,5.149999999999999,17
48,icu,10001,1438,1172,7.003999999999999,18
48,icu,10001,1438,1464,5.684554929162593,19
48,icu,10002,1437,1301,8.239999999999998,12
48,icu,10002,1437,1320,5.355999999999999,13
48,icu,10002,1437,1304,5.892552248372958,15
48,icu,10002,1437,1305,11.388800338671919,17
48,icu,10002,1437,1286,6.797999999999998,20
48,icu,10002,1437,1638,3.7079999999999993,22
48,icu,10002,1437,1324,4.325999999999999,23
48,icu,10002,1437,1293,1.2359999999999998,25
48,icu,10002,1437,1738,4.397502310071065,27
48,icu,10002,1437,1637,14.625999999999998,28
48,icu,10002,1437,1629,5.355999999999999,29
48,icu,10002,1437,1464,1.0476413020913649,30
48,icu,10002,1437,1294,8.033999999999999,31
48,icu,10002,1437,1628,4.119999999999999,32
48,icu,10002,1437,1633,3.2959999999999994,33
48,icu,10002,1437,1178,7.621999999999998,35
48,icu,10002,1437,1740,3.176593324767426,36
48,icu,10002,1437,1176,3.2959999999999994,37
48,icu,10002,1437,3975,2.0599999999999996,38
48,icu,10002,1437,3058,6.591999999999999,39
48,icu,10002,1437,1165,6.752593792388415,40
48,icu,10002,1437,1186,5.0424368096477306,41
48,icu,10002,1437,1169,3.0147863719318444,42
48,icu,10002,1437,1168,2.2194338144214694,43
48,icu,10002,1437,1635,3.2959999999999994,44
48,icu,10002,1437,1737,1.6640159574675515,45
49,icu,10001,1438,1463,21.94764183927688,1
49,icu,10001,1438,1466,2.1289013390996736,2
49,icu,10001,1438,1458,9.755347451715703,4
49,icu,10001,1438,1450,7.125038973685818,5
49,icu,10001,1438,1456,14.612548590388062,7
49,icu,10001,1438,1469,2.38089096614182,10
49,icu,10001,1438,1306,0.6125258639982194,15
49,icu,10001,1438,1464,17.16380376874603,19
49,icu,10001,1438,1304,0.9054477516270403,22
49,icu,10001,1438,1305,2.4131996613280773,23
49,icu,10001,1438,1738,1.3338583451843942,33
49,icu,10002,1437,1738,1.066639344744539,27
49,icu,10002,1437,1740,10.831406675232573,36
49,icu,10002,1437,1165,2.311406207611581,40
49,icu,10002,1437,1186,4.021563190352266,41
49,icu,10002,1437,1169,14.083213628068147,42
49,icu,10002,1437,1168,1.07656618557853,43
49,icu,10002,1437,1737,1.6319840425324479,45
50,ward,10001,1438,1463,0.3037345800660347,1
50,ward,10001,1438,1466,0.4649061105104835,2
50,ward,10001,1438,10139,0.14272712431901624,3
50,ward,10001,1438,1458,0.1391947170069585,4
50,ward,10001,1438,1450,0.2878084402410508,5
50,ward,10001,1438,1437,0.5205088293987785,6
50,ward,10001,1438,1456,0.3861580555952173,7
50,ward,10001,1438,1454,0.27929063520484476,8
50,ward,10001,1438,1639,0.5361911320341513,9
50,ward,10001,1438,1469,0.5888655243602443,10
50,ward,10001,1438,1288,0.5198397352118107,11
50,ward,10001,1438,1692,0.7236723198881094,12
50,ward,10001,1438,1318,0.5328837098208297,13
50,ward,10001,1438,1445,0.31235505342682046,14
50,ward,10001,1438,1306,0.2064351488909324,15
50,ward,10001,1438,1626,0.9517233952170301,16
50,ward,10001,1438,1309,0.5576653302082306,17
50,ward,10001,1438,1172,0.422669604555054,18
50,ward,10001,1438,1464,0.5308830087352305,19
50,ward,10001,1438,1301,0.15568998407029255,20
50,ward,10001,1438,1320,0.537706751098014,21
50,ward,10001,1438,1304,0.6138075258721472,22
50,ward,10001,1438,1305,0.887146416648406,23
50,ward,10001,1438,1638,0.3683519938090214,24
50,ward,10001,1438,1178,0.49521957413230666,25
50,ward,10001,1438,1164,0.44097614306450694,26
50,ward,10001,1438,1286,1.1138082194430368,27
50,ward,10001,1438,1176,0.6811002461411846,28
50,ward,10001,1438,1637,0.5349812134019629,29
50,ward,10001,1438,1628,0.9693438458183579,30
50,ward,10001,1438,3975,0.5231933389452479,31
50,ward,10001,1438,1324,0.38190681377616187,32
50,ward,10001,1438,1738,0.4580731572990402,33
50,ward,10001,1438,1293,0.49075584029942476,34
50,ward,10001,1438,1629,1.1449393068635771,35
50,ward,10001,1438,1633,0.7798275934955754,36
50,ward,10001,1438,3058,0.8773722480453046,37
50,ward,10001,1438,1165,0.28645730842555395,38
50,ward,10001,1438,1186,0.0487436882312835,39
50,ward,10001,1438,1169,0.3140402470762922,40
50,ward,10001,1438,1294,0.8924542488063878,41
50,ward,10001,1438,1168,0.23119102233555822,42
50,ward,10001,1438,1740,0.3308951379966061,43
50,ward,10001,1438,1635,0.3554167601591516,44
50,ward,10001,1438,1737,0.17333499556952248,45
51,ward,10001,1438,1463,1.8642498455465812,1
51,ward,10001,1438,1466,2.8534819595595025,2
51,ward,10001,1438,10139,0.8760247825887788,3
51,ward,10001,1438,1458,0.8543437155717726,4
51,ward,10001,1438,1450,1.766499027373726,5
51,ward,10001,1438,1437,3.0099728175950773,6
51,ward,10001,1438,1456,2.370145326697809,7
51,ward,10001,1438,1454,1.71421878743638,8
51,ward,10001,1438,1639,3.1358270281366707,9
51,ward,10001,1438,1469,3.6143150463725675,10
51,ward,10001,1438,1288,3.2219214408472183,11
51,ward,10001,1438,1692,4.453876779552445,12
51,ward,10001,1438,1318,3.1920348392833056,13
51,ward,10001,1438,1445,1.9171602389826532,14
51,ward,10001,1438,1306,1.3280015923238295,15
51,ward,10001,1438,1626,5.996634698847473,16
51,ward,10001,1438,1309,3.2469738208328565,17
51,ward,10001,1438,1172,2.594244438146589,18
51,ward,10001,1438,1464,3.2584323023834543,19
51,ward,10001,1438,1301,1.115254741990526,20
51,ward,10001,1438,1320,3.5585145043920505,21
51,ward,10001,1438,1304,3.767403056490366,22
51,ward,10001,1438,1305,5.445091467210219,23
51,ward,10001,1438,1638,2.683431060160764,24
51,ward,10001,1438,1178,3.079552212025078,25
51,ward,10001,1438,1164,2.666592072257991,26
51,ward,10001,1438,1286,6.418420377772243,27
51,ward,10001,1438,1176,4.180429598745356,28
51,ward,10001,1438,1637,4.353912584374726,29
51,ward,10001,1438,1628,5.0388753832735205,30
51,ward,10001,1438,3975,3.211234957533236,31
51,ward,10001,1438,1324,2.6356702527171123,32
51,ward,10001,1438,1738,2.811542935144871,33
51,ward,10001,1438,1293,2.7205233611977278,34
51,ward,10001,1438,1629,6.618694727454432,35
51,ward,10001,1438,1633,4.659560373982266,36
51,ward,10001,1438,3058,5.385099969683466,37
51,ward,10001,1438,1165,1.758206105053958,38
51,ward,10001,1438,1186,0.29917704212925145,39
51,ward,10001,1438,1169,1.9275035525426176,40
51,ward,10001,1438,1294,5.47766966518293,41
51,ward,10001,1438,1168,1.4189949250663503,42
51,ward,10001,1438,1740,2.030954821700689,43
51,ward,10001,1438,1635,2.3771559255106,44
51,ward,10001,1438,1737,1.0638885392900868,45
52,ward,10001,1438,1463,6.321610903118241,1
52,ward,10001,1438,1466,7.895623603683774,2
52,ward,10001,1438,10139,2.423972553128614,3
52,ward,10001,1438,1458,5.471561589437016,4
52,ward,10001,1438,1450,4.887926965751674,5
52,ward,10001,1438,1437,7.242231646993837,6
52,ward,10001,1438,1456,6.558224530890158,7
52,ward,10001,1438,1454,5.154490662492101,8
52,ward,10001,1438,1639,7.6362681601708395,9
52,ward,10001,1438,1469,10.00085915934585,10
52,ward,10001,1438,1288,8.312011176059027,11
52,ward,10001,1438,1692,11.414299099440584,12
52,ward,10001,1438,1318,7.9669185491041254,13
52,ward,10001,1438,1445,5.30480859857699,14
52,ward,10001,1438,1306,6.285844731495047,15
52,ward,10001,1438,1626,16.402393948002796,16
52,ward,10001,1438,1309,7.869889151041029,17
52,ward,10001,1438,1172,7.438103241167447,18
52,ward,10001,1438,1464,9.01612674000458,19
52,ward,10001,1438,1301,5.765804143188603,20
52,ward,10001,1438,1320,9.726971255490064,21
52,ward,10001,1438,1304,10.62810444136754,22
52,ward,10001,1438,1305,15.885005285707308,23
52,ward,10001,1438,1638,8.114789808743922,24
52,ward,10001,1438,1178,9.513902642684684,25
52,ward,10001,1438,1164,6.7183182153224905,26
52,ward,10001,1438,1286,15.384978597215344,27
52,ward,10001,1438,1176,11.192803187428169,28
52,ward,10001,1438,1637,14.807044490077388,29
52,ward,10001,1438,1628,10.654219229091861,30
52,ward,10001,1438,3975,5.299555362878156,31
52,ward,10002,1437,1324,7.534768559330548,23
52,ward,10002,1437,1293,6.241279201497157,25
52,ward,10002,1437,1738,7.779577749609416,27
52,ward,10002,1437,1629,15.919384034317986,29
52,ward,10002,1437,1294,14.290431923861334,31
52,ward,10002,1437,1633,11.60038796747785,33
52,ward,10002,1437,1740,5.669748670803955,36
52,ward,10002,1437,3975,2.9138827388570547,38
52,ward,10002,1437,3058,14.332242650235315,39
52,ward,10002,1437,1165,5.839347911487238,40
52,ward,10002,1437,1186,1.541861542038525,41
52,ward,10002,1437,1169,5.333428688642982,42
52,ward,10002,1437,1168,3.926378362522094,43
52,ward,10002,1437,1635,6.987789340291691,44
52,ward,10002,1437,1737,2.943794136972329,45
53,ward,10001,1438,1463,15.970450233045327,1
53,ward,10001,1438,1466,13.801189511831723,2
53,ward,10001,1438,10139,4.6276310876942865,3
53,ward,10001,1438,1458,19.74920119462699,4
53,ward,10001,1438,1450,9.748308627680842,5
53,ward,10001,1438,1437,9.279374999999987,6
53,ward,10001,1438,1456,14.239217864170996,7
53,ward,10001,1438,1454,9.834343733084694,8
53,ward,10001,1438,1639,9.910624999999985,9
53,ward,10001,1438,1469,16.48080621193079,10
53,ward,10001,1438,1288,11.42562500000001,11
53,ward,10001,1438,1692,15.59187499999998,12
53,ward,10001,1438,1318,10.605000000000011,13
53,ward,10001,1438,1445,8.921055547742789,14
53,ward,10001,1438,1306,18.734429983800453,15
53,ward,10001,1438,1626,25.372768089897207,16
53,ward,10001,1438,1309,10.163124999999976,17
53,ward,10001,1438,1172,13.543919654379366,18
53,ward,10001,1438,1464,5.947986386591229,19
53,ward,10002,1437,1301,17.549349028546203,12
53,ward,10002,1437,1320,14.076874999999994,13
53,ward,10002,1437,1304,18.11273976500827,15
53,ward,10002,1437,1305,28.79877900308118,17
53,ward,10002,1437,1286,19.63187499999995,20
53,ward,10002,1437,1638,13.21480292462359,22
53,ward,10002,1437,1324,11.505527488062093,23
53,ward,10002,1437,1293,7.57500000000001,25
53,ward,10002,1437,1738,13.148281987020972,27
53,ward,10002,1437,1637,27.450876153834614,28
53,ward,10002,1437,1629,20.38937499999996,29
53,ward,10002,1437,1464,11.71776995685465,30
53,ward,10002,1437,1294,20.523013349786794,31
53,ward,10002,1437,1628,11.614999999999995,32
53,ward,10002,1437,1633,15.40250000000001,33
53,ward,10002,1437,1164,9.026875000000008,34
53,ward,10002,1437,1178,19.08949351763789,35
53,ward,10002,1437,1740,11.505662456427643,36
53,ward,10002,1437,1176,17.096080570902686,37
53,ward,10002,1437,3975,11.210433008761186,38
53,ward,10002,1437,3058,21.592742387510825,39
53,ward,10002,1437,1165,13.215099892569498,40
53,ward,10002,1437,1186,5.321472222282864,41
53,ward,10002,1437,1169,11.853329106432923,42
53,ward,10002,1437,1168,7.488403810412059,43
53,ward,10002,1437,1635,11.721194424369855,44
53,ward,10002,1437,1737,5.053067509367192,45
54,ward,10001,1438,1463,29.015411607960957,1
54,ward,10001,1438,1466,17.900034352751703,2
54,ward,10001,1438,10139,7.448535829818308,3
54,ward,10001,1438,1458,36.830981986100525,4
54,ward,10001,1438,1450,17.103513793336205,5
54,ward,10001,1438,1437,6.67683085300618,6
54,ward,10001,1438,1456,28.746743900257428,7
54,ward,10001,1438,1454,12.301671823975646,8
54,ward,10001,1438,1639,7.229669339829165,9
54,ward,10001,1438,1469,17.67158358728966,10
54,ward,10001,1438,1288,8.826426323940986,11
54,ward,10001,1438,1692,11.97351340055944,12
54,ward,10001,1438,1318,7.940581450895863,13
54,ward,10001,1438,1445,10.268903384573548,14
54,ward,10001,1438,1306,1.2776485913902604,15
54,ward,10002,1437,1306,30.136425664155027,5
54,ward,10002,1437,1309,7.374798348958933,6
54,ward,10002,1437,1301,29.395300079648365,12
54,ward,10002,1437,1320,11.388341244509917,13
54,ward,10002,1437,1304,20.034712370639113,15
54,ward,10002,1437,1305,34.196767916757494,17
54,ward,10002,1437,1626,24.089508023914973,19
54,ward,10002,1437,1286,14.062833902784703,20
54,ward,10002,1437,1638,12.487615030954935,22
54,ward,10002,1437,1324,10.021090931119119,23
54,ward,10002,1437,1293,5.121220798502833,25
54,ward,10002,1437,1172,17.359732670659824,26
54,ward,10002,1437,1738,15.386625410101843,27
54,ward,10002,1437,1637,30.086968932990274,28
54,ward,10002,1437,1629,14.664678465682002,29
54,ward,10002,1437,1464,29.970200589115635,30
54,ward,10002,1437,1294,17.50522875596809,31
54,ward,10002,1437,1628,6.7682807709081345,32
54,ward,10002,1437,1633,11.503362032522126,33
54,ward,10002,1437,1164,6.821994284677491,34
54,ward,10002,1437,1178,25.857885179536353,35
54,ward,10002,1437,1740,20.402841319837933,36
54,ward,10002,1437,1176,16.22637376929393,37
54,ward,10002,1437,3975,8.620283305273738,38
54,ward,10002,1437,3058,20.0425137597734,39
54,ward,10002,1437,1165,19.9704828776364,40
54,ward,10002,1437,1186,10.538576279171217,41
54,ward,10002,1437,1169,24.7450222461747,42
54,ward,10002,1437,1168,12.027794428061732,43
54,ward,10002,1437,1635,12.110416199204202,44
54,ward,10002,1437,1737,6.211074677536676,45
55,ward,10001,1438,1463,34.5497540533235,1
55,ward,10001,1438,1466,17.663587970369633,2
55,ward,10001,1438,10139,9.329135076160366,3
55,ward,10001,1438,1458,37.15602189425343,4
55,ward,10001,1438,1450,22.979314906988193,5
55,ward,10001,1438,1437,2.5576521824049117,6
55,ward,10001,1438,1456,42.42905225603499,7
55,ward,10001,1438,1454,9.595681226095849,8
55,ward,10001,1438,1639,2.8105479718633397,9
55,ward,10001,1438,1469,12.370898157900868,10
55,ward,10001,1438,1288,3.633453559152777,11
55,ward,10001,1438,1692,4.901248220447535,12
55,ward,10001,1438,1318,3.1709651607166975,13
55,ward,10001,1438,1445,7.924282275593818,14
55,ward,10002,1437,1306,29.10920442063569,5
55,ward,10002,1437,1309,2.8509011791671526,6
55,ward,10002,1437,1301,27.088516035172546,12
55,ward,10002,1437,1320,4.88761049560793,13
55,ward,10002,1437,1304,14.08765513150297,15
55,ward,10002,1437,1305,25.601385330324888,17
55,ward,10002,1437,1626,14.092525829234788,19
55,ward,10002,1437,1286,5.360704622227779,20
55,ward,10002,1437,1638,6.80585160014035,22
55,ward,10002,1437,1324,4.862782756833205,23
55,ward,10002,1437,1445,0.42822238432221127,24
55,ward,10002,1437,1293,1.8244766388022668,25
55,ward,10002,1437,1172,15.632741482148518,26
55,ward,10002,1437,1738,12.903330841060544,27
55,ward,10002,1437,1637,19.552011492557583,28
55,ward,10002,1437,1629,5.614930272545564,29
55,ward,10002,1437,1464,39.23009162784663,30
55,ward,10002,1437,1294,8.858419654987628,31
55,ward,10002,1437,1628,1.9301246167265234,32
55,ward,10002,1437,1633,4.581939626017693,33
55,ward,10002,1437,1164,2.7495329277419955,34
55,ward,10002,1437,1178,22.76262712599123,35
55,ward,10002,1437,1740,27.396423099442757,36
55,ward,10002,1437,1176,9.627330944532446,37
55,ward,10002,1437,3975,3.551168635457799,38
55,ward,10002,1437,3058,11.541831120307918,39
55,ward,10002,1437,1165,19.022286409539504,40
55,ward,10002,1437,1186,12.0352638010541,41
55,ward,10002,1437,1169,37.239001190506855,42
55,ward,10002,1437,1168,15.036581732037327,43
55,ward,10002,1437,1635,7.6883885349935,44
55,ward,10002,1437,1737,5.660167232662129,45
56,ward,10001,1438,1463,25.081809810513036,1
56,ward,10001,1438,1466,12.073848914114762,2
56,ward,10001,1438,10139,7.613073783016759,3
56,ward,10001,1438,1458,19.944527821682698,4
56,ward,10001,1438,1450,19.518886999579365,5
56,ward,10001,1438,1437,0.4074286706012131,6
56,ward,10001,1438,1456,37.78613034890381,7
56,ward,10001,1438,1454,4.181546878327374,8
56,ward,10001,1438,1639,0.45487136796582917,9
56,ward,10001,1438,1469,5.290748970822477,10
56,ward,10001,1438,1288,0.6227227647882003,11
56,ward,10001,1438,1692,0.8355151801118694,12
56,ward,10001,1438,1318,0.5276162901791821,13
56,ward,10001,1438,1445,4.5969436937641674,14
56,ward,10001,1438,1306,14.00764586406865,15
56,ward,10001,1438,1626,4.713374632865239,16
56,ward,10001,1438,1309,0.45864716979178866,17
56,ward,10001,1438,1172,9.251860622304768,18
56,ward,10001,1438,1464,32.847087788702964,19
56,ward,10001,1438,1301,12.961205793092716,20
56,ward,10001,1438,1320,0.6394325916386876,21
56,ward,10002,1437,1320,0.2305481572632928,13
56,ward,10002,1437,1304,5.689375662121208,15
56,ward,10002,1437,1305,10.843080380886676,17
56,ward,10002,1437,1286,0.8493792805569313,20
56,ward,10002,1437,1638,1.9562431664921363,22
56,ward,10002,1437,1324,1.1512336957741454,23
56,ward,10002,1437,1293,0.26674415970055065,25
56,ward,10002,1437,1738,7.3957469223091294,27
56,ward,10002,1437,1637,6.990005363530386,28
56,ward,10002,1437,1629,0.8939981931363832,29
56,ward,10002,1437,1294,2.459885071364198,31
56,ward,10002,1437,1628,0.19215615418163168,32
56,ward,10002,1437,1633,0.7604224065044392,33
56,ward,10002,1437,1164,0.4617113569354956,34
56,ward,10002,1437,1178,12.131414213686185,35
56,ward,10002,1437,1740,23.167603273325682,36
56,ward,10002,1437,1176,3.310722797136684,37
56,ward,10002,1437,3975,0.621085254045795,38
56,ward,10002,1437,3058,3.834871341945984,39
56,ward,10002,1437,1165,10.706265786403662,40
56,ward,10002,1437,1186,7.87902743462449,41
56,ward,10002,1437,1169,33.46317851441725,42
56,ward,10002,1437,1168,12.256886095028527,43
56,ward,10002,1437,1635,2.766377700344954,44
56,ward,10002,1437,1737,3.576096120998333,45
57,ward,10001,1438,1463,10.03354586808463,1
57,ward,10001,1438,1466,4.86974055823913,2
57,ward,10001,1438,10139,3.4482090535565604,3
57,ward,10001,1438,1458,4.961433195547826,4
57,ward,10001,1438,1450,9.036877437957273,5
57,ward,10001,1438,1456,17.923584553096248,7
57,ward,10001,1438,1454,0.772756253383065,8
57,ward,10001,1438,1469,1.1669805837957057,10
57,ward,10001,1438,1445,1.5142795533585414,14
57,ward,10001,1438,1306,2.7423640032399135,15
57,ward,10001,1438,1626,0.6950713820205721,16
57,ward,10001,1438,1172,3.175094425325554,18
57,ward,10001,1438,1464,15.09071972632401,19
57,ward,10001,1438,1301,2.524880194290745,20
57,ward,10001,1438,1304,0.9982020469983297,22
57,ward,10001,1438,1305,1.9667441993837542,23
57,ward,10001,1438,1638,0.2229144150752873,24
57,ward,10001,1438,1178,3.4473271443458486,25
57,ward,10001,1438,1176,0.5071588858194644,28
57,ward,10001,1438,1637,1.0621997692330893,29
57,ward,10001,1438,3975,0.005163398247759687,31
57,ward,10001,1438,1324,0.08501950238757416,32
57,ward,10001,1438,1738,2.5478442367736065,33
57,ward,10001,1438,3058,0.5673265224978081,37
57,ward,10001,1438,1165,3.1724075928370183,38
57,ward,10001,1438,1186,2.746086934533757,39
57,ward,10001,1438,1169,15.943166150517598,40
57,ward,10001,1438,1294,0.2888973300426869,41
57,ward,10001,1438,1168,5.5480195324842825,42
57,ward,10001,1438,1740,10.677959622429057,43
57,ward,10001,1438,1635,0.4332611151260366,44
57,ward,10001,1438,1737,1.3528767186805872,45
58,ward,10001,1438,1463,1.6954330983417805,1
58,ward,10001,1438,1466,0.8535870189392085,2
58,ward,10001,1438,10139,0.6526907097173265,3
58,ward,10001,1438,1458,0.33473388577291985,4
58,ward,10001,1438,1450,1.7328638010917246,5
58,ward,10001,1438,1456,3.48474316435329,7
58,ward,10001,1438,1469,0.08094275818186247,10
58,ward,10001,1438,1445,0.2219892696584722,14
58,ward,10001,1438,1172,0.4736338613129618,18
58,ward,10001,1438,1464,2.880701873441666,19
58,ward,10001,1438,1178,0.38057838996041937,25
58,ward,10001,1438,1738,0.39097676068057297,33
58,ward,10001,1438,1165,0.3654461160471385,38
58,ward,10001,1438,1186,0.3937910559344715,39
58,ward,10001,1438,1169,3.1073303036887694,40
58,ward,10001,1438,1168,1.0497500920520864,42
58,ward,10001,1438,1740,2.0399115980358147,43
58,ward,10001,1438,1737,0.22570006892312122,45
60,ward,10001,1438,1463,0.15186729003296762,1
60,ward,10001,1438,1466,0.23245305525523463,2
60,ward,10001,1438,10139,0.07136356215951167,3
60,ward,10001,1438,1458,0.06959735850344373,4
60,ward,10001,1438,1450,0.14390422012050408,5
60,ward,10001,1438,1437,0.26025441469939636,6
60,ward,10001,1438,1456,0.19307902779755182,7
60,ward,10001,1438,1454,0.13964531760242238,8
60,ward,10001,1438,1639,0.26809556601708096,9
60,ward,10001,1438,1469,0.2944327621801506,10
60,ward,10001,1438,1288,0.2599198676059089,11
60,ward,10001,1438,1692,0.3618361599440547,12
60,ward,10001,1438,1318,0.2664418549104255,13
60,ward,10001,1438,1445,0.15617752671339957,14
60,ward,10001,1438,1306,0.1032175744454662,15
60,ward,10001,1438,1626,0.4758616976084653,16
60,ward,10001,1438,1309,0.27883266510411886,17
60,ward,10001,1438,1172,0.21133480227750567,18
60,ward,10001,1438,1464,0.26544150436760106,19
60,ward,10001,1438,1301,0.07784499203515338,20
60,ward,10001,1438,1320,0.2688533755490212,21
60,ward,10001,1438,1304,0.3069037629360736,22
60,ward,10001,1438,1305,0.44357320832415326,23
60,ward,10001,1438,1638,0.18417599690449293,24
60,ward,10001,1438,1178,0.24760978706615333,25
60,ward,10001,1438,1164,0.2204880715322659,26
60,ward,10001,1438,1286,0.556904109721529,27
60,ward,10001,1438,1176,0.34055012307056387,28
60,ward,10001,1438,1637,0.26749060670094593,29
60,ward,10001,1438,1628,0.4846719229091505,30
60,ward,10001,1438,3975,0.26159666947262394,31
60,ward,10001,1438,1324,0.19095340688807738,32
60,ward,10001,1438,1738,0.2290365786495201,33
60,ward,10001,1438,1293,0.24537792014971416,34
60,ward,10001,1438,1629,0.5724696534317957,35
60,ward,10001,1438,1633,0.38991379674776994,36
60,ward,10001,1438,3058,0.43868612402262386,37
60,ward,10001,1438,1165,0.14322865421274855,38
60,ward,10001,1438,1186,0.02437184411567017,39
60,ward,10001,1438,1169,0.1570201235381603,40
60,ward,10001,1438,1294,0.4462271244031655,41
60,ward,10001,1438,1168,0.11559551116778977,42
60,ward,10001,1438,1740,0.1654475689982462,43
60,ward,10001,1438,1635,0.17770838007960066,44
60,ward,10001,1438,1737,0.08666749778476301,45
60,icu,10001,1438,1463,3.802358160723127,1
60,icu,10001,1438,1466,4.463098660900325,2
60,icu,10001,1438,1458,11.25665254828429,4
60,icu,10001,1438,1450,2.76296102631418,5
60,icu,10001,1438,1437,4.119999999999999,6
60,icu,10001,1438,1456,4.957451409611938,7
60,icu,10001,1438,1454,2.0599999999999996,8
60,icu,10001,1438,1639,1.4419999999999997,9
60,icu,10001,1438,1469,5.653109033858179,10
60,icu,10001,1438,1288,3.5019999999999993,11
60,icu,10001,1438,1692,4.325999999999999,12
60,icu,10001,1438,1318,0.31755168857309535,13
60,icu,10002,1437,1306,6.391474136001777,5
60,icu,10002,1437,1309,5.149999999999999,6
60,icu,10002,1437,1318,2.978448311426904,8
60,icu,10002,1437,1301,8.239999999999998,12
60,icu,10002,1437,1320,5.355999999999999,13
60,icu,10002,1437,1304,5.892552248372954,15
60,icu,10002,1437,1305,11.388800338671919,17
60,icu,10002,1437,1626,7.415999999999999,19
60,icu,10002,1437,1286,6.797999999999998,20
60,icu,10002,1437,1638,3.7079999999999993,22
60,icu,10002,1437,1324,4.325999999999999,23
60,icu,10002,1437,1293,1.2359999999999998,25
60,icu,10002,1437,1172,7.003999999999999,26
60,icu,10002,1437,1738,4.3975023100710615,27
60,icu,10002,1437,1637,14.625999999999998,28
60,icu,10002,1437,1629,5.355999999999999,29
60,icu,10002,1437,1464,6.7321962312539725,30
60,icu,10002,1437,1294,8.033999999999999,31
60,icu,10002,1437,1628,4.119999999999999,32
60,icu,10002,1437,1633,3.2959999999999994,33
60,icu,10002,1437,1178,7.621999999999998,35
60,icu,10002,1437,1740,3.1765933247674187,36
60,icu,10002,1437,1176,3.2959999999999994,37
60,icu,10002,1437,3975,2.0599999999999996,38
60,icu,10002,1437,3058,6.591999999999999,39
60,icu,10002,1437,1165,6.752593792388415,40
60,icu,10002,1437,1186,5.0424368096477306,41
60,icu,10002,1437,1169,3.0147863719318444,42
60,icu,10002,1437,1168,2.2194338144214694,43
60,icu,10002,1437,1635,3.2959999999999994,44
60,icu,10002,1437,1737,1.6640159574675515,45
61,ward,10001,1438,1463,1.083992212806308,1
61,ward,10001,1438,1466,1.6591940350350143,2
61,ward,10001,1438,10139,0.5093759534538904,3
61,ward,10001,1438,1458,0.49676921628937976,4
61,ward,10001,1438,1450,1.0271537338073955,5
61,ward,10001,1438,1437,1.7652408234969137,6
61,ward,10001,1438,1456,1.3781516911465417,7
61,ward,10001,1438,1454,0.9967547113206336,8
61,ward,10001,1438,1639,1.836009080085411,9
61,ward,10001,1438,1469,2.1015902853664272,10
61,ward,10001,1438,1288,1.8708805880295145,11
61,ward,10001,1438,1692,2.58877454972027,12
61,ward,10001,1438,1318,1.8624592745520658,13
61,ward,10001,1438,1445,1.1147576462047297,14
61,ward,10001,1438,1306,0.7672183706074094,15
61,ward,10001,1438,1626,3.474179047032223,16
61,ward,10001,1438,1309,1.9023195755205542,17
61,ward,10001,1438,1172,1.508457021350793,18
61,ward,10001,1438,1464,1.8946576555593708,19
61,ward,10001,1438,1301,0.6354723630304164,20
61,ward,10001,1438,1320,2.048110627745025,21
61,ward,10001,1438,1304,2.1906052911812424,22
61,ward,10001,1438,1305,3.166118941929369,23
61,ward,10001,1438,1638,1.5258915269848714,24
61,ward,10001,1438,1178,1.7873858930786923,25
61,ward,10001,1438,1164,1.5537841076612615,26
61,ward,10001,1438,1286,3.766114298607633,27
61,ward,10001,1438,1176,2.430764922443302,28
61,ward,10001,1438,1637,2.444446898888387,29
61,ward,10001,1438,1628,3.0041096145459605,30
61,ward,10001,1438,3975,1.867214148239242,31
61,ward,10001,1438,1324,1.5087885332466513,32
61,ward,10001,1438,1738,1.6348080462219485,33
61,ward,10001,1438,1293,1.6056396007485922,34
61,ward,10001,1438,1629,3.881817017159065,35
61,ward,10001,1438,1633,2.7196939837389422,36
61,ward,10001,1438,3058,3.131236108864343,37
61,ward,10001,1438,1165,1.0223317067397488,38
61,ward,10001,1438,1186,0.17396036518026392,39
61,ward,10001,1438,1169,1.120771899809455,40
61,ward,10001,1438,1294,3.185061956994673,41
61,ward,10001,1438,1168,0.82509297370094,42
61,ward,10001,1438,1740,1.180924979848612,43
61,ward,10001,1438,1635,1.36628634283489,44
61,ward,10001,1438,1737,0.618611767429794,45
61,icu,10001,1438,1463,21.94764183927688,1
61,icu,10001,1438,1466,2.12890133909967,2
61,icu,10001,1438,1458,9.755347451715703,4
61,icu,10001,1438,1450,7.125038973685818,5
61,icu,10001,1438,1456,1.3230604982448995,7
61,icu,10002,1437,1306,0.612525863998223,5
61,icu,10002,1437,1304,0.9054477516270474,15
61,icu,10002,1437,1305,2.4131996613280844,17
61,icu,10002,1437,1456,13.289488092143163,18
61,icu,10002,1437,1469,2.38089096614182,21
61,icu,10002,1437,1738,2.4004976899289368,27
61,icu,10002,1437,1464,17.16380376874603,30
61,icu,10002,1437,1740,10.831406675232573,36
61,icu,10002,1437,1165,2.311406207611581,40
61,icu,10002,1437,1186,4.021563190352266,41
61,icu,10002,1437,1169,14.083213628068147,42
61,icu,10002,1437,1168,1.0765661855785282,43
61,icu,10002,1437,1737,1.6319840425324479,45
62,ward,10001,1438,1463,4.092930374332397,1
62,ward,10001,1438,1466,5.374552781621645,2
62,ward,10001,1438,10139,1.6499986678587035,3
62,ward,10001,1438,1458,3.1629526525043303,4
62,ward,10001,1438,1450,3.3272129965627073,5
62,ward,10001,1438,1437,5.126102232294453,6
62,ward,10001,1438,1456,4.464184928793998,7
62,ward,10001,1438,1454,3.434354724964223,8
62,ward,10001,1438,1639,5.386047594153752,9
62,ward,10001,1438,1469,6.8075871028591735,10
62,ward,10001,1438,1288,5.766966308453128,11
62,ward,10001,1438,1692,7.934087939496543,12
62,ward,10001,1438,1318,5.5794766941937155,13
62,ward,10001,1438,1445,3.6109844187798146,14
62,ward,10001,1438,1306,3.8069231619094523,15
62,ward,10001,1438,1626,11.199514323425163,16
62,ward,10001,1438,1309,5.5584314859369535,17
62,ward,10001,1438,1172,5.016173839656972,18
62,ward,10001,1438,1464,6.13727952119396,19
62,ward,10001,1438,1301,3.440529442589522,20
62,ward,10001,1438,1320,6.642742879941068,21
62,ward,10001,1438,1304,7.197753748928932,22
62,ward,10001,1438,1305,10.665048376458671,23
62,ward,10001,1438,1638,5.399110434452332,24
62,ward,10001,1438,1178,6.296727427354938,25
62,ward,10001,1438,1164,4.692455143790223,26
62,ward,10001,1438,1286,7.154391216072337,27
62,ward,10002,1437,1286,3.7473082714214634,20
62,ward,10002,1437,1324,5.085219406023853,23
62,ward,10002,1437,1293,4.480901281347439,25
62,ward,10002,1437,1738,5.295560342377129,27
62,ward,10002,1437,1637,9.580478537226057,28
62,ward,10002,1437,1629,11.269039380886234,29
62,ward,10002,1437,1294,9.884050794522118,31
62,ward,10002,1437,1628,7.846547306182686,32
62,ward,10002,1437,1633,8.129974170730073,33
62,ward,10002,1437,1740,3.8503517462524,36
62,ward,10002,1437,1176,7.686616393086773,37
62,ward,10002,1437,3975,5.712336529634236,38
62,ward,10002,1437,3058,9.858671309959405,39
62,ward,10002,1437,1165,3.798777008270619,40
62,ward,10002,1437,1186,0.9205192920839096,41
62,ward,10002,1437,1169,3.6304661205927005,42
62,ward,10002,1437,1168,2.6726866437942434,43
62,ward,10002,1437,1635,4.68247263290116,44
62,ward,10002,1437,1737,2.0038413381312203,45
63,ward,10001,1438,1463,11.146030568081827,1
63,ward,10001,1438,1466,10.848406557757741,2
63,ward,10001,1438,10139,3.525801820411438,3
63,ward,10001,1438,1458,12.610381392031911,4
63,ward,10001,1438,1450,7.318117796716251,5
63,ward,10001,1438,1437,8.260803323496923,6
63,ward,10001,1438,1456,10.398721197530563,7
63,ward,10001,1438,1454,7.49441719778838,8
63,ward,10001,1438,1639,8.773446580085412,9
63,ward,10001,1438,1469,13.240832685638267,10
63,ward,10001,1438,1288,9.8688180880295,11
63,ward,10001,1438,1692,13.503087049720278,12
63,ward,10001,1438,1318,8.228192623940835,13
63,ward,10002,1437,1306,12.510137357647778,5
63,ward,10002,1437,1309,9.016507075520508,6
63,ward,10002,1437,1318,1.0577666506112386,8
63,ward,10002,1437,1301,11.657576585867389,12
63,ward,10002,1437,1320,11.901923127745036,13
63,ward,10002,1437,1304,14.370422103187927,15
63,ward,10002,1437,1305,22.34189214439428,17
63,ward,10002,1437,1626,20.887581018949945,19
63,ward,10002,1437,1286,17.508426798607644,20
63,ward,10002,1437,1638,10.664796366683767,22
63,ward,10002,1437,1324,9.520148023696326,23
63,ward,10002,1437,1445,7.112932073159875,24
63,ward,10002,1437,1293,6.908139600748601,25
63,ward,10002,1437,1172,10.491011447773396,26
63,ward,10002,1437,1738,10.463929868315205,27
63,ward,10002,1437,1637,21.128960321956,28
63,ward,10002,1437,1629,18.154379517158993,29
63,ward,10002,1437,1464,13.340941541725243,30
63,ward,10002,1437,1294,17.40672263682403,31
63,ward,10002,1437,1628,11.134609614545916,32
63,ward,10002,1437,1633,13.501443983738959,33
63,ward,10002,1437,1164,7.872596607661258,34
63,ward,10002,1437,1178,14.301698080161344,35
63,ward,10002,1437,1740,8.587705563615842,36
63,ward,10002,1437,1176,14.144441879165463,37
63,ward,10002,1437,3975,9.711935555248203,38
63,ward,10002,1437,3058,17.9624925188731,39
63,ward,10002,1437,1165,9.527223902028325,40
63,ward,10002,1437,1186,3.4316668821607124,41
63,ward,10002,1437,1169,8.593378897538003,42
63,ward,10002,1437,1168,5.707391086467105,43
63,ward,10002,1437,1635,9.354491882330755,44
63,ward,10002,1437,1737,3.998430823169759,45
64,ward,10001,1438,1463,22.492930920503042,1
64,ward,10001,1438,1466,15.850611932291727,2
64,ward,10001,1438,10139,6.03808345875629,3
64,ward,10001,1438,1458,28.29009159036366,4
64,ward,10001,1438,1450,13.42591121050853,5
64,ward,10001,1438,1437,7.978102926503077,6
64,ward,10001,1438,1456,6.290142835873134,7
64,ward,10002,1437,1288,10.126025661970505,2
64,ward,10002,1437,1692,13.7826942002797,4
64,ward,10002,1437,1306,25.074252119672906,5
64,ward,10002,1437,1309,8.768961674479456,6
64,ward,10002,1437,1318,9.272790725447912,8
64,ward,10002,1437,1301,23.4723245540972,12
64,ward,10002,1437,1320,12.732608122254973,13
64,ward,10002,1437,1639,8.570147169914573,14
64,ward,10002,1437,1304,19.073726067823685,15
64,ward,10002,1437,1454,11.068007778530173,16
64,ward,10002,1437,1305,31.497773459919358,17
64,ward,10002,1437,1456,15.202838046341093,18
64,ward,10002,1437,1626,24.73113805690606,19
64,ward,10002,1437,1286,16.84735445139234,20
64,ward,10002,1437,1469,17.076194899610215,21
64,ward,10002,1437,1638,12.851208977789248,22
64,ward,10002,1437,1324,10.76330920959061,23
64,ward,10002,1437,1445,9.594979466158144,24
64,ward,10002,1437,1293,6.348110399251425,25
64,ward,10002,1437,1172,15.45182616251956,26
64,ward,10002,1437,1738,14.267453698561361,27
64,ward,10002,1437,1637,28.768922543412472,28
64,ward,10002,1437,1629,17.527026732841,29
64,ward,10002,1437,1464,23.817978466280778,30
64,ward,10002,1437,1294,19.014121052877456,31
64,ward,10002,1437,1628,9.191640385454043,32
64,ward,10002,1437,1633,11.974010881312793,33
64,ward,10003,1438,1178,22.473689348587044,29
64,ward,10003,1438,1164,7.924434642338753,30
64,ward,10003,1438,1176,16.66122717009833,34
64,ward,10003,1438,1633,1.4789201349482894,35
64,ward,10003,1438,3975,9.915358157017469,37
64,ward,10003,1438,3058,20.817628073642105,38
64,ward,10003,1438,1740,15.954251888132745,39
64,ward,10003,1438,1165,16.592791385102977,40
64,ward,10003,1438,1186,7.930024250727058,41
64,ward,10003,1438,1169,18.299175676303747,42
64,ward,10003,1438,1168,9.758099119236881,43
64,ward,10003,1438,1635,11.915805311787018,44
64,ward,10003,1438,1737,5.632071093451938,45
65,ward,10001,1438,1463,31.782582830642227,1
65,ward,10001,1438,1466,17.781811161560682,2
65,ward,10001,1438,10139,8.388835452989326,3
65,ward,10001,1438,1458,26.01265527067048,4
65,ward,10002,1437,1288,6.2299399415468635,2
65,ward,10002,1437,1692,8.437380810503484,4
65,ward,10002,1437,1306,30.261639338090504,5
65,ward,10002,1437,1309,5.112849764063029,6
65,ward,10002,1437,1318,5.555773305806266,8
65,ward,10002,1437,1458,10.980846669506477,9
65,ward,10002,1437,1450,20.041414350162228,11
65,ward,10002,1437,1301,28.24190805741047,12
65,ward,10002,1437,1320,8.13797587005891,13
65,ward,10002,1437,1639,5.020108655846251,14
65,ward,10002,1437,1304,17.061183751071013,15
65,ward,10002,1437,1454,10.948676525035793,16
65,ward,10002,1437,1305,29.89907662354119,17
65,ward,10002,1437,1456,35.58789807814617,18
65,ward,10002,1437,1626,19.09101692657488,19
65,ward,10002,1437,1286,9.711769262506252,20
65,ward,10002,1437,1469,15.021240872595222,21
65,ward,10002,1437,1638,9.6467333155476,22
65,ward,10002,1437,1324,7.441936843976176,23
65,ward,10002,1437,1445,9.310704022244813,24
65,ward,10002,1437,1293,3.472848718652564,25
65,ward,10002,1437,1172,16.496237076404135,26
65,ward,10002,1437,1738,14.144978125581176,27
65,ward,10002,1437,1637,24.819490212773857,28
65,ward,10002,1437,1629,10.139804369113762,29
65,ward,10002,1437,1464,26.114818255552933,30
65,ward,10003,1438,1464,8.485327852928137,25
65,ward,10003,1438,1178,24.31025615276377,29
65,ward,10003,1438,1164,4.785763606209741,30
65,ward,10003,1438,1628,4.3492026938173325,32
65,ward,10003,1438,1176,12.926852356913216,34
65,ward,10003,1438,1633,8.042650829269924,35
65,ward,10003,1438,1294,13.181824205477888,36
65,ward,10003,1438,3975,6.085725970365772,37
65,ward,10003,1438,3058,15.792172440040666,38
65,ward,10003,1438,1740,23.899632209640316,39
65,ward,10003,1438,1165,19.49638464358793,40
65,ward,10003,1438,1186,11.286920040112662,41
65,ward,10003,1438,1169,30.992011718340777,42
65,ward,10003,1438,1168,13.532188080049558,43
65,ward,10003,1438,1635,8.730080552851582,44
65,ward,10026,1469,1635,1.1693218142472404,44
65,ward,10026,1469,1737,5.935620955099399,45
66,ward,10001,1438,1463,29.815781931918266,1
66,ward,10001,1438,1466,14.86871844224217,2
66,ward,10001,1438,10139,8.471104429588578,3
66,ward,10001,1438,1458,28.550274857968077,4
66,ward,10001,1438,1450,0.2115841899512816,5
66,ward,10002,1437,1288,2.1280881619704886,2
66,ward,10002,1437,1692,2.8683817002797056,4
66,ward,10002,1437,1306,21.558425142352178,5
66,ward,10002,1437,1309,1.6547741744794848,6
66,ward,10002,1437,1318,1.849290725447922,8
66,ward,10002,1437,1450,21.03751676333252,11
66,ward,10002,1437,1301,20.024860914132674,12
66,ward,10002,1437,1320,2.878795622254927,13
66,ward,10002,1437,1639,1.6327096699145862,14
66,ward,10002,1437,1304,9.888515396812124,15
66,ward,10002,1437,1454,6.888614052211594,16
66,ward,10002,1437,1305,18.22223285560581,17
66,ward,10002,1437,1456,40.10759130246943,18
66,ward,10002,1437,1626,9.402950231050013,19
66,ward,10002,1437,1286,3.1050419513923586,20
66,ward,10002,1437,1469,8.830823564361694,21
66,ward,10002,1437,1638,4.381047383316265,22
66,ward,10002,1437,1324,3.0070082263036753,23
66,ward,10002,1437,1445,6.474724176840105,24
66,ward,10002,1437,1293,1.0456103992514159,25
66,ward,10002,1437,1172,12.442301052226625,26
66,ward,10002,1437,1738,10.149538881684812,27
66,ward,10002,1437,1637,13.27100842804397,28
66,ward,10002,1437,1629,3.254464232841002,29
66,ward,10002,1437,1464,36.038589708274785,30
66,ward,10002,1437,1294,5.659152363175892,31
66,ward,10002,1437,1628,1.061140385454074,32
66,ward,10002,1437,1633,2.6711810162610945,33
66,ward,10002,1437,1164,1.6056221423387456,34
66,ward,10002,1437,1178,17.447020669838764,35
66,ward,10002,1437,1740,25.282013186384162,36
66,ward,10002,1437,1176,6.469026870834554,37
66,ward,10002,1437,3975,2.086126944751811,38
66,ward,10002,1437,3058,7.688351231126973,39
66,ward,10002,1437,1165,14.864276097971583,40
66,ward,10002,1437,1186,9.852720523523146,41
66,ward,10003,1438,1186,0.10442509431614866,41
66,ward,10003,1438,1169,35.35108985246201,42
66,ward,10003,1438,1168,13.64673391353292,43
66,ward,10003,1438,1635,5.2273831176691985,44
66,ward,10003,1438,1737,4.61813167683022,45
67,ward,10001,1438,1463,17.55767783929879,1
67,ward,10001,1438,1466,8.471794736176918,2
67,ward,10001,1438,10139,5.530641418286667,3
67,ward,10001,1438,1458,12.452980508615155,4
67,ward,10001,1438,1450,14.27788221876827,5
67,ward,10001,1438,1437,0.2037143353005959,6
67,ward,10001,1438,1456,27.8548574510001,7
67,ward,10001,1438,1454,0.9683424165617751,8
67,ward,10002,1437,1288,0.3113613823941037,2
67,ward,10002,1437,1692,0.4177575900559276,4
67,ward,10002,1437,1306,8.375004933654225,5
67,ward,10002,1437,1309,0.22932358489589433,6
67,ward,10002,1437,1318,0.26380814508958395,8
67,ward,10002,1437,1301,7.743042993691745,12
67,ward,10002,1437,1320,0.4349903744509902,13
67,ward,10002,1437,1639,0.22743568398291103,14
67,ward,10002,1437,1304,3.343788854559861,15
67,ward,10002,1437,1454,1.508809149293441,16
67,ward,10002,1437,1305,6.404912290135229,17
67,ward,10002,1437,1626,2.7042230074429625,19
67,ward,10002,1437,1286,0.42468964027845857,20
67,ward,10002,1437,1469,3.22886477730907,21
67,ward,10002,1437,1638,1.0895787907837118,22
67,ward,10002,1437,1324,0.6181265990808456,23
67,ward,10002,1437,1445,3.0556116235613686,24
67,ward,10002,1437,1293,0.13337207985027533,25
67,ward,10002,1437,1172,6.213477523815136,26
67,ward,10002,1437,1738,4.97179557954135,27
67,ward,10002,1437,1637,4.026102566381738,28
67,ward,10002,1437,1629,0.44699909656822,29
67,ward,10002,1437,1464,23.968903757513445,30
67,ward,10002,1437,1294,1.3743912007034282,31
67,ward,10002,1437,1628,0.09607807709083716,32
67,ward,10002,1437,1633,0.38021120325223734,33
67,ward,10002,1437,1164,0.2308556784677478,34
67,ward,10002,1437,1178,7.789370679015988,35
67,ward,10002,1437,1740,16.922781447877412,36
67,ward,10002,1437,1176,1.9089408414780777,37
67,ward,10002,1437,3975,0.3131243261467773,38
67,ward,10002,1437,3058,2.2010989322219245,39
67,ward,10002,1437,1165,6.939336689620347,40
67,ward,10002,1437,1186,5.312557184579148,41
67,ward,10002,1437,1169,24.70317233246749,42
67,ward,10002,1437,1168,8.902452813756405,43
67,ward,10002,1437,1635,1.5998194077354597,44
67,ward,10002,1437,1737,2.4644864198394636,45
68,ward,10001,1438,1463,5.864489483213262,1
68,ward,10001,1438,1466,2.8616637885891976,2
68,ward,10001,1438,10139,2.050449881636929,3
68,ward,10001,1438,1458,2.6480835406604086,4
68,ward,10001,1438,1450,5.384870619524563,5
68,ward,10001,1438,1456,10.704163858724826,7
68,ward,10001,1438,1454,0.3863781266915538,8
68,ward,10001,1438,1469,0.6239616709887486,10
68,ward,10001,1438,1445,0.8681344115084855,14
68,ward,10001,1438,1306,1.3711820016199,15
68,ward,10001,1438,1626,0.34753569101032156,16
68,ward,10001,1438,1172,1.824364143319272,18
68,ward,10001,1438,1464,8.985710799882753,19
68,ward,10001,1438,1301,1.2624400971454293,20
68,ward,10001,1438,1304,0.49910102349915064,22
68,ward,10001,1438,1305,0.9833720996918487,23
68,ward,10001,1438,1638,0.111457207537633,24
68,ward,10001,1438,1178,1.9139527671531482,25
68,ward,10001,1438,1176,0.25357944290975354,28
68,ward,10001,1438,1637,0.5310998846165518,29
68,ward,10001,1438,3975,0.0025816991238798437,31
68,ward,10001,1438,1324,0.04250975119381195,32
68,ward,10001,1438,1738,1.469410498727079,33
68,ward,10001,1438,3058,0.28366326124887564,37
68,ward,10001,1438,1165,1.7689268544421708,38
68,ward,10001,1438,1186,1.5699389952341178,39
68,ward,10001,1438,1169,9.525248227103148,40
68,ward,10001,1438,1294,0.14444866502134346,41
68,ward,10001,1438,1168,3.2988848122682057,42
68,ward,10001,1438,1740,6.358935610232493,43
68,ward,10001,1438,1635,0.21663055756300054,44
68,ward,10001,1438,1737,0.7892883938018578,45
69,ward,10001,1438,1463,0.8477165491709258,1
69,ward,10001,1438,1466,0.42679350946957584,2
69,ward,10001,1438,10139,0.3263453548586668,3
69,ward,10001,1438,1458,0.1673669428864457,4
69,ward,10001,1438,1450,0.8664319005458481,5
69,ward,10001,1438,1456,1.7423715821767018,7
69,ward,10001,1438,1469,0.040471379090917026,10
69,ward,10001,1438,1445,0.11099463482923255,14
69,ward,10001,1438,1172,0.23681693065650222,18
69,ward,10001,1438,1464,1.4403509367208187,19
69,ward,10001,1438,1178,0.19028919498015284,25
69,ward,10001,1438,1738,0.19548838034027938,33
69,ward,10001,1438,1165,0.18272305802358346,38
69,ward,10001,1438,1186,0.19689552796724286,39
69,ward,10001,1438,1169,1.553665151844399,40
69,ward,10001,1438,1168,0.5248750460260183,42
69,ward,10001,1438,1740,1.0199557990179073,43
69,ward,10001,1438,1737,0.11285003446156239,45
70,ward,10001,1438,1463,0.07593364501649091,1
70,ward,10001,1438,1466,0.11622652762761732,2
70,ward,10001,1438,10139,0.035681781079766495,3
70,ward,10001,1438,1458,0.03479867925166502,4
70,ward,10001,1438,1450,0.0719521100601952,5
70,ward,10001,1438,1437,0.1301272073497124,6
70,ward,10001,1438,1456,0.09653951389879012,7
70,ward,10001,1438,1454,0.06982265880117211,8
70,ward,10001,1438,1639,0.13404778300853337,9
70,ward,10001,1438,1469,0.1472163810900753,10
70,ward,10001,1438,1288,0.129959933802958,11
70,ward,10001,1438,1692,0.1809180799720167,12
70,ward,10001,1438,1318,0.13322092745522696,13
70,ward,10001,1438,1445,0.07808876335669623,14
70,ward,10001,1438,1306,0.0516087872227331,15
70,ward,10001,1438,1626,0.23793084880425397,16
70,ward,10001,1438,1309,0.13941633255205943,17
70,ward,10001,1438,1172,0.10566740113874573,18
70,ward,10001,1438,1464,0.13272075218387158,19
70,ward,10001,1438,1301,0.03892249601760511,20
70,ward,10001,1438,1320,0.13442668777453548,21
70,ward,10001,1438,1304,0.15345188146801547,22
70,ward,10001,1438,1305,0.22178660416196294,23
70,ward,10001,1438,1638,0.09208799845227844,24
70,ward,10001,1438,1178,0.12380489353313351,25
70,ward,10001,1438,1164,0.11024403576612585,26
70,ward,10001,1438,1286,0.2784520548607503,27
70,ward,10001,1438,1176,0.17027506153526417,28
70,ward,10001,1438,1637,0.13374530335043744,29
70,ward,10001,1438,1628,0.2423359614545575,30
70,ward,10001,1438,3975,0.13079833473631197,31
70,ward,10001,1438,1324,0.09547670344405645,32
70,ward,10001,1438,1738,0.11451828932474939,33
70,ward,10001,1438,1293,0.12268896007486418,34
70,ward,10001,1438,1629,0.2862348267158694,35
70,ward,10001,1438,1633,0.19495689837383878,36
70,ward,10001,1438,3058,0.21934306201131903,37
70,ward,10001,1438,1165,0.07161432710634585,38
70,ward,10001,1438,1186,0.01218592205785285,39
70,ward,10001,1438,1169,0.07851006176909436,40
70,ward,10001,1438,1294,0.22311356220157563,41
70,ward,10001,1438,1168,0.057797755583898436,42
70,ward,10001,1438,1740,0.08272378449915152,43
70,ward,10001,1438,1635,0.08885419003978967,44
70,ward,10001,1438,1737,0.043333748892383284,45
71,ward,10001,1438,1463,0.6179297514196236,1
71,ward,10001,1438,1466,0.9458235451450889,2
71,ward,10001,1438,10139,0.29036975780669394,3
71,ward,10001,1438,1458,0.28318328739639753,4
71,ward,10001,1438,1450,0.5855289769639,5
71,ward,10001,1438,1437,1.012747619098164,6
71,ward,10001,1438,1456,0.7856153594721036,7
71,ward,10001,1438,1454,0.5682000144615458,8
71,ward,10001,1438,1639,1.052052323051246,9
71,ward,10001,1438,1469,1.1980115237733315,10
71,ward,10001,1438,1288,1.0654002278176833,11
71,ward,10001,1438,1692,1.475305354832166,12
71,ward,10001,1438,1318,1.0644505647312457,13
71,ward,10001,1438,1445,0.6354675864590931,14
71,ward,10001,1438,1306,0.43521797252654437,15
71,ward,10001,1438,1626,1.9750203723203157,16
71,ward,10001,1438,1309,1.0905761203123348,17
71,ward,10001,1438,1172,0.8598959118141494,18
71,ward,10001,1438,1464,1.0800495799635712,19
71,ward,10001,1438,1301,0.35665867753283464,20
71,ward,10001,1438,1320,1.1584820016470303,21
71,ward,10001,1438,1304,1.2487545270587503,22
71,ward,10001,1438,1305,1.8048460751268465,23
71,ward,10001,1438,1638,0.8550337619447035,24
71,ward,10001,1438,1178,1.017497840072366,25
71,ward,10001,1438,1164,0.8871360895967726,26
71,ward,10001,1438,1286,2.1615092041646093,27
71,ward,10001,1438,1176,1.3856575227569152,28
71,ward,10001,1438,1637,1.3559687527946522,29
71,ward,10001,1438,1628,1.7443907687275555,30
71,ward,10001,1438,3975,1.064405408855933,31
71,ward,10001,1438,1324,0.8498709700673786,32
71,ward,10001,1438,1738,0.9319223124357663,33
71,ward,10001,1438,1293,0.9255087604491479,34
71,ward,10001,1438,1629,2.227143335295402,35
71,ward,10001,1438,1633,1.5548038902433277,36
71,ward,10001,1438,3058,1.7849611164434407,37
71,ward,10001,1438,1165,0.5827801804762771,38
71,ward,10001,1438,1186,0.09916610464792797,39
71,ward,10001,1438,1169,0.638896011673836,40
71,ward,10001,1438,1294,1.8156445406988837,41
71,ward,10001,1438,1168,0.47034424243431516,42
71,ward,10001,1438,1740,0.6731862744233297,43
71,ward,10001,1438,1635,0.7719973614572311,44
71,ward,10001,1438,1737,0.35263963260726783,45
72,ward,10001,1438,1463,2.5884612935692957,1
72,ward,10001,1438,1466,3.5168734083283226,2
72,ward,10001,1438,10139,1.0796873106562899,3
72,ward,10001,1438,1458,1.8298609343969474,4
72,ward,10001,1438,1450,2.177183365185016,5
72,ward,10001,1438,1437,3.445671527895655,6
72,ward,10001,1438,1456,2.9211683099702555,7
72,ward,10001,1438,1454,2.2155547181424637,8
72,ward,10001,1438,1639,3.611028337119585,9
72,ward,10001,1438,1469,4.4545886941128146,10
72,ward,10001,1438,1288,3.818923448241314,11
72,ward,10001,1438,1692,5.26143124460836,12
72,ward,10001,1438,1318,3.7209679843728765,13
72,ward,10001,1438,1445,2.3628710324923006,14
72,ward,10001,1438,1306,2.2870707662584806,15
72,ward,10001,1438,1626,7.336846685228792,16
72,ward,10001,1438,1309,3.7303755307287503,17
72,ward,10001,1438,1172,1.7075134783080657,18
72,ward,10002,1437,1301,2.0380009028099266,12
72,ward,10002,1437,1320,4.345426753843043,13
72,ward,10002,1437,1304,4.694179520055073,15
72,ward,10002,1437,1305,6.915583659193999,17
72,ward,10002,1437,1286,7.33390689305071,20
72,ward,10002,1437,1638,3.462500980718609,22
72,ward,10002,1437,1324,3.297003969635213,23
72,ward,10002,1437,1293,3.0432704410480156,25
72,ward,10002,1437,1172,1.554801952195838,26
72,ward,10002,1437,1738,3.4651841942995745,27
72,ward,10002,1437,1637,6.012462718057279,28
72,ward,10002,1437,1629,7.575428199022639,29
72,ward,10002,1437,1464,4.015968588376694,30
72,ward,10002,1437,1294,6.534556375758399,31
72,ward,10002,1437,1628,5.425328460364327,32
72,ward,10002,1437,1633,5.424834077234529,33
72,ward,10002,1437,1164,3.1231196257257494,34
72,ward,10002,1437,1178,4.042056660216787,35
72,ward,10002,1437,1740,2.5156383630505275,36
72,ward,10002,1437,1176,5.058690657765027,37
72,ward,10002,1437,3975,3.789775338936721,38
72,ward,10002,1437,3058,6.4949537094118455,39
72,ward,10002,1437,1165,2.4105543575051342,40
72,ward,10002,1437,1186,0.5472398286320939,41
72,ward,10002,1437,1169,2.3756190102010635,42
72,ward,10002,1437,1168,1.748889808747613,43
72,ward,10002,1437,1635,3.024379487868039,44
72,ward,10002,1437,1737,1.3112265527805143,45
72,icu,10001,1438,1463,3.802358160723113,1
72,icu,10001,1438,1466,4.463098660900329,2
72,icu,10001,1438,1458,4.480675260429749,4
72,icu,10002,1437,1288,3.5019999999999993,2
72,icu,10002,1437,1692,4.325999999999999,4
72,icu,10002,1437,1306,6.391474136001777,5
72,icu,10002,1437,1309,5.149999999999999,6
72,icu,10002,1437,1318,3.2959999999999994,8
72,icu,10002,1437,1458,6.775977287854541,9
72,icu,10002,1437,1450,2.76296102631418,11
72,icu,10002,1437,1301,8.239999999999998,12
72,icu,10002,1437,1320,5.355999999999999,13
72,icu,10002,1437,1639,1.4419999999999997,14
72,icu,10002,1437,1304,5.892552248372947,15
72,icu,10002,1437,1454,2.0599999999999996,16
72,icu,10002,1437,1305,1.5729301208336777,17
72,icu,10003,1438,1456,4.957451409611938,13
72,icu,10003,1438,1469,5.653109033858179,15
72,icu,10003,1438,1626,7.415999999999999,16
72,icu,10003,1438,1305,9.815870217838242,21
72,icu,10003,1438,1286,4.175903746071439,22
72,icu,10026,1469,1172,7.003999999999999,4
72,icu,10026,1469,1464,6.7321962312539725,8
72,icu,10026,1469,1178,7.621999999999998,11
72,icu,10026,1469,1176,2.8581297927853466,15
72,icu,10004,1437,1286,0.954304117111865,16
72,icu,10005,1437,1286,1.667792136816694,17
72,icu,10005,1437,1324,3.046108227903541,21
72,icu,10006,1437,1738,1.4641611030054824,20
72,icu,10007,1437,1738,2.6075522397052997,22
72,icu,10009,1438,1638,3.7079999999999993,23
72,icu,10009,1438,1324,1.2798917720964575,25
72,icu,10009,1438,1293,1.2359999999999998,26
72,icu,10009,1438,1637,14.625999999999998,28
72,icu,10009,1438,1629,5.355999999999999,29
72,icu,10009,1438,1628,4.119999999999999,30
72,icu,10009,1438,1738,0.32578896736027607,33
72,icu,10009,1438,1633,3.2959999999999994,34
72,icu,10009,1438,1294,5.974013120572131,35
72,icu,10010,1438,1176,0.43787020721465275,33
72,icu,10010,1438,3975,2.0599999999999996,36
72,icu,10010,1438,3058,6.591999999999999,37
72,icu,10010,1438,1294,2.0599868794278677,38
72,icu,10010,1438,1165,6.752593792388415,39
72,icu,10010,1438,1186,0.09125052014072388,40
72,icu,10011,1438,1186,4.951186289507007,40
72,icu,10011,1438,1169,3.0147863719318444,41
72,icu,10011,1438,1740,3.176593324767426,42
72,icu,10011,1438,1168,2.219433814421471,43
72,icu,10011,1438,1635,3.2959999999999994,44
72,icu,10011,1438,1737,1.6640159574675515,45
73,ward,10001,1438,1463,7.619480471207211,1
73,ward,10001,1438,1466,8.111479669689658,2
73,ward,10001,1438,10139,2.5879002441350494,3
73,ward,10001,1438,1458,7.8866670222681705,4
73,ward,10001,1438,1450,5.322665396639508,5
73,ward,10001,1438,1437,6.693452777895697,6
73,ward,10001,1438,1456,5.074438777171526,7
73,ward,10002,1437,1288,7.817892198241296,2
73,ward,10002,1437,1692,10.718587494608414,4
73,ward,10002,1437,1306,8.158530259778601,5
73,ward,10002,1437,1309,7.287469280728743,6
73,ward,10002,1437,1318,7.432717984372921,8
73,ward,10002,1437,1301,7.5490530142285195,12
73,ward,10002,1437,1320,9.272333003843066,13
73,ward,10002,1437,1639,7.079747087119582,14
73,ward,10002,1437,1304,10.784087926058447,15
73,ward,10002,1437,1454,5.464385961376294,16
73,ward,10002,1437,1305,16.503470260426454,17
73,ward,10002,1437,1456,2.357014285990811,18
73,ward,10002,1437,1626,16.04354767118754,19
73,ward,10002,1437,1286,14.205063143050694,20
73,ward,10002,1437,1469,10.02420989424872,21
73,ward,10002,1437,1638,8.03195340056805,22
73,ward,10002,1437,1324,7.302683714860073,23
73,ward,10002,1437,1445,5.361958245969866,24
73,ward,10002,1437,1293,5.694520441048027,25
73,ward,10002,1437,1172,7.753592643715194,26
73,ward,10002,1437,1738,7.879745105346188,27
73,ward,10002,1437,1637,1.1004852442786444,28
73,ward,10003,1438,1464,9.739110531459659,25
73,ward,10003,1438,1637,14.254234185312427,28
73,ward,10003,1438,1178,10.299212753758198,29
73,ward,10003,1438,1164,6.282525875725721,30
73,ward,10003,1438,1628,9.490578460364322,32
73,ward,10003,1438,1629,14.711709449022635,33
73,ward,10003,1438,1176,10.915529136126096,34
73,ward,10003,1438,1633,10.815709077234494,35
73,ward,10003,1438,1294,10.156053490127185,36
73,ward,10026,1469,3975,7.712136042441244,16
73,ward,10026,1469,3058,13.910581914416298,18
73,ward,10026,1469,1186,2.176093087122304,19
73,ward,10026,1469,1169,6.111922509065437,20
73,ward,10026,1469,1165,6.663000455149472,21
73,ward,10026,1469,1168,4.190038865130681,29
73,ward,10026,1469,1294,3.4893332255458773,42
73,ward,10026,1469,1740,6.219028654934164,43
73,ward,10026,1469,1635,7.018482257615965,44
73,ward,10026,1469,1737,3.0011360806505074,45
73,icu,10001,1438,1463,8.49806561206698,1
73,icu,10002,1437,1463,13.4495762272099,3
73,icu,10002,1437,1306,0.612525863998223,5
73,icu,10002,1437,1458,9.755347451715718,9
73,icu,10002,1437,1466,2.12890133909967,10
73,icu,10002,1437,1450,7.125038973685818,11
73,icu,10002,1437,1304,0.9054477516270474,15
73,icu,10002,1437,1305,2.41319966132807,17
73,icu,10002,1437,1456,14.612548590388062,18
73,icu,10002,1437,1469,2.38089096614182,21
73,icu,10002,1437,1738,1.7634376531195137,27
73,icu,10003,1438,1464,17.16380376874603,25
73,icu,10003,1438,1738,0.637060036809423,31
73,icu,10003,1438,1740,10.831406675232573,39
73,icu,10003,1438,1165,0.36712840695119375,40
73,icu,10026,1469,1186,4.021563190352266,19
73,icu,10026,1469,1169,14.083213628068147,20
73,icu,10026,1469,1165,1.9442778006603874,21
73,icu,10026,1469,1168,1.0765661855785282,29
73,icu,10026,1469,1737,0.8074032256223553,45
73,icu,10004,1437,1737,0.8245808169100926,45
74,ward,10001,1438,1463,16.819480744292363,1
74,ward,10001,1438,1466,8.681283950255093,2
74,ward,10002,1437,1288,9.997421875000029,2
74,ward,10002,1437,1692,13.642890624999993,4
74,ward,10002,1437,1306,18.792194738660385,5
74,ward,10002,1437,1309,8.892734374999996,6
74,ward,10002,1437,10139,4.781942639583882,7
74,ward,10002,1437,1318,9.279375000000005,8
74,ward,10002,1437,1458,20.450236491197785,9
74,ward,10002,1437,1466,4.66822529476967,10
74,ward,10002,1437,1450,10.372014503612334,11
74,ward,10002,1437,1301,17.564950569982273,12
74,ward,10002,1437,1320,12.317265625000012,13
74,ward,10002,1437,1639,8.671796874999991,14
74,ward,10002,1437,1304,16.722074085505866,15
74,ward,10002,1437,1454,2.080183462548902,16
74,ward,10003,1438,1454,7.201029025610346,11
74,ward,10003,1438,1456,15.945851039872508,13
74,ward,10003,1438,1469,15.158513792624277,15
74,ward,10003,1438,1626,22.809359537928017,16
74,ward,10003,1438,1445,8.353955769659002,20
74,ward,10003,1438,1305,18.00907754717462,21
74,ward,10026,1469,1172,12.971418805146499,4
74,ward,10026,1469,1464,18.579460004003096,8
74,ward,10026,1469,1178,18.387693714374237,11
74,ward,10026,1469,1164,7.898515625000002,12
74,ward,10026,1469,1176,8.324710774156657,15
74,ward,10004,1437,1305,2.6072690400998226,8
74,ward,10005,1437,1305,6.303486214882419,9
74,ward,10005,1437,1286,6.575433888958681,17
74,ward,10006,1437,1286,4.000257198028113,19
74,ward,10007,1437,1286,6.602199538013166,19
74,ward,10007,1437,1738,0.52193427124047,22
74,ward,10009,1438,1638,11.758002672236522,23
74,ward,10009,1438,1324,10.14172861664348,25
74,ward,10009,1438,1293,6.628125000000026,26
74,ward,10009,1438,1637,24.948941432684208,28
74,ward,10009,1438,1629,17.84070312500002,29
74,ward,10009,1438,1628,10.16312499999999,30
74,ward,10009,1438,1738,11.843757512197866,33
74,ward,10009,1438,1633,13.477187500000007,34
74,ward,10009,1438,1294,2.269106468510925,35
74,ward,10010,1438,1176,7.0781237504752,33
74,ward,10010,1438,3975,9.813646856132863,36
74,ward,10010,1438,3058,19.390060296257573,37
74,ward,10010,1438,1294,12.879039026988963,38
74,ward,10011,1438,1294,3.0622763493507907,37
74,ward,10011,1438,1165,13.060007643565669,39
74,ward,10011,1438,1186,5.680845566443892,40
74,ward,10011,1438,1169,13.44627728692096,41
74,ward,10011,1438,1740,12.270978725874258,42
74,ward,10011,1438,1168,7.732745102851972,43
74,ward,10011,1438,1635,10.635148597058908,44
74,ward,10011,1438,1737,4.815250958310859,45
75,ward,10001,1438,1463,11.252483193579607,1
75,ward,10002,1437,1288,8.177982801758667,2
75,ward,10002,1437,1463,15.885273681993027,3
75,ward,10002,1437,1692,11.110037505391595,4
75,ward,10002,1437,1306,27.667945728881648,5
75,ward,10002,1437,1309,6.940905719271221,6
75,ward,10002,1437,10139,7.2134594558728296,7
75,ward,10002,1437,1318,7.41428201562708,8
75,ward,10002,1437,1458,32.641796765270385,9
75,ward,10002,1437,1466,16.816211546926283,10
75,ward,10002,1437,1450,10.270167256484456,11
75,ward,10003,1438,1450,6.4634955238508525,7
75,ward,10003,1438,1639,6.795127912880428,10
75,ward,10003,1438,1454,11.008342151782976,11
75,ward,10003,1438,1456,28.540439480180282,13
75,ward,10003,1438,1469,16.048717886102736,15
75,ward,10003,1438,1626,10.251582685539496,16
75,ward,10026,1469,1445,9.452841744201454,2
75,ward,10026,1469,1172,15.974031619461897,4
75,ward,10026,1469,1464,29.209062287381016,8
75,ward,10026,1469,1178,5.195346214716466,11
75,ward,10004,1437,1304,2.357799385418587,6
75,ward,10005,1437,1304,11.646634635192475,6
75,ward,10006,1437,1304,3.6175031490673684,6
75,ward,10007,1437,1304,0.44551773976893205,10
75,ward,10007,1437,1305,5.996962134289211,13
75,ward,10009,1438,1626,11.659494806200975,15
75,ward,10009,1438,1301,25.857116305753777,16
75,ward,10009,1438,1320,10.435291996156977,17
75,ward,10009,1438,1286,13.279561856949293,20
75,ward,10009,1438,1305,24.701462907441062,21
75,ward,10009,1438,1638,11.248971146668417,23
75,ward,10009,1438,1324,1.452638504271043,25
75,ward,10010,1438,1178,18.1966265359589,26
75,ward,10010,1438,1164,6.355099124274261,27
75,ward,10010,1438,1637,19.905316219425124,28
75,ward,10011,1438,1324,7.649984522512341,28
75,ward,10011,1438,1738,14.20621591207125,29
75,ward,10011,1438,1637,6.888890158668012,30
75,ward,10011,1438,1293,4.910479558952002,31
75,ward,10011,1438,1176,14.794039763505758,32
75,ward,10011,1438,1628,6.770421539635713,33
75,ward,10011,1438,1629,13.833415550977364,34
75,ward,10011,1438,3975,4.912157181191077,35
75,ward,10012,1437,1294,16.09797262917769,34
75,ward,10012,1437,1633,10.747790922765496,35
75,ward,10012,1437,1740,4.417392370741055,37
75,ward,10013,1437,1740,15.509549678145547,35
75,ward,10013,1437,3975,3.088384882500499,38
75,ward,10013,1437,3058,18.30490025684132,39
75,ward,10013,1437,1165,9.169176205827313,40
75,ward,10014,1438,1165,8.875411808518152,40
75,ward,10014,1438,1186,9.608472145419832,41
75,ward,10014,1438,1169,15.50967916001349,42
75,ward,10016,1463,1169,9.135914537308821,40
75,ward,10016,1463,1168,11.64514359964317,42
75,ward,10016,1463,1635,10.907603839442949,44
75,ward,10016,1463,1737,5.783846024275686,45
76,ward,10001,1438,1463,8.219791868656522,1
76,ward,10002,1437,1288,4.179014051758664,2
76,ward,10002,1437,1463,22.57939051262374,3
76,ward,10002,1437,1692,5.65288125539162,4
76,ward,10002,1437,1306,25.91003224022134,5
76,ward,10002,1437,1309,3.3838119692712496,6
76,ward,10002,1437,10139,8.429969941288917,7
76,ward,10002,1437,1318,3.702532015627117,8
76,ward,10002,1437,1458,32.77188839907251,9
76,ward,10002,1437,1466,16.32526480190144,10
76,ward,10002,1437,1450,9.974587513157616,11
76,ward,10003,1438,1450,10.670670138565413,7
76,ward,10003,1438,1639,3.326409162880431,10
76,ward,10003,1438,1454,8.9186452886237,11
76,ward,10003,1438,1456,37.84774469030768,13
76,ward,10003,1438,1469,10.731680666230076,15
76,ward,10026,1469,1445,7.892714099542424,2
76,ward,10026,1469,1172,14.469269064315363,4
76,ward,10026,1469,1464,30.517366876740198,8
76,ward,10004,1437,1304,2.1309077192926003,6
76,ward,10005,1437,1304,10.525875866027596,6
76,ward,10006,1437,1304,0.8180659886212727,6
76,ward,10006,1437,1305,2.451323863876471,11
76,ward,10007,1437,1305,5.82251831089543,13
76,ward,10009,1438,1626,14.246983578812447,15
76,ward,10009,1438,1301,24.1333844857715,16
76,ward,10009,1438,1320,5.508385746156904,17
76,ward,10009,1438,1286,6.40840560694933,20
76,ward,10009,1438,1305,15.78681256480165,21
76,ward,10009,1438,1638,7.013890349431982,23
76,ward,10009,1438,1324,5.224472535139974,25
76,ward,10009,1438,1293,2.2592295589519864,26
76,ward,10009,1438,1464,4.802001031637616,27
76,ward,10009,1438,1637,3.759344111916775,28
76,ward,10010,1438,1178,20.878638411301353,26
76,ward,10010,1438,1164,3.1956928742742434,27
76,ward,10010,1438,1637,15.285905208492153,28
76,ward,10010,1438,1628,0.8186923427721453,30
76,ward,10011,1438,1738,12.147258503633012,29
76,ward,10011,1438,1176,9.69793961387392,32
76,ward,10011,1438,1628,1.886479196863526,33
76,ward,10011,1438,1629,6.697134300977368,34
76,ward,10011,1438,3975,4.085926457558799,35
76,ward,10011,1438,1633,5.356915922765488,36
76,ward,10011,1438,1294,9.420488284326929,37
76,ward,10011,1438,3058,11.740261835583837,38
76,ward,10011,1438,1165,5.81547017773066,39
76,ward,10012,1437,1740,24.590822698012147,37
76,ward,10012,1437,1165,3.6638713599680983,40
76,ward,10013,1437,1165,7.700988833081027,40
76,ward,10013,1437,1186,10.622032828975936,41
76,ward,10013,1437,1169,23.315467405360312,42
76,ward,10014,1438,1169,9.85608338004111,42
76,ward,10014,1438,1168,13.58946099679121,43
76,ward,10014,1438,1635,7.276809057371931,44
76,ward,10016,1463,1635,0.286583685012058,44
76,ward,10016,1463,1737,5.276876315964817,45
77,ward,10001,1438,1463,15.842088717944577,1
77,ward,10002,1437,1288,1.2197247721822961,2
77,ward,10002,1437,1463,7.844641167663923,3
77,ward,10002,1437,1692,1.6430696451678486,4
77,ward,10002,1437,1306,14.966715038003287,5
77,ward,10002,1437,1309,0.9420488796876896,6
77,ward,10002,1437,10139,7.000872923937649,7
77,ward,10002,1437,1318,1.0565494352687281,8
77,ward,10002,1437,1458,20.501627683291616,9
77,ward,10002,1437,1466,11.67025658920953,10
77,ward,10002,1437,1450,17.763491586026035,11
77,ward,10002,1437,1301,13.883951953912089,12
77,ward,10002,1437,1320,1.656892998352987,13
77,ward,10002,1437,1639,0.9300726769487646,14
77,ward,10002,1437,1304,6.616152125686,15
77,ward,10002,1437,1454,4.682882809033401,16
77,ward,10002,1437,1305,9.590889239007925,17
77,ward,10003,1438,1456,33.981224376734616,13
77,ward,10003,1438,1469,6.029844170835361,15
77,ward,10003,1438,1626,6.053586619246445,16
77,ward,10003,1438,1445,4.765167900200744,20
77,ward,10003,1438,1305,2.7226833338625873,21
77,ward,10003,1438,1286,1.7648657958354406,22
77,ward,10003,1438,1172,9.26470369158341,23
77,ward,10026,1469,1172,0.06318559643751698,4
77,ward,10026,1469,1464,30.003746732894143,8
77,ward,10026,1469,1178,12.61819567442734,11
77,ward,10026,1469,1164,0.9182389104032467,12
77,ward,10026,1469,1176,4.188983856156284,15
77,ward,10026,1469,3975,1.0528072919890406,16
77,ward,10004,1437,1738,1.9248640521922074,20
77,ward,10005,1437,1324,1.812567412692239,21
77,ward,10005,1437,1738,5.635803178420913,22
77,ward,10005,1437,1293,0.5894912395508172,23
77,ward,10005,1437,1638,1.4702364736023767,26
77,ward,10006,1437,1638,1.2650766134476328,26
77,ward,10006,1437,1294,1.6881864221586338,28
77,ward,10007,1437,1294,1.8285853597810617,28
77,ward,10007,1437,1740,3.430936715437704,30
77,ward,10009,1438,1637,8.648555497212797,28
77,ward,10009,1438,1629,1.8507316647045968,29
77,ward,10009,1438,1628,0.5786092312724733,30
77,ward,10009,1438,1633,1.5256961097566872,34
77,ward,10009,1438,3975,0.1468183434602537,37
77,ward,10009,1438,3058,4.944725081674463,38
77,ward,10009,1438,1740,17.671460601693006,39
77,ward,10009,1438,1165,10.901806393795937,40
77,ward,10009,1438,1186,7.634851401209211,41
77,ward,10009,1438,1169,26.620167963656684,42
77,ward,10010,1438,1169,3.40696312880803,41
77,ward,10010,1438,1168,11.274593363644634,43
77,ward,10010,1438,1635,3.4136012627023504,44
77,ward,10010,1438,1737,3.541309048334842,45
78,ward,10001,1438,1463,11.711083661255927,1
78,ward,10001,1438,1466,5.666729262383072,2
78,ward,10001,1438,10139,3.7905456499617785,3
78,ward,10001,1438,1458,3.876385657346468,4
78,ward,10002,1437,1288,0.1556806911970412,2
78,ward,10002,1437,1692,0.20887879502798512,4
78,ward,10002,1437,1306,4.873093467637091,5
78,ward,10002,1437,1309,0.11466179244791874,6
78,ward,10002,1437,1318,0.13190407254479908,8
78,ward,10002,1437,1458,3.674146367291293,9
78,ward,10002,1437,1450,9.831376419146437,11
78,ward,10002,1437,1301,4.502741545418559,12
78,ward,10002,1437,1320,0.2174951872254951,13
78,ward,10002,1437,1639,0.11371784199146617,14
78,ward,10002,1437,1304,1.9214449390295698,15
78,ward,10002,1437,1454,1.4317648462734027,16
78,ward,10002,1437,1305,3.69414219491361,17
78,ward,10002,1437,1456,19.279510654862378,18
78,ward,10002,1437,1626,1.5258793492266847,19
78,ward,10002,1437,1286,0.2123448201392506,20
78,ward,10002,1437,1469,1.9264132241489733,21
78,ward,10002,1437,1638,0.6005179991606511,22
78,ward,10002,1437,1324,0.3303181751372861,23
78,ward,10002,1437,1445,1.9618730175349057,24
78,ward,10002,1437,1293,0.06668603992513056,25
78,ward,10002,1437,1172,4.018920833567151,26
78,ward,10002,1437,1738,3.2206030391341898,27
78,ward,10002,1437,1637,2.278601225499145,28
78,ward,10002,1437,1629,0.22349954828405316,29
78,ward,10002,1437,1464,16.477307278698134,30
78,ward,10002,1437,1294,0.7594199328623574,31
78,ward,10002,1437,1628,0.04803903854541147,32
78,ward,10002,1437,1633,0.19010560162613643,33
78,ward,10002,1437,1164,0.11542783923385969,34
78,ward,10002,1437,1178,4.851661723084561,35
78,ward,10002,1437,1740,11.64085852905498,36
78,ward,10002,1437,1176,1.081260142193905,37
78,ward,10002,1437,3975,0.15785301263531437,38
78,ward,10002,1437,3058,1.2423810967353575,39
78,ward,10002,1437,1165,4.354131772031252,40
78,ward,10002,1437,1186,3.3538011397284677,41
78,ward,10003,1438,1186,0.08744695017814053,41
78,ward,10003,1438,1169,17.114210279785397,42
78,ward,10003,1438,1168,6.100668813012355,43
78,ward,10003,1438,1635,0.9082249826492372,44
78,ward,10003,1438,1737,1.6268874068206465,45
79,ward,10001,1438,1463,3.3561030161921934,1
79,ward,10001,1438,1466,1.644228649029344,2
79,ward,10001,1438,10139,1.1883976182478122,3
79,ward,10001,1438,1458,1.4077252417734911,4
79,ward,10001,1438,1450,3.1256512600352693,5
79,ward,10001,1438,1456,6.223267720450735,7
79,ward,10001,1438,1454,0.19318906334579822,8
79,ward,10001,1438,1469,0.33221652503981147,10
79,ward,10001,1438,1445,0.489564523168859,14
79,ward,10001,1438,1306,0.68559100080995,15
79,ward,10001,1438,1626,0.17376784550516788,16
79,ward,10001,1438,1172,1.0305905369879298,18
79,ward,10001,1438,1464,5.213030868301672,19
79,ward,10001,1438,1301,0.631220048572743,20
79,ward,10001,1438,1304,0.2495505117495611,22
79,ward,10001,1438,1305,0.4916860498458959,23
79,ward,10001,1438,1638,0.05572860376879163,24
79,ward,10001,1438,1178,1.0521209810665653,25
79,ward,10001,1438,1176,0.12678972145486966,28
79,ward,10001,1438,1637,0.26554994230822615,29
79,ward,10001,1438,3975,0.0012908495619399218,31
79,ward,10001,1438,1324,0.021254875596916634,32
79,ward,10001,1438,1738,0.8324494395337112,33
79,ward,10001,1438,3058,0.11441389212377828,37
79,ward,10002,1437,1294,0.07222433251070015,31
79,ward,10002,1437,1740,3.6894457046252,36
79,ward,10002,1437,3058,0.02741773850065954,39
79,ward,10002,1437,1165,0.9758249562329269,40
79,ward,10002,1437,1186,0.8834172616006768,41
79,ward,10002,1437,1169,5.5394566894738375,42
79,ward,10002,1437,1168,1.9118799291470978,43
79,ward,10002,1437,1635,0.10831527878149672,44
79,ward,10002,1437,1737,0.4510692141316959,45
80,ward,10001,1438,1463,0.4618250970936941,1
80,ward,10001,1438,1466,0.27151001854856815,2
80,ward,10001,1438,10139,0.18101356796923795,3
80,ward,10001,1438,1458,0.1010828110690909,4
80,ward,10001,1438,1450,0.46919200530305716,5
80,ward,10001,1438,1437,0.06506360367486508,6
80,ward,10001,1438,1456,0.9194555480378028,7
80,ward,10001,1438,1454,0.034911329400571844,8
80,ward,10001,1438,1639,0.06702389150425248,9
80,ward,10001,1438,1469,0.09384388009047484,10
80,ward,10001,1438,1288,0.06497996690148256,11
80,ward,10001,1438,1692,0.09045903998597993,12
80,ward,10001,1438,1318,0.06661046372762769,13
80,ward,10001,1438,1445,0.09454169909296439,14
80,ward,10001,1438,1306,0.025804393611309706,15
80,ward,10001,1438,1626,0.11896542440213409,16
80,ward,10001,1438,1309,0.06970816627602971,17
80,ward,10001,1438,1172,0.1712421658976524,18
80,ward,10001,1438,1464,0.7865358444521746,19
80,ward,10001,1438,1301,0.019461248008695975,20
80,ward,10001,1438,1320,0.06721334388725353,21
80,ward,10001,1438,1304,0.07672594073392247,22
80,ward,10001,1438,1305,0.1108933020808962,23
80,ward,10001,1438,1638,0.04604399922612146,24
80,ward,10001,1438,1178,0.1570470442566716,25
80,ward,10001,1438,1164,0.0551220178830647,26
80,ward,10001,1438,1286,0.13922602743034673,27
80,ward,10001,1438,1176,0.08513753076763209,28
80,ward,10001,1438,1637,0.06687265167524004,29
80,ward,10001,1438,1628,0.12116798072726453,30
80,ward,10001,1438,3975,0.06539916736815599,31
80,ward,10001,1438,1324,0.04773835172199625,32
80,ward,10001,1438,1738,0.15500333483249307,33
80,ward,10001,1438,1293,0.06134448003741966,34
80,ward,10001,1438,1629,0.14311741335794181,35
80,ward,10001,1438,1633,0.09747844918690163,36
80,ward,10001,1438,3058,0.10967153100571636,37
80,ward,10001,1438,1165,0.12716869256492203,38
80,ward,10001,1438,1186,0.10454072501255496,39
80,ward,10001,1438,1169,0.8160876068067466,40
80,ward,10001,1438,1294,0.11155678110081624,41
80,ward,10001,1438,1168,0.2913364008049584,42
80,ward,10001,1438,1740,0.5513397917585792,43
80,ward,10001,1438,1635,0.04442709501989128,44
80,ward,10001,1438,1737,0.07809189167697284,45
81,ward,10001,1438,1463,0.3469316982181141,1
81,ward,10001,1438,1466,0.5310250363863389,2
81,ward,10001,1438,10139,0.16302576944325864,3
81,ward,10001,1438,1458,0.15899098332397443,4
81,ward,10001,1438,1450,0.32874054351206894,5
81,ward,10001,1438,1437,0.571437413223947,6
81,ward,10001,1438,1456,0.44107743668541843,7
81,ward,10001,1438,1454,0.31901133663131986,8
81,ward,10001,1438,1639,0.5930500530298914,9
81,ward,10001,1438,1469,0.672613952431675,10
81,ward,10001,1438,1288,0.5976800808103135,11
81,ward,10001,1438,1692,0.8281117174020949,12
81,ward,10001,1438,1318,0.5988357460932647,13
81,ward,10001,1438,1445,0.356778174907852,14
81,ward,10001,1438,1306,0.2434133798745819,15
81,ward,10001,1438,1626,1.1064756105621854,16
81,ward,10001,1438,1309,0.6149962264321971,17
81,ward,10001,1438,1172,0.48278165647646176,18
81,ward,10001,1438,1464,0.6063851660737498,19
81,ward,10001,1438,1301,0.1977905867752554,20
81,ward,10001,1438,1320,0.6464543447107758,21
81,ward,10001,1438,1304,0.7011032042633758,22
81,ward,10001,1438,1305,1.0133163396444758,23
81,ward,10001,1438,1638,0.47356088019848386,24
81,ward,10001,1438,1178,0.5706513668027782,25
81,ward,10001,1438,1164,0.4986900626814439,26
81,ward,10001,1438,1286,1.2199806295126336,27
81,ward,10001,1438,1176,0.7779662921460968,28
81,ward,10001,1438,1637,0.744857028072559,29
81,ward,10001,1438,1628,0.9933633650910707,30
81,ward,10001,1438,3975,0.5976018717961651,31
81,ward,10001,1438,1324,0.47267383675575303,32
81,ward,10001,1438,1738,0.5232203008802401,33
81,ward,10001,1438,1293,0.5240988602620078,34
81,ward,10001,1438,1629,1.2566890810056748,35
81,ward,10001,1438,1633,0.874880394308569,36
81,ward,10001,1438,3058,1.0021520892274367,37
81,ward,10001,1438,1165,0.3271972537913257,38
81,ward,10001,1438,1186,0.05567601335286554,39
81,ward,10001,1438,1169,0.35870303672137993,40
81,ward,10001,1438,1294,1.0193790514502155,41
81,ward,10001,1438,1168,0.2640709990090997,42
81,ward,10001,1438,1740,0.052174550161556255,43
81,ward,10002,1437,1740,0.32578047929967724,36
81,ward,10002,1437,1635,0.4304257757485104,44
81,ward,10002,1437,1737,0.19798669074983266,45
82,ward,10001,1438,1463,1.6031955224944312,1
82,ward,10001,1438,1466,2.231348476736713,2
82,ward,10001,1438,10139,0.6850285342315132,3
82,ward,10001,1438,1458,1.0565221108966796,4
82,ward,10001,1438,1450,1.3813561710744722,5
82,ward,10001,1438,1437,2.2292095734969095,6
82,ward,10001,1438,1456,1.8533918347211227,7
82,ward,10001,1438,1454,1.3918773663020119,8
82,ward,10001,1438,1639,2.331540330085428,9
82,ward,10001,1438,1469,2.8263001089430873,10
82,ward,10001,1438,1288,2.022902604784676,11
82,ward,10002,1437,1288,0.4192592332448086,2
82,ward,10002,1437,1692,3.3683682997203164,4
82,ward,10002,1437,1306,1.3611443693924912,5
82,ward,10002,1437,1309,2.4104758255205283,6
82,ward,10002,1437,1318,2.392709274552068,8
82,ward,10002,1437,1301,1.197329790171409,12
82,ward,10002,1437,1320,2.751954377745008,13
82,ward,10002,1437,1304,2.971467023556869,15
82,ward,10002,1437,1305,4.360214867160437,17
82,ward,10002,1437,1626,4.655933528774611,19
82,ward,10002,1437,1286,4.747708048607663,20
82,ward,10002,1437,1638,2.1587673713316846,22
82,ward,10002,1437,1324,2.0734374698513136,23
82,ward,10002,1437,1445,1.499169309475711,24
82,ward,10002,1437,1293,1.9843896007485817,25
82,ward,10002,1437,1172,2.061105671158984,26
82,ward,10002,1437,1738,2.198553253367649,27
82,ward,10002,1437,1637,3.684215735425866,28
82,ward,10002,1437,1629,4.9012857671589956,29
82,ward,10002,1437,1464,2.5480090841699905,30
82,ward,10002,1437,1294,4.175100458228698,31
82,ward,10002,1437,1628,3.584859614545941,32
82,ward,10002,1437,1633,3.489818983738978,33
82,ward,10002,1437,1164,2.0051278576612717,34
82,ward,10002,1437,1178,2.5297772501445905,35
82,ward,10002,1437,1740,1.5944123187369144,36
82,ward,10002,1437,1176,2.3636850293810383,37
82,ward,10003,1438,1176,0.8584890608799398,34
82,ward,10003,1438,3975,2.42709037389632,37
82,ward,10003,1438,3058,4.139957412927544,38
82,ward,10003,1438,1165,1.4966672689906488,40
82,ward,10003,1438,1186,0.3232029666400109,41
82,ward,10003,1438,1169,1.5072575109374213,42
82,ward,10003,1438,1168,1.109617025590957,43
82,ward,10003,1438,1635,1.898188424662628,44
82,ward,10003,1438,1737,0.8319330926938768,45
83,ward,10001,1438,1463,5.10397088238831,1
83,ward,10001,1438,1466,5.814176539008983,2
83,ward,10001,1438,10139,0.015618751425410693,3
83,ward,10002,1437,1288,5.818407823241273,2
83,ward,10002,1437,1692,7.990009369608387,4
83,ward,10002,1437,1306,5.222800513018484,5
83,ward,10002,1437,1309,5.508922405728768,6
83,ward,10002,1437,10139,1.8181750259702518,7
83,ward,10002,1437,1318,5.57684298437287,8
83,ward,10002,1437,1458,4.8582639783325305,9
83,ward,10002,1437,1450,3.7499243809123044,11
83,ward,10002,1437,1301,4.793526958519195,12
83,ward,10002,1437,1320,6.808879878843072,13
83,ward,10002,1437,1639,5.34538771211961,14
83,ward,10002,1437,1304,3.713976478944698,15
83,ward,10003,1438,1454,3.8399703397593825,11
83,ward,10003,1438,1456,5.176310686566211,13
83,ward,10003,1438,1469,7.239399294180771,15
83,ward,10003,1438,1626,11.690197178208123,16
83,ward,10003,1438,1304,4.025157244111998,19
83,ward,10003,1438,1445,2.879978951619936,20
83,ward,10026,1469,1445,0.9824356876111473,2
83,ward,10026,1469,1172,5.507954037109542,4
83,ward,10026,1469,1464,6.8775395599181195,8
83,ward,10026,1469,1178,7.170634706987528,11
83,ward,10026,1469,1164,4.70282275072573,12
83,ward,10026,1469,1176,1.1173706856561552,15
83,ward,10004,1437,1305,1.0387319162506647,8
83,ward,10005,1437,1305,5.130941668447799,9
83,ward,10006,1437,1305,1.5936962242470265,11
83,ward,10007,1437,1305,2.838243790532969,13
83,ward,10009,1438,1286,10.769485018050744,20
83,ward,10009,1438,1305,1.1079133603317732,21
83,ward,10009,1438,1638,5.747227190643322,23
83,ward,10009,1438,1324,5.299843842247647,25
83,ward,10009,1438,1293,4.368895441048004,26
83,ward,10009,1438,1637,10.683591073824275,28
83,ward,10009,1438,1629,5.476631687727256,29
83,ward,10010,1438,1628,7.457953460364287,30
83,ward,10010,1438,1629,5.6669371362953385,32
83,ward,10010,1438,1176,6.46072325500198,33
83,ward,10011,1438,1738,5.672464649822842,29
83,ward,10011,1438,1176,0.4090159562874405,32
83,ward,10011,1438,3975,5.7509556906889685,35
83,ward,10011,1438,1633,8.120271577234497,36
83,ward,10011,1438,1294,10.08997154571577,37
83,ward,10011,1438,3058,2.54297407116195,38
83,ward,10012,1437,1740,4.367333508992374,37
83,ward,10012,1437,3058,7.65979374075215,39
83,ward,10012,1437,1165,1.7459011344527635,40
83,ward,10013,1437,1165,2.7908762718745113,40
83,ward,10013,1437,1186,1.361666457877206,41
83,ward,10013,1437,1169,4.243770759633094,42
83,ward,10013,1437,1168,2.969464336939147,43
83,ward,10013,1437,1635,5.021430872741995,44
83,ward,10013,1437,1737,2.1561813167155,45
84,ward,10002,1437,1438,1.6617701143836392,1
84,ward,10002,1437,1288,8.907657036620677,2
84,ward,10002,1437,1463,12.219480607749759,3
84,ward,10002,1437,1692,12.180739059804203,4
84,ward,10002,1437,1306,13.475362499219585,5
84,ward,10002,1437,1309,3.9116245319972123,6
84,ward,10003,1438,1466,10.730494457357196,3
84,ward,10003,1438,10139,3.684921441859437,4
84,ward,10003,1438,1458,14.168451756732978,5
84,ward,10003,1438,1450,2.8429784206839983,7
84,ward,10026,1469,1456,11.177605674238336,1
84,ward,10004,1437,1304,0.9366748506399459,6
84,ward,10005,1437,1304,4.6268184752453845,6
84,ward,10006,1437,1304,1.4371130312431797,6
84,ward,10007,1437,1309,2.5593818164105357,8
84,ward,10009,1438,1450,5.004361529442015,8
84,ward,10009,1438,1318,8.356046492186458,9
84,ward,10009,1438,1309,1.619095479456643,10
84,ward,10009,1438,1639,7.875771981059803,12
84,ward,10009,1438,1454,7.372799224767817,13
84,ward,10009,1438,1456,0.5110463772789586,14
84,ward,10009,1438,1626,8.445082319232192,15
84,ward,10010,1438,1626,10.981371285325586,16
84,ward,10010,1438,1445,6.679924802903717,17
84,ward,10011,1438,1445,0.17803220491075322,16
84,ward,10011,1438,1172,10.362505724430775,18
84,ward,10011,1438,1301,12.55700179210541,19
84,ward,10011,1438,1304,6.286521400671301,20
84,ward,10012,1437,1304,0.46595324798226034,16
84,ward,10012,1437,1320,10.794799314421539,17
84,ward,10012,1437,1305,1.1590538407668554,19
84,ward,10013,1437,1305,18.302869324178687,18
84,ward,10014,1438,1305,2.249728366346151,20
84,ward,10014,1438,1286,11.254777508663762,23
84,ward,10016,1463,1638,9.894978036402243,21
84,ward,10016,1463,1464,14.159285267731292,22
84,ward,10016,1463,1286,4.436699375361551,23
84,ward,10016,1463,1178,8.51073001367603,26
84,ward,10017,1463,1178,5.8327232203901165,23
84,ward,10017,1463,1164,3.605099394886752,24
84,ward,10018,1466,1164,3.485421355476083,23
84,ward,10018,1466,1176,2.630925625414763,28
84,ward,10030,1445,1176,10.528256204964292,10
84,ward,10030,1445,3975,8.762891449287096,14
84,ward,10030,1445,1186,1.6829876963648847,15
84,ward,10019,1466,1637,20.151830431137725,28
84,ward,10019,1466,1628,9.82685173018212,31
84,ward,10019,1466,3058,1.023403066117595,32
84,ward,10021,1450,3058,15.626918039219383,29
84,ward,10021,1450,1165,8.968548352976036,31
84,ward,10022,10139,1629,16.276206287011284,32
84,ward,10022,10139,1633,1.0834610809734038,34
84,ward,10023,1466,1186,2.24548163041821,30
84,ward,10023,1466,1169,9.779099897993262,31
84,ward,10023,1466,1165,0.8929556963815557,32
84,ward,10023,1466,1633,11.062987207643825,37
84,ward,10023,1466,1168,5.961391983991341,38
84,ward,10023,1466,1324,8.7222061657518,39
84,ward,10023,1466,1293,6.161322720524005,40
84,ward,10023,1466,1738,1.6851512165867284,41
84,ward,10024,1456,1738,8.43756722780559,41
84,ward,10024,1456,1294,15.927904280261814,42
84,ward,10024,1456,1740,5.979370090782343,43
84,ward,10025,1469,1740,3.265633599621818,43
84,ward,10025,1469,1635,8.826815427337458,44
84,ward,10025,1469,1737,3.9081935194806796,45
84,icu,10002,1437,1438,0.6864387767210127,1
84,icu,10002,1437,1288,3.5019999999999993,2
84,icu,10002,1437,1463,3.802358160723113,3
84,icu,10002,1437,1692,4.325999999999999,4
84,icu,10002,1437,1306,1.492129102922755,5
84,icu,10003,1438,1466,4.463098660900329,3
84,icu,10003,1438,1458,4.964955162089753,5
84,icu,10026,1469,1456,1.4775812214442654,1
84,icu,10004,1437,1306,0.28100245519198375,2
84,icu,10005,1437,1306,1.3880455425736153,3
84,icu,10006,1437,1306,0.43113390937295387,4
84,icu,10007,1437,1306,0.7678145449231607,4
84,icu,10009,1438,1458,6.291697386194523,6
84,icu,10009,1438,1450,2.762961026314187,8
84,icu,10009,1438,1318,2.700602608518455,9
84,icu,10010,1438,1639,1.4419999999999997,9
84,icu,10010,1438,1454,2.0599999999999996,10
84,icu,10010,1438,1456,1.796388826468791,11
84,icu,10011,1438,1456,1.6834813616988815,8
84,icu,10011,1438,1318,0.5953973914815442,13
84,icu,10011,1438,1306,2.031348581017308,14
84,icu,10011,1438,1309,4.5049910024377375,15
84,icu,10012,1437,1309,0.645008997562261,11
84,icu,10012,1437,1301,3.0809329233889353,15
84,icu,10013,1437,1304,5.490860797253606,12
84,icu,10014,1438,1304,0.40169145111934146,16
84,icu,10014,1438,1301,3.6496603113836326,17
84,icu,10016,1463,1626,7.415999999999999,14
84,icu,10016,1463,1172,3.684507807951336,18
84,icu,10017,1463,1172,2.83134678458306,16
84,icu,10018,1466,1172,0.4881454074656024,15
84,icu,10018,1466,1464,1.3467586868016512,19
84,icu,10030,1445,1464,5.385437544452321,3
84,icu,10030,1445,1178,0.9068030607325603,6
84,icu,10019,1466,1178,6.715196939267438,19
84,icu,10019,1466,1638,2.5854286289637933,22
84,icu,10021,1450,1638,1.122571371036206,20
84,icu,10021,1450,1176,3.2959999999999994,22
84,icu,10021,1450,1637,2.96006854662242,24
84,icu,10022,10139,1301,1.5094067652274301,23
84,icu,10022,10139,1320,3.6984934451679763,24
84,icu,10023,1466,3975,2.0599999999999996,24
84,icu,10023,1466,1637,11.665931453377578,26
84,icu,10023,1466,1320,0.22724750240963942,27
84,icu,10024,1456,1186,5.0424368096477306,23
84,icu,10024,1456,1169,3.0147863719318444,24
84,icu,10024,1456,3058,1.0462292980753496,25
84,icu,10025,1469,3058,5.545770701924649,23
84,icu,10025,1469,1165,6.752593792388415,24
84,icu,10025,1469,1628,4.119999999999999,28
84,icu,10025,1469,1168,2.219433814421471,30
84,icu,10025,1469,1320,1.4302590524223833,33
84,icu,10025,1469,1633,0.6356435168864207,34
84,icu,10027,1469,1633,2.6603564831135786,32
84,icu,10027,1469,1629,5.355999999999999,33
84,icu,10027,1469,1286,5.179453539543238,36
84,icu,10028,1450,1286,1.61854646045676,33
84,icu,10028,1450,1305,6.232586094284141,38
84,icu,10029,1456,1305,5.156214244387792,38
84,icu,10029,1456,1324,4.325999999999999,39
84,icu,10029,1456,1293,1.2359999999999998,40
84,icu,10029,1456,1738,4.397502310071058,41
84,icu,10029,1456,1294,2.6870464661007576,42
84,icu,10031,1445,1294,5.346953533899241,42
84,icu,10031,1445,1740,3.176593324767426,43
84,icu,10031,1445,1635,3.2959999999999994,44
84,icu,10031,1445,1737,0.05248558515111146,45
84,icu,10032,1464,1737,1.61153037231644,45
85,ward,10002,1437,1438,14.30093592298373,1
85,ward,10002,1437,1288,9.08770233837937,2
85,ward,10002,1437,1463,21.978618809932513,3
85,ward,10002,1437,1692,1.3116810068321918,4
85,ward,10003,1438,1466,15.082860395975565,3
85,ward,10003,1438,10139,5.997701047728373,4
85,ward,10003,1438,1458,7.2565657400089165,5
85,ward,10026,1469,1456,5.828514318765269,1
85,ward,10004,1437,1306,0.8445860048331199,2
85,ward,10005,1437,1306,4.171934506863032,3
85,ward,10006,1437,1306,1.2958237885025252,4
85,ward,10007,1437,1306,2.3077571279808233,4
85,ward,10009,1438,1692,11.064783058363599,4
85,ward,10009,1438,1458,19.289450888225183,6
85,ward,10009,1438,1450,4.9775888118163,8
85,ward,10010,1438,1450,8.575249830157563,6
85,ward,10010,1438,1639,7.34968238419761,9
85,ward,10011,1438,1456,16.414630941261255,8
85,ward,10011,1438,1454,10.080546944583087,9
85,ward,10012,1437,1306,11.19875767315425,9
85,ward,10013,1437,1306,3.4112111324372982,6
85,ward,10013,1437,1309,7.916820047135634,10
85,ward,10013,1437,1318,5.175398232383031,11
85,ward,10014,1438,1454,0.06423037538805332,10
85,ward,10014,1438,1639,0.3837800097425763,12
85,ward,10014,1438,1318,3.171430275430488,13
85,ward,10014,1438,1304,8.557374652060457,16
85,ward,10016,1463,1626,22.360218514834244,14
85,ward,10016,1463,1445,8.903398756930216,16
85,ward,10016,1463,1172,2.100267519673203,18
85,ward,10017,1463,1172,8.509946532155157,16
85,ward,10018,1466,1172,3.862511160475867,15
85,ward,10018,1466,1464,1.6525094010716108,19
85,ward,10030,1445,1464,18.912070894722326,3
85,ward,10019,1466,1464,3.329680849898189,17
85,ward,10019,1466,1178,20.889833232524765,19
85,ward,10019,1466,1164,3.7346124598324977,21
85,ward,10021,1450,1164,3.392194914804641,18
85,ward,10021,1450,1638,11.50348690945247,20
85,ward,10021,1450,1176,7.281690273434293,22
85,ward,10022,10139,1301,15.65295801156722,23
85,ward,10023,1466,1176,7.816746870634546,21
85,ward,10023,1466,3975,8.907094459912198,24
85,ward,10023,1466,1301,6.058075426300833,25
85,ward,10023,1466,1637,19.156007454307407,26
85,ward,10024,1456,1186,7.64465885593188,23
85,ward,10024,1456,1169,19.045935492121558,24
85,ward,10024,1456,3058,0.6709052328913181,25
85,ward,10025,1469,3058,18.176575043658108,23
85,ward,10025,1469,1165,15.55229782895556,24
85,ward,10025,1469,1637,6.715566451081294,27
85,ward,10025,1469,1628,8.466773269817867,28
85,ward,10025,1469,1168,9.688944351247564,30
85,ward,10025,1469,1320,3.6272566837074685,33
85,ward,10027,1469,1633,12.11248921138273,32
85,ward,10027,1469,1629,15.83705933798867,33
85,ward,10027,1469,1320,7.749022126871036,35
85,ward,10027,1469,1286,3.9629919245476053,36
85,ward,10028,1450,1286,11.265734316427018,33
85,ward,10028,1450,1304,8.837389845416208,37
85,ward,10028,1450,1305,3.494380256022186,38
85,ward,10029,1456,1305,25.314748665921325,38
85,ward,10029,1456,1324,9.622175821713409,39
85,ward,10029,1456,1293,5.7693022794760225,40
85,ward,10029,1456,1738,12.802076155910036,41
85,ward,10031,1445,1738,0.48387769184467544,41
85,ward,10031,1445,1294,17.154197237014145,42
85,ward,10031,1445,1740,16.098960387380515,43
85,ward,10031,1445,1635,1.9457577188703468,44
85,ward,10032,1464,1635,8.825618499380596,44
85,ward,10032,1464,1737,5.299548491293262,45
85,icu,10002,1437,1438,3.6905541239307578,1
85,icu,10002,1437,1463,12.47569610157324,3
85,icu,10003,1438,1463,8.501138155113857,1
85,icu,10026,1469,1456,4.048748081296819,1
85,icu,10004,1437,1306,0.25337580144993593,2
85,icu,10005,1437,1306,0.359150062548287,3
85,icu,10005,1437,1463,0.8924302895106224,4
85,icu,10006,1437,1463,0.07837729307916086,3
85,icu,10006,1437,1304,0.3103698434715967,6
85,icu,10007,1437,1466,0.692327138394247,6
85,icu,10009,1438,1458,9.755347451715718,6
85,icu,10009,1438,1466,0.8441993758058057,7
85,icu,10010,1438,1466,0.5923748248996175,2
85,icu,10010,1438,1450,4.185104839406934,6
85,icu,10011,1438,1450,2.939934134278877,6
85,icu,10011,1438,1456,5.008619231474425,8
85,icu,10012,1437,1456,3.359627301946275,14
85,icu,10013,1437,1304,0.5950779081554507,12
85,icu,10013,1437,1456,2.1955539756705447,17
85,icu,10013,1437,1305,2.160396939760793,18
85,icu,10014,1438,1305,0.252802721567277,20
85,icu,10014,1438,1464,3.400241872219195,25
85,icu,10016,1463,1464,10.009165437431298,22
85,icu,10017,1463,1464,2.552983959646547,19
85,icu,10018,1466,1464,1.2014124994489896,19
85,icu,10018,1466,1738,0.4530936690152536,35
85,icu,10030,1445,1186,4.021563190352273,15
85,icu,10030,1445,1169,1.6520580780644245,16
85,icu,10019,1466,1165,2.311406207611588,33
85,icu,10019,1466,1169,6.074831755065047,35
85,icu,10021,1450,1169,6.356323794938676,33
85,icu,10021,1450,1168,0.29688783436874466,38
85,icu,10022,10139,1168,0.7796783512097836,40
85,icu,10022,10139,1738,1.9474040209136831,41
85,icu,10022,10139,1740,1.968805031346699,43
85,icu,10023,1466,1740,8.862601643885874,43
85,icu,10023,1466,1737,1.6319840425324479,45
86,ward,10002,1437,1438,19.84687158692996,1
86,ward,10002,1437,1288,6.178498426758669,2
86,ward,10002,1437,1463,17.888344884524777,3
86,ward,10003,1438,1463,11.080124743901656,1
86,ward,10003,1438,1466,14.46995734416208,3
86,ward,10026,1469,1456,5.33683806614415,1
86,ward,10004,1437,1306,0.7615183294345719,2
86,ward,10005,1437,1306,3.761611698508453,3
86,ward,10006,1437,1306,1.168375465630643,4
86,ward,10007,1437,1306,2.0807819958938616,4
86,ward,10009,1438,1692,8.381459380391625,4
86,ward,10009,1438,10139,7.821714698580877,5
86,ward,10009,1438,1458,15.653653394951007,6
86,ward,10010,1438,1466,2.100780830251775,2
86,ward,10010,1438,1458,12.257884488421988,4
86,ward,10011,1438,1458,4.795304698798509,5
86,ward,10011,1438,1450,18.68946021602916,6
86,ward,10011,1438,1456,0.40452935033913917,8
86,ward,10012,1437,1306,10.09732482683994,9
86,ward,10013,1437,1306,8.919376668244025,6
86,ward,10013,1437,1309,5.162358844271253,10
86,ward,10013,1437,1318,0.7985299948646425,11
86,ward,10014,1438,1454,9.963493720203331,10
86,ward,10014,1438,1456,1.0156937179464443,11
86,ward,10016,1463,1639,5.060768537880396,8
86,ward,10016,1463,1456,25.021673823739473,9
86,ward,10017,1463,1456,1.4153571270748877,8
86,ward,10017,1463,1318,4.759877020762447,13
86,ward,10017,1463,1626,1.4977325241889075,14
86,ward,10018,1466,1445,4.972601038607996,13
86,ward,10030,1445,1172,13.35183268294096,1
86,ward,10019,1466,1172,1.8698176589476159,12
86,ward,10019,1466,1626,16.581298011087494,15
86,ward,10019,1466,1464,6.753635087665604,17
86,ward,10021,1450,1464,19.996158182161455,16
86,ward,10022,10139,1464,5.51442182805247,18
86,ward,10022,10139,1638,8.599018801399376,20
86,ward,10023,1466,1178,22.135305580988373,17
86,ward,10023,1466,1164,4.775395999274252,18
86,ward,10023,1466,1176,10.902496604974537,21
86,ward,10024,1456,1176,1.343493083715309,17
86,ward,10024,1456,3975,6.043234260625212,18
86,ward,10024,1456,1638,0.5324119466507948,22
86,ward,10024,1456,1186,10.115252487197878,23
86,ward,10024,1456,1169,6.636018733553527,24
86,ward,10025,1469,1169,22.272553507808382,22
86,ward,10025,1469,3058,15.022581046212629,23
86,ward,10025,1469,1165,17.612459192562554,24
86,ward,10025,1469,1637,1.1995591072553182,27
86,ward,10027,1469,1168,12.617302298217176,22
86,ward,10027,1469,1637,21.72016874199577,27
86,ward,10027,1469,1628,1.423252819385084,28
86,ward,10028,1450,1628,3.314543720250626,25
86,ward,10028,1450,1301,17.962072326292134,31
86,ward,10029,1456,1633,8.05235342276547,32
86,ward,10029,1456,1629,10.265274925977401,33
86,ward,10029,1456,1301,7.033178069470534,34
86,ward,10029,1456,1320,7.971838871156891,35
86,ward,10029,1456,1286,9.843983731949272,36
86,ward,10029,1456,1304,5.078964937899588,37
86,ward,10031,1445,1304,10.692187303794821,37
86,ward,10031,1445,1305,21.481091422301734,38
86,ward,10032,1464,1305,5.898448468350207,38
86,ward,10032,1464,1324,7.163547780961654,39
86,ward,10032,1464,1293,3.58485455895201,40
86,ward,10032,1464,1738,13.176737207852092,41
86,ward,10032,1464,1294,3.3113177048566627,42
86,ward,10033,1464,1294,9.4479127518956,42
86,ward,10033,1464,1635,9.235498290913448,43
86,ward,10033,1464,1740,10.637568967614303,44
86,ward,10034,3975,1740,11.621313405835064,44
86,ward,10034,3975,1737,5.530361170120262,45
87,ward,10002,1437,1438,14.727978729595353,1
87,ward,10002,1437,1288,2.699369411970487,2
87,ward,10002,1437,1463,24.434033299032738,3
87,ward,10003,1438,1463,2.808922834411714,1
87,ward,10003,1438,1466,13.997760695555542,3
87,ward,10003,1438,10139,6.23000866675314,4
87,ward,10026,1469,1456,8.445330662908788,1
87,ward,10004,1437,1306,0.6866069274016334,2
87,ward,10005,1437,1306,3.3915777868519883,3
87,ward,10006,1437,1306,1.0534410762033184,4
87,ward,10007,1437,1306,1.8760931648935075,4
87,ward,10009,1438,1692,3.6479754502797164,4
87,ward,10009,1438,10139,1.4854127658601577,5
87,ward,10009,1438,1458,23.589647833268643,6
87,ward,10010,1438,1458,3.0471102079134766,4
87,ward,10010,1438,1450,9.899077290111851,6
87,ward,10011,1438,1450,9.305297328762688,6
87,ward,10011,1438,1456,12.233980583797283,8
87,ward,10012,1437,1306,9.104039793080858,9
87,ward,10013,1437,1306,4.32661489068102,6
87,ward,10013,1437,1309,2.1629304244795122,10
87,ward,10013,1437,1318,2.3795407254479066,11
87,ward,10013,1437,1304,4.547391257487181,12
87,ward,10014,1438,1454,6.800764048828526,10
87,ward,10014,1438,1456,3.0983885531474336,11
87,ward,10016,1463,1639,2.128240919914589,8
87,ward,10016,1463,1456,12.1367847336676,9
87,ward,10016,1463,1626,10.150285099029404,14
87,ward,10016,1463,1445,2.7078884144849837,16
87,ward,10017,1463,1445,3.6210525853866002,15
87,ward,10017,1463,1172,3.2971158514083507,16
87,ward,10018,1466,1172,4.4834407634651035,15
87,ward,10030,1445,1172,4.118022561294752,1
87,ward,10030,1445,1464,11.256561925684608,3
87,ward,10019,1466,1464,21.404995394951357,17
87,ward,10019,1466,1178,1.3203360970935165,19
87,ward,10021,1450,1164,2.0569658923387593,18
87,ward,10021,1450,1178,15.428080945770844,19
87,ward,10021,1450,1638,0.5440671025687216,20
87,ward,10022,10139,1638,4.330534615672324,20
87,ward,10022,10139,1301,8.394551217584544,23
87,ward,10023,1466,1176,6.94346173501512,21
87,ward,10023,1466,3975,2.642776046504032,24
87,ward,10023,1466,1301,10.614117002257194,25
87,ward,10023,1466,1637,13.846902408810834,26
87,ward,10023,1466,1320,0.04621478000751189,27
87,ward,10024,1456,1186,9.128442115092579,23
87,ward,10024,1456,1169,13.11511277318143,24
87,ward,10025,1469,1169,18.48422816575148,22
87,ward,10025,1469,3058,8.342493458629207,23
87,ward,10025,1469,1165,14.041068382287818,24
87,ward,10025,1469,1628,1.6418903854540616,28
87,ward,10025,1469,1168,8.07814965371741,30
87,ward,10027,1469,1168,4.353877526500497,22
87,ward,10027,1469,1633,3.4413060162610734,32
87,ward,10027,1469,1629,4.273932982840989,33
87,ward,10027,1469,1320,3.5364245922474478,35
87,ward,10027,1469,1286,4.0866357013923675,36
87,ward,10027,1469,1304,5.4981095923265535,37
87,ward,10027,1469,1305,7.0526154094915405,38
87,ward,10028,1450,1305,11.134498246730384,38
87,ward,10028,1450,1324,3.5185199739161206,39
87,ward,10028,1450,1293,1.424360399251416,40
87,ward,10028,1450,1738,3.1062331259519347,41
87,ward,10029,1456,1738,6.747729741171195,41
87,ward,10029,1456,1294,6.46863003313338,42
87,ward,10029,1456,1740,22.846610007571357,43
87,ward,10029,1456,1635,5.488497002543191,44
87,ward,10029,1456,1737,1.948154627979683,45
87,ward,10031,1445,1737,2.460938054170146,45
88,ward,10002,1437,1438,3.743675025983654,1
88,ward,10002,1437,1288,0.6877027316896758,2
88,ward,10002,1437,1463,17.698906773432086,3
88,ward,10002,1437,1692,0.9259742200979346,4
88,ward,10002,1437,1306,9.919904252820174,5
88,ward,10002,1437,1309,0.5283553360678184,6
88,ward,10002,1437,10139,5.395709286949678,7
88,ward,10002,1437,1318,0.12571118941114534,8
88,ward,10003,1438,1466,8.668492925796414,3
88,ward,10003,1438,1458,12.10203919690904,5
88,ward,10026,1469,1456,11.731182448320748,1
88,ward,10004,1437,1304,0.6190641920066113,6
88,ward,10005,1437,1304,3.0579422934032316,6
88,ward,10006,1437,1304,0.5917920469479632,6
88,ward,10006,1437,1458,0.3580201711348673,10
88,ward,10007,1437,1458,1.5660204859208524,9
88,ward,10007,1437,1318,0.12551808280457943,11
88,ward,10009,1438,1450,13.797434002586172,8
88,ward,10009,1438,1318,0.3429974816910353,9
88,ward,10009,1438,1639,0.5218952594700959,12
88,ward,10009,1438,1454,3.0573238276533914,13
88,ward,10009,1438,1456,8.177849722100643,14
88,ward,10010,1438,1456,6.721335345377149,11
88,ward,10010,1438,1626,3.7897329842366076,16
88,ward,10010,1438,1445,1.1615798526015926,17
88,ward,10011,1438,1445,2.2019406062662394,16
88,ward,10011,1438,1172,6.673405060793947,18
88,ward,10011,1438,1301,9.193346749665281,19
88,ward,10011,1438,1320,0.937194092789241,21
88,ward,10011,1438,1305,0.4145346152854188,22
88,ward,10012,1437,1305,7.589322768606607,19
88,ward,10012,1437,1286,0.6191365602676662,21
88,ward,10013,1437,1286,0.369468747719754,21
88,ward,10013,1437,1324,1.0714427939147626,23
88,ward,10013,1437,1738,5.390635134873584,24
88,ward,10013,1437,1293,0.3280886397379916,26
88,ward,10013,1437,1638,1.667915543105373,27
88,ward,10013,1437,1464,3.2691238851813402,28
88,ward,10014,1438,1464,8.92535548728548,25
88,ward,10016,1463,1464,11.046047633329419,22
88,ward,10016,1463,1178,8.734928698755951,26
88,ward,10016,1463,1164,0.5168333748185319,27
88,ward,10016,1463,1637,4.157232482309361,28
88,ward,10017,1463,1637,1.3063458790466669,27
88,ward,10017,1463,1176,2.6351219991750696,29
88,ward,10017,1463,1628,0.31332413490894595,30
88,ward,10017,1463,3975,0.6787393240423114,31
88,ward,10017,1463,1629,1.0371156064943534,32
88,ward,10017,1463,1633,0.2669690525733559,33
88,ward,10018,1466,3058,3.0935530892049314,36
88,ward,10018,1466,1633,0.5909318031180772,37
88,ward,10018,1466,1165,0.35791188941011143,38
88,ward,10030,1445,1186,5.538049745557892,15
88,ward,10030,1445,1169,8.324109727385716,16
88,ward,10019,1466,1165,7.270057193503483,33
88,ward,10019,1466,1169,13.219743326635708,35
88,ward,10021,1450,1169,2.0268176321034748,33
88,ward,10021,1450,1168,8.687631088328494,38
88,ward,10021,1450,1294,2.1380958574009554,42
88,ward,10021,1450,1740,3.403013600875026,43
88,ward,10022,10139,1740,11.473296678482068,43
88,ward,10023,1466,1740,1.4953176437357367,43
88,ward,10023,1466,1635,2.160913122675815,44
88,ward,10023,1466,1737,2.5840982275777513,45
89,ward,10001,1438,1463,5.125800633967078,1
89,ward,10002,1437,1288,0.07784034559850994,2
89,ward,10002,1437,1463,2.4077927047569254,3
89,ward,10002,1437,1692,0.10443939751398545,4
89,ward,10002,1437,1306,2.7793422342235203,5
89,ward,10002,1437,1309,0.05733089622395937,6
89,ward,10002,1437,10139,2.489471634104767,7
89,ward,10002,1437,1318,0.06595203627240664,8
89,ward,10002,1437,1458,4.47912863320559,9
89,ward,10002,1437,1466,3.655478955706286,10
89,ward,10002,1437,1450,6.478513839590818,11
89,ward,10002,1437,1301,2.5669807969957503,12
89,ward,10002,1437,1320,0.10874759361274755,13
89,ward,10002,1437,1639,0.05685892099571532,14
89,ward,10002,1437,1304,1.0854977253896294,15
89,ward,10002,1437,1454,0.8124769548095898,16
89,ward,10002,1437,1305,2.092914122379881,17
89,ward,10002,1437,1456,6.243732971182659,18
89,ward,10003,1438,1456,6.507656216473798,13
89,ward,10003,1438,1469,1.129314874594428,15
89,ward,10003,1438,1626,0.8498235973659263,16
89,ward,10003,1438,1445,1.2257187703518824,20
89,ward,10003,1438,1286,0.1061724100696182,22
89,ward,10003,1438,1172,2.5247556852775546,23
89,ward,10003,1438,1638,0.32812330146470714,24
89,ward,10003,1438,1464,6.056010823780298,25
89,ward,10026,1469,1464,4.789158249719804,8
89,ward,10026,1469,1178,2.951891352075492,11
89,ward,10026,1469,1164,0.05771391961692984,12
89,ward,10026,1469,1176,0.6040249318243625,15
89,ward,10026,1469,3975,0.07957193109865557,16
89,ward,10026,1469,3058,0.6921063636798408,18
89,ward,10026,1469,1186,2.1623326757536745,19
89,ward,10026,1469,1169,2.827368909333652,20
89,ward,10004,1437,1738,0.5581740245125132,20
89,ward,10005,1437,1324,0.1757865253671227,21
89,ward,10005,1437,1738,1.4683522148214196,22
89,ward,10005,1437,1293,0.033343019962572384,23
89,ward,10005,1437,1294,0.4158221326865714,27
89,ward,10005,1437,1740,0.663864069184704,29
89,ward,10006,1437,1740,0.8563902017656814,29
89,ward,10007,1437,1740,1.5251615304435624,30
89,ward,10009,1438,1637,1.272075583903714,28
89,ward,10009,1438,1629,0.11174977414202658,29
89,ward,10009,1438,1628,0.02401951927269863,30
89,ward,10009,1438,1633,0.09505280081308598,34
89,ward,10009,1438,1740,4.619736315446199,39
89,ward,10009,1438,1165,2.664978364132054,40
89,ward,10009,1438,1169,8.499464575295923,42
89,ward,10009,1438,1168,4.006274371079705,43
89,ward,10009,1438,1635,0.508270130715367,44
89,ward,10009,1438,1737,1.0389783104761783,45
90,ward,10001,1438,1463,1.9089640566430006,1
90,ward,10001,1438,1466,0.9578693337890343,2
90,ward,10001,1438,10139,0.6847055931085251,3
90,ward,10001,1438,1458,0.7544040264212697,4
90,ward,10001,1438,1450,1.797421632669142,5
90,ward,10001,1438,1437,0.03253180183744675,6
90,ward,10001,1438,1456,2.5383701199516118,7
90,ward,10002,1437,1288,0.032489983450723514,2
90,ward,10002,1437,1692,0.04522951999300062,4
90,ward,10002,1437,1306,0.3556976972106014,5
90,ward,10002,1437,1309,0.03485408313801486,6
90,ward,10002,1437,1318,0.033305231863813844,8
90,ward,10002,1437,1301,0.32534064829077636,12
90,ward,10002,1437,1320,0.03360667194363032,13
90,ward,10002,1437,1639,0.03351194575214578,14
90,ward,10002,1437,1304,0.16313822624178442,15
90,ward,10002,1437,1454,0.11405019637319214,16
90,ward,10002,1437,1305,0.30128967596337475,17
90,ward,10002,1437,1456,1.0329915142926147,18
90,ward,10002,1437,1626,0.14636663495370783,19
90,ward,10002,1437,1286,0.06961301371524087,20
90,ward,10002,1437,1469,0.21303020256515026,21
90,ward,10002,1437,1638,0.05088630149746365,22
90,ward,10002,1437,1324,0.03449661365944934,23
90,ward,10002,1437,1445,0.29205311113094723,24
90,ward,10002,1437,1293,0.030672240018681407,25
90,ward,10002,1437,1172,0.6009163514427627,26
90,ward,10002,1437,1738,0.4937263871830595,27
90,ward,10002,1437,1637,0.16621129699167625,28
90,ward,10002,1437,1629,0.07155870667894249,29
90,ward,10002,1437,1464,2.9997833563769234,30
90,ward,10002,1437,1294,0.0918905568057653,31
90,ward,10002,1437,1628,0.060583990363603846,32
90,ward,10002,1437,1633,0.048739224593425945,33
90,ward,10002,1437,1164,0.027561008941560772,34
90,ward,10002,1437,1178,0.6045840126616042,35
90,ward,10002,1437,1740,2.120392748191918,36
90,ward,10002,1437,1176,0.1059636261112189,37
90,ward,10002,1437,3975,0.03334500846501953,38
90,ward,10002,1437,3058,0.12575158081504867,39
90,ward,10002,1437,1165,0.5514968243990097,40
90,ward,10002,1437,1186,0.4939789933065839,41
90,ward,10002,1437,1169,3.1777721481404058,42
90,ward,10002,1437,1168,1.1016081649759926,43
90,ward,10002,1437,1635,0.07637118690072242,44
90,ward,10002,1437,1737,0.2645805529043166,45
91,ward,10001,1438,1463,0.40437839765583306,1
91,ward,10001,1438,1466,0.40126752746746774,2
91,ward,10001,1438,10139,0.17201966870627672,3
91,ward,10001,1438,1458,0.13003689719650424,4
91,ward,10001,1438,1450,0.3989662744074849,5
91,ward,10001,1438,1437,0.3182505084494309,6
91,ward,10001,1438,1456,0.6802664923615112,7
91,ward,10001,1438,1454,0.17696133301596717,8
91,ward,10001,1438,1639,0.3300369722670702,9
91,ward,10001,1438,1469,0.3832289162610607,10
91,ward,10001,1438,1288,0.3313300238559336,11
91,ward,10001,1438,1692,0.459285378693977,12
91,ward,10001,1438,1318,0.3327231049104,13
91,ward,10001,1438,1445,0.2256599370004082,14
91,ward,10001,1438,1306,0.13460888674291027,15
91,ward,10001,1438,1626,0.6127205174821455,16
91,ward,10001,1438,1309,0.3423521963541418,17
91,ward,10001,1438,1172,0.32701191118714235,18
91,ward,10001,1438,1464,0.6964605052630475,19
91,ward,10001,1438,1301,0.10862591739196148,20
91,ward,10001,1438,1320,0.3568338442990182,21
91,ward,10001,1438,1304,0.38891457249864914,22
91,ward,10001,1438,1305,0.5621048208627712,23
91,ward,10001,1438,1638,0.23448145015890454,24
91,ward,10002,1437,1286,0.6796033284714298,20
91,ward,10002,1437,1638,0.025320989553376805,22
91,ward,10002,1437,1324,0.26020609423888885,23
91,ward,10002,1437,1293,0.29272167014971373,25
91,ward,10002,1437,1738,0.33911181785637723,27
91,ward,10002,1437,1637,0.40586483987389954,28
91,ward,10002,1437,1629,0.6999032471817941,29
91,ward,10002,1437,1294,0.5654679162754945,31
91,ward,10002,1437,1628,0.5572656729091321,32
91,ward,10002,1437,1633,0.486179421747714,33
91,ward,10002,1437,1164,0.27690604028224186,34
91,ward,10002,1437,1178,0.36384920552970357,35
91,ward,10002,1437,1740,0.4646474106098992,36
91,ward,10002,1437,1176,0.43155191145686445,37
91,ward,10002,1437,3975,0.3315005195821499,38
91,ward,10002,1437,3058,0.5559118101166121,39
91,ward,10002,1437,1165,0.2271829731781736,40
91,ward,10002,1437,1186,0.08010836918269604,41
91,ward,10002,1437,1169,0.5873953217641485,42
91,ward,10002,1437,1168,0.2777036999070006,43
91,ward,10002,1437,1635,0.23742643538422925,44
91,ward,10002,1437,1737,0.13803929121342762,45
92,ward,10001,1438,1463,0.97506361035623,1
92,ward,10001,1438,1466,1.3811867565615188,2
92,ward,10001,1438,10139,0.4240271518373433,3
92,ward,10001,1438,1458,0.607756547110327,4
92,ward,10001,1438,1450,0.8550483572932706,5
92,ward,10001,1438,1437,1.4003234933604567,6
92,ward,10001,1438,1456,0.46351368989489394,7
92,ward,10002,1437,1288,1.5199209594199417,2
92,ward,10002,1437,1692,2.098240008561234,4
92,ward,10002,1437,1306,0.8022788746336005,5
92,ward,10002,1437,1309,1.5127360259763698,6
92,ward,10002,1437,1318,1.4957725103227233,8
92,ward,10002,1437,1301,0.6975601884734317,12
92,ward,10002,1437,1320,1.6992043612278493,13
92,ward,10002,1437,1639,1.4622951915576365,14
92,ward,10002,1437,1304,1.8362851139101934,15
92,ward,10002,1437,1454,0.8554443514666659,16
92,ward,10002,1437,1305,2.686765603402449,17
92,ward,10002,1437,1456,0.6837209458082771,18
92,ward,10002,1437,1626,2.8812045696684976,19
92,ward,10002,1437,1286,2.98384433906012,20
92,ward,10002,1437,1469,1.7494570306874095,21
92,ward,10002,1437,1638,1.1451503415471027,22
92,ward,10003,1438,1445,0.9279737421917744,20
92,ward,10003,1438,1172,1.271943663817737,23
92,ward,10003,1438,1638,0.1710137842179602,24
92,ward,10003,1438,1464,1.5771971251218417,25
92,ward,10003,1438,1324,1.2730556533035227,26
92,ward,10003,1438,1293,1.254244230505293,27
92,ward,10003,1438,1637,2.2145363817491983,28
92,ward,10003,1438,1178,1.5502143084736133,29
92,ward,10003,1438,1164,1.2519089601713524,30
92,ward,10003,1438,1738,1.3608867771239304,31
92,ward,10003,1438,1628,0.8770924903968194,32
92,ward,10026,1469,1176,2.0000701912035623,15
92,ward,10026,1469,3975,1.5123461228462176,16
92,ward,10026,1469,3058,2.571054751077426,18
92,ward,10026,1469,1186,0.1894394899964098,19
92,ward,10026,1469,1169,0.932980273829429,20
92,ward,10026,1469,1165,0.9119322613910157,21
92,ward,10026,1469,1628,1.4120189994217185,28
92,ward,10026,1469,1168,0.6868440123000923,29
92,ward,10026,1469,1633,0.1677323192230098,32
92,ward,10004,1437,1294,0.4092236470309665,25
92,ward,10005,1437,1294,2.021409595118924,27
92,ward,10006,1437,1294,0.1666065126896159,28
92,ward,10006,1437,1740,0.4612534490028164,29
92,ward,10007,1437,1740,0.5249302250962078,30
92,ward,10007,1437,1629,0.5932374724145049,32
92,ward,10009,1438,1629,2.4857499516679296,29
92,ward,10009,1438,1633,2.014617369800792,34
92,ward,10009,1438,1635,1.1643071002055692,44
92,ward,10009,1438,1737,0.5149598917218476,45
93,ward,10001,1438,1463,0.7847467629693368,1
93,ward,10002,1437,1288,4.130284830635368,2
93,ward,10002,1437,1463,2.56883643947202,3
93,ward,10002,1437,1692,5.67918883466438,4
93,ward,10002,1437,1306,3.2919724412054023,5
93,ward,10002,1437,1309,3.9596991156246233,6
93,ward,10002,1437,10139,0.2662430008906682,7
93,ward,10003,1438,1466,4.022762507872784,3
93,ward,10003,1438,10139,0.9931681549229481,4
93,ward,10003,1438,1458,2.9573930446146193,5
93,ward,10003,1438,1450,2.565640275993303,7
93,ward,10003,1438,1318,1.8426634956515606,9
93,ward,10026,1469,1456,3.5148512606436952,1
93,ward,10026,1469,1445,0.8168563544265499,2
93,ward,10004,1437,1304,0.36903350216382275,6
93,ward,10005,1437,1304,1.8228855238608517,6
93,ward,10006,1437,1304,0.5661973891608193,6
93,ward,10007,1437,1304,1.008351654193657,10
93,ward,10009,1438,1318,2.1421126338109495,9
93,ward,10009,1438,1639,3.8384640211024923,12
93,ward,10009,1438,1454,2.6159238530306936,13
93,ward,10009,1438,1626,6.841390027480921,15
93,ward,10010,1438,1626,1.3316753260104175,16
93,ward,10010,1438,1445,1.863935619926826,17
93,ward,10010,1438,1301,2.99542837434538,18
93,ward,10010,1438,1320,0.7672023189997637,19
93,ward,10011,1438,1172,3.7845298541343055,18
93,ward,10011,1438,1304,1.5888323039276673,20
93,ward,10011,1438,1320,4.013214809294298,21
93,ward,10011,1438,1305,2.190228982203057,22
93,ward,10012,1437,1305,4.893186413649692,19
93,ward,10013,1437,1305,0.9514555176326427,18
93,ward,10013,1437,1286,6.259554751014801,21
93,ward,10014,1438,1286,1.4990417823143813,23
93,ward,10014,1438,1638,3.8214972442666904,24
93,ward,10016,1463,1638,0.13150003672084853,21
93,ward,10016,1463,1464,4.7127743220442255,22
93,ward,10016,1463,1178,4.850205978566095,26
93,ward,10016,1463,1164,3.3539753041935043,27
93,ward,10016,1463,1637,1.5295638614237852,28
93,ward,10017,1463,1637,3.7183369769531196,27
93,ward,10018,1466,1176,2.4097336928232607,28
93,ward,10030,1445,1176,3.194908300779949,10
93,ward,10030,1445,3975,4.089023032292623,14
93,ward,10030,1445,1186,0.8424347122586298,15
93,ward,10030,1445,1169,0.13707629862391357,16
93,ward,10019,1466,1637,1.9360025662481086,28
93,ward,10019,1466,1628,5.521406537455132,31
93,ward,10019,1466,3058,4.756870032804027,32
93,ward,10021,1450,3058,2.4144925796167804,29
93,ward,10021,1450,1165,3.016722337658919,31
93,ward,10021,1450,1169,2.7384378366613014,33
93,ward,10021,1450,1629,1.5205306580156996,34
93,ward,10022,10139,1629,6.501896637575088,32
93,ward,10022,10139,1633,0.33750856352492153,34
93,ward,10023,1466,1633,5.467536716961852,37
93,ward,10023,1466,1168,2.0395406812650734,38
93,ward,10023,1466,1324,3.6866406560494838,39
93,ward,10023,1466,1293,3.1766425208983016,40
93,ward,10023,1466,1738,3.93550895159521,41
93,ward,10023,1466,1294,0.018491706496629234,42
93,ward,10024,1456,1294,7.11404429547564,42
93,ward,10024,1456,1740,2.98087291386463,43
93,ward,10024,1456,1635,1.8604194372871135,44
93,ward,10025,1469,1635,1.5993902114151695,44
93,ward,10025,1469,1737,1.494057204704692,45
94,ward,10002,1437,1438,8.429333726022186,1
94,ward,10002,1437,1288,6.567047766975147,2
94,ward,10003,1438,1463,8.66172574506912,1
94,ward,10003,1438,1466,2.504529409613234,3
94,ward,10004,1437,1288,0.33280941885530707,1
94,ward,10005,1437,1288,0.4631752441004852,1
94,ward,10005,1437,1306,1.1807770482487479,3
94,ward,10006,1437,1306,0.5106198297420522,4
94,ward,10007,1437,1306,0.9093725259800469,4
94,ward,10009,1438,1692,10.085374214706263,4
94,ward,10009,1438,10139,2.759357609627564,5
94,ward,10009,1438,1458,1.0777856363324787,6
94,ward,10010,1438,1466,5.767806088569806,2
94,ward,10010,1438,1458,0.5074191759275788,4
94,ward,10011,1438,1458,7.928153055272647,5
94,ward,10011,1438,1450,2.512281316355544,6
94,ward,10012,1437,1450,3.2863508491636217,8
94,ward,10012,1437,1306,1.1265236381898571,9
94,ward,10013,1437,1306,5.621788463958344,6
94,ward,10013,1437,1309,0.8813938292385437,10
94,ward,10014,1438,1454,4.798278451822947,10
94,ward,10016,1463,1454,0.8081063304406566,7
94,ward,10016,1463,1639,6.610579846589729,8
94,ward,10016,1463,1456,5.728364620227104,9
94,ward,10017,1463,1456,2.704116748814492,8
94,ward,10017,1463,1469,0.649230741730181,10
94,ward,10018,1466,1469,0.8208112328549926,10
94,ward,10018,1466,1445,1.3523846022173025,13
94,ward,10030,1445,1172,3.44450711414526,1
94,ward,10019,1466,1172,4.490722766624849,12
94,ward,10019,1466,1626,6.524610847592442,15
94,ward,10021,1450,1626,8.73900144844212,12
94,ward,10022,10139,1626,0.2947130953483885,13
94,ward,10022,10139,1318,5.873340636758544,14
94,ward,10023,1466,1464,10.518412413824734,13
94,ward,10023,1466,1178,6.007241699364375,17
94,ward,10024,1456,1178,4.749802271162434,13
94,ward,10024,1456,1164,5.896671750544268,14
94,ward,10024,1456,1176,0.13533472534117408,17
94,ward,10025,1469,1176,10.437811138321102,15
94,ward,10025,1469,3975,7.2569235699880394,17
94,ward,10025,1469,1318,1.09310410152115,20
94,ward,10025,1469,1186,2.6450678923301467,21
94,ward,10025,1469,1169,3.087828010524304,22
94,ward,10027,1469,1169,3.923607318289016,19
94,ward,10027,1469,3058,11.705045683924094,20
94,ward,10028,1450,1638,7.8211026135227755,21
94,ward,10028,1450,1309,1.4775024862587216,22
94,ward,10029,1456,3058,1.7214987747014199,22
94,ward,10029,1456,1165,7.199140727842362,23
94,ward,10029,1456,1637,12.164326501910601,25
94,ward,10031,1445,1168,4.465428160465258,22
94,ward,10031,1445,1637,3.2533842505703987,25
94,ward,10031,1445,1628,6.342005013349114,26
94,ward,10032,1464,1628,2.3003975819241074,23
94,ward,10032,1464,1309,4.440615801299291,30
94,ward,10032,1464,1633,7.740067755047166,31
94,ward,10033,1464,1633,2.39329217787874,30
94,ward,10033,1464,1629,10.420973664918002,32
94,ward,10034,3975,1629,3.2889138905989554,31
94,ward,10034,3975,1301,4.223264811535188,34
94,ward,10037,1445,1301,4.263231837323559,34
94,ward,10035,1454,1301,0.18876772645360518,34
94,ward,10035,1454,1286,7.587587120811719,35
94,ward,10036,1466,1320,7.522851182553705,24
94,ward,10038,1437,1304,5.72520519075773,8
94,ward,10040,1464,1286,5.642893830226285,35
94,ward,10040,1464,1320,1.2789884140786008,36
94,ward,10040,1464,1304,3.3489308719644324,37
94,ward,11104,1639,1305,5.451700804489714,32
94,ward,11105,1639,1305,7.195846336002635,37
94,ward,10039,1464,1304,1.6719713016972104,37
94,ward,10039,1464,1305,4.06304210505877,38
94,ward,10039,1464,1324,0.5086836609721566,39
94,ward,10128,1454,1324,6.5023413430275845,39
94,ward,10128,1454,1293,5.265109080786001,40
94,ward,10128,1454,1738,3.503989882536853,41
94,ward,10044,1458,1738,1.8602530959031218,41
94,ward,10065,10139,1738,2.533348568667634,41
94,ward,10065,10139,1294,3.0768140427712485,42
94,ward,10069,1466,1294,1.1282358729724833,42
94,ward,10075,1450,1294,5.713100199576766,42
94,ward,10280,1437,1294,0.9637570515875502,28
94,ward,10282,1437,1294,0.7175905636318827,28
94,ward,10301,1738,1740,6.806168599698182,1
94,ward,10301,1738,1294,0.9834363826530881,6
94,ward,11106,1639,1294,0.4260037997957442,41
94,ward,11106,1639,1635,6.92412315003974,44
94,ward,11106,1639,1737,1.7625412834315775,45
94,ward,10302,1738,1737,1.269646134666516,4
95,ward,10002,1437,1438,11.843663372639647,1
95,ward,10003,1438,1463,2.1530051088579967,1
95,ward,10004,1437,1288,0.30015886677817455,1
95,ward,10005,1437,1288,1.4826709496568067,1
95,ward,10006,1437,1288,0.46052503555037166,1
95,ward,10007,1437,1288,0.820157758203496,1
95,ward,10009,1438,1463,12.556637002842168,1
95,ward,10010,1438,1463,2.3894075971409574,1
95,ward,10010,1438,1466,3.270181337113959,2
95,ward,10011,1438,1466,9.416166647081203,2
95,ward,10012,1437,1288,3.9799456695491187,3
95,ward,10013,1437,1288,1.9542214077620135,3
95,ward,10013,1437,1466,0.2203294424712574,4
95,ward,10013,1437,1692,3.690631193867827,5
95,ward,10014,1438,10139,4.327539249156509,5
95,ward,10016,1463,10139,0.5137719956373914,2
95,ward,10016,1463,1458,11.34347616264134,4
95,ward,10017,1463,1458,3.0243644730287174,3
95,ward,10018,1466,1458,1.959992602931547,4
95,ward,10019,1466,1450,9.9346649088212,1
95,ward,10021,1450,1458,4.029400953881871,1
95,ward,10021,1450,1454,3.086828911822783,3
95,ward,10022,10139,1454,5.5629315565165065,6
95,ward,10023,1466,1456,14.90439071238991,4
95,ward,10024,1456,1469,6.480687397742045,1
95,ward,10024,1456,1454,0.10902780403017509,4
95,ward,10024,1456,1445,1.0728270528959634,7
95,ward,10025,1469,1445,0.08665756354017873,4
95,ward,10025,1469,1172,12.417615468367543,8
95,ward,10025,1469,1639,7.80461718750005,9
95,ward,10025,1469,1464,1.8062168867634014,10
95,ward,10027,1469,1464,14.095390660962952,5
95,ward,10028,1450,1626,8.386357510457405,12
95,ward,10029,1456,1464,3.1251656589853276,10
95,ward,10029,1456,1164,7.108664062499983,12
95,ward,10029,1456,1178,8.782577697875926,13
95,ward,10031,1445,1178,8.83406553541948,4
95,ward,10031,1445,1176,3.8473033951667297,9
95,ward,10032,1464,3975,8.834992954599628,6
95,ward,10032,1464,1176,4.225409359542324,7
95,ward,10033,1464,1176,6.0560967325149075,4
95,ward,10033,1464,1186,5.5010146232799,8
95,ward,10034,3975,1186,0.28554946807760473,5
95,ward,10034,3975,1169,6.48964053112144,6
95,ward,10037,1445,1626,3.844983839414763,16
95,ward,10035,1454,1626,7.013448918147718,13
95,ward,10036,1466,1692,6.784815446818484,13
95,ward,10038,1437,1306,5.163529049270956,4
95,ward,10040,1464,1169,7.922877163935906,8
95,ward,10040,1464,1165,1.340309065808773,10
95,ward,11104,1639,1626,1.6485457916761828,1
95,ward,11104,1639,1318,3.2683112525672957,4
95,ward,11105,1639,1638,6.489891689824655,14
95,ward,10039,1464,3058,5.631153838137847,16
95,ward,10128,1454,1318,5.083126247432732,16
95,ward,10128,1454,1692,1.8031549218136904,17
95,ward,10128,1454,1638,4.209340783102701,20
95,ward,10128,1454,1637,2.6776006691463756,23
95,ward,10044,1458,1309,1.6777513782734335,19
95,ward,10065,10139,1309,5.059772820380701,20
95,ward,10069,1466,1309,1.0175493297475973,20
95,ward,10075,1450,1309,0.24838740909825563,22
95,ward,10075,1450,1637,4.904224219482698,23
95,ward,10280,1437,1306,0.8692068435111262,4
95,ward,10282,1437,1306,0.6471907289501965,4
95,ward,11106,1639,1637,8.218662138922497,19
95,ward,10303,1738,1740,3.3484510869676942,1
95,ward,10451,1172,3058,10.933286154736628,14
95,ward,10305,1740,1304,5.9700914689807565,2
95,ward,10306,1740,1737,4.60387100538696,2
95,ward,10306,1740,1304,4.729929339082769,3
95,ward,10307,1737,1304,0.8166588185416888,3
95,ward,10308,1737,1304,2.162207253606199,3
95,ward,10309,1737,1304,1.8950358714179827,3
95,ward,10309,1737,1305,1.4994898759333837,4
95,ward,10310,1738,1305,4.201266526536784,3
95,ward,10312,1737,1305,6.527354446434662,4
95,ward,10314,1738,1305,13.0322793777128,4
95,ward,10314,1738,1294,1.8065259194356962,5
95,ward,10456,1164,3058,1.1844606980687402,8
95,ward,10456,1164,1165,11.366591873347803,11
95,ward,10456,1164,1168,7.825168167619431,16
95,ward,10456,1164,1628,1.7265283441831247,22
95,ward,10452,1178,1628,7.420284155816864,23
95,ward,10452,1178,1637,7.211215140711685,24
95,ward,10452,1178,1633,2.646242258674434,29
95,ward,10453,1178,1633,9.483226491325588,29
95,ward,10453,1178,1629,10.096575064213244,30
95,ward,10454,1172,1629,5.960057748286712,32
95,ward,10454,1172,1306,2.5152487811295074,33
95,ward,10455,1172,1306,9.157540963633458,33
95,ward,10455,1172,1286,0.7015128345301225,34
95,ward,10457,1176,1286,14.758588727969906,34
95,ward,10457,1176,1301,3.6733354846993347,35
95,ward,10458,1176,1301,13.460682130287383,35
95,ward,10458,1176,1320,6.156797972901794,36
95,ward,10459,1164,1320,4.928741089598253,36
95,ward,10459,1164,1324,5.788895072025332,39
95,ward,10460,1176,1324,3.3832959217072816,39
95,ward,10460,1176,1293,5.96531250000001,40
95,ward,10460,1176,1635,3.2940095413851687,41
95,ward,10461,3058,1635,6.505086281409053,41
95,ward,10461,3058,1294,4.189236747151055,42
95,ward,11004,1633,1294,1.9210723650119197,41
95,ward,11101,1458,1294,8.624215727039273,41
96,ward,10002,1437,1438,11.332223199962066,1
96,ward,10004,1437,1288,0.27072823479721425,1
96,ward,10005,1437,1288,1.3372947909026542,1
96,ward,10006,1437,1288,0.4153704712865144,1
96,ward,10007,1437,1288,0.7397411394738718,1
96,ward,10009,1438,1463,4.047091493326665,1
96,ward,10010,1438,1463,5.104665200448752,1
96,ward,10011,1438,1463,8.49290977902259,1
96,ward,10012,1437,1463,3.5897112661414035,2
96,ward,10013,1437,1463,4.2391664802399625,2
96,ward,10013,1437,1288,1.0509333878984846,3
96,ward,10014,1438,1466,3.9032232314684134,3
96,ward,10016,1463,10139,6.909707873154652,2
96,ward,10016,1463,1466,3.78493492683854,3
96,ward,10017,1463,1458,2.72782498133421,3
96,ward,10019,1466,1450,2.589743032604992,1
96,ward,10022,10139,1458,5.017485096338796,1
96,ward,10023,1466,1450,6.422549789619917,1
96,ward,10023,1466,1458,7.020462677758956,3
96,ward,10025,1469,1456,12.021194013478802,1
96,ward,10027,1469,1445,2.725909306847039,1
96,ward,10027,1469,1456,6.926819367848854,2
96,ward,10027,1469,1172,3.0606063447882406,3
96,ward,10028,1450,1454,7.564073617263479,1
96,ward,10029,1456,1454,2.490061902823764,1
96,ward,10029,1456,1639,6.397115465910268,5
96,ward,10029,1456,1458,8.264667812747916,6
96,ward,10031,1445,1464,11.43795837931075,1
96,ward,10033,1464,1178,5.562482193645268,1
96,ward,10037,1445,1172,3.4679824682236053,1
96,ward,10035,1454,1172,6.3257789644234705,3
96,ward,10036,1466,1458,6.119563046923132,5
96,ward,10038,1437,1288,3.8190323582103076,1
96,ward,10038,1437,1306,0.8382117200276307,4
96,ward,10040,1464,3975,1.364282984059245,1
96,ward,10040,1464,1178,6.990646135625815,2
96,ward,11104,1639,1626,4.4347583085793945,1
96,ward,11105,1639,1626,5.853556618435019,3
96,ward,10039,1464,1172,1.992819999661057,2
96,ward,10039,1464,1178,3.0861981710640904,3
96,ward,10128,1454,1458,0.47642599009976383,3
96,ward,10128,1454,1626,9.93130959804094,13
96,ward,10128,1454,1164,2.015020027278844,14
96,ward,10044,1458,1318,1.5132475476869278,13
96,ward,10065,10139,1692,4.563661166634553,14
96,ward,10069,1466,1692,0.9177784311973769,14
96,ward,10075,1450,1692,4.647397112650455,15
96,ward,10280,1437,1306,0.78398095296426,4
96,ward,10282,1437,1306,0.5837335591864956,4
96,ward,11106,1639,1318,5.439370214033381,13
96,ward,11106,1639,1692,0.25012501231131967,14
96,ward,11106,1639,1638,1.7233255813429054,15
96,ward,10303,1738,1740,0.345513154139252,1
96,ward,10451,1172,1164,3.9360816596768373,3
96,ward,10451,1172,1178,5.873242906421396,4
96,ward,10451,1172,1176,0.05195087439092383,8
96,ward,10306,1740,1737,3.3792912166566307,2
96,ward,10308,1737,1304,0.6511240929607145,3
96,ward,10309,1737,1304,3.061691874767408,3
96,ward,10310,1738,1304,3.7893315724785746,2
96,ward,10312,1737,1304,5.887346144883225,3
96,ward,10314,1738,1304,3.193464684495562,3
96,ward,10314,1738,1305,10.190393029644344,4
96,ward,10456,1164,1176,13.620262541988419,3
96,ward,10456,1164,3058,6.315307936720339,8
96,ward,10452,1178,1186,8.879955671564908,9
96,ward,10452,1178,1169,6.7037001528669915,10
96,ward,10453,1178,1169,17.273553713874712,7
96,ward,10453,1178,1165,0.38644470532312525,9
96,ward,10454,1172,3058,7.644301168587026,16
96,ward,10455,1172,3058,2.975421556073698,12
96,ward,10455,1172,1165,5.916950207576885,15
96,ward,10457,1176,1165,10.278983597859138,8
96,ward,10457,1176,1168,6.345687062627302,11
96,ward,10458,1176,1168,4.80743626210511,8
96,ward,10458,1176,1628,6.60228490472678,21
96,ward,10458,1176,1637,6.284261411503383,22
96,ward,10459,1164,1637,9.666769968782829,22
96,ward,10460,1176,1637,8.444619497033697,21
96,ward,10460,1176,1638,2.9583874542587036,23
96,ward,10461,3058,1638,5.635745793149697,20
96,ward,10461,3058,1633,4.009996899545591,23
96,ward,11101,1458,1309,6.53958944570342,17
96,ward,11101,1458,1306,1.2911818750665596,19
96,ward,10462,3058,1633,4.339713550513737,24
96,ward,10462,3058,1629,12.120863658771158,28
96,ward,10463,3975,1629,0.9303034732119198,30
96,ward,10463,3975,1306,11.688742471815203,33
96,ward,10464,1165,1286,0.4253018501732058,33
96,ward,10465,3058,1286,6.789962819222393,33
96,ward,10466,1168,1286,5.321090317066289,33
96,ward,10466,1168,1306,7.824800044136096,34
96,ward,10467,1169,1306,1.9988789859650185,34
96,ward,10467,1169,1301,19.082366460923748,35
96,ward,10468,3975,1301,4.270775455891599,35
96,ward,10468,3975,1320,9.674058840867666,36
96,ward,10468,3975,1305,2.446746842047297,38
96,ward,10469,1165,1305,11.89362743555039,37
96,ward,10470,1168,1305,2.373759531921534,38
96,ward,11102,1639,1305,1.1898075671343236,37
96,ward,11102,1639,1324,4.7202214809135885,39
96,ward,11109,1463,1324,1.0193128758188603,33
96,ward,10471,1186,1324,2.6533274446050967,39
96,ward,10471,1186,1293,0.6187934544102736,40
96,ward,10472,3058,1293,4.058284964803736,40
96,ward,10472,3058,1635,10.003437254582145,41
96,ward,10472,3058,1294,1.1806675128321498,42
96,ward,10473,3058,1294,10.758554515203532,42
96,ward,10474,1172,1294,1.9754902534446204,41
96,ward,11103,1639,1294,1.04200156540281,41
96,icu,10002,1437,1438,1.0620186005870886,1
96,icu,10004,1437,1288,0.08121847043916428,1
96,icu,10005,1437,1288,0.4011884372707963,1
96,icu,10006,1437,1288,0.1246111413859543,1
96,icu,10007,1437,1288,0.22192234184216153,1
96,icu,10009,1438,1463,2.512467609088176,1
96,icu,10010,1438,1463,1.289890551634937,1
96,icu,10010,1438,1466,0.24150900849968848,2
96,icu,10011,1438,1466,2.5478729337067767,2
96,icu,10012,1437,1288,1.076913379842421,3
96,icu,10013,1437,1288,1.587029960441534,3
96,icu,10014,1438,1466,1.170966969440524,3
96,icu,10016,1463,1466,0.5027497492533393,3
96,icu,10016,1463,1458,2.7056430907446183,4
96,icu,10017,1463,1458,0.818347494400263,3
96,icu,10018,1466,1458,0.5303444905388065,4
96,icu,10030,1445,1172,1.81865370976622,1
96,icu,10019,1466,1450,2.6881707573090012,1
96,icu,10021,1450,1458,2.057866713027804,1
96,icu,10022,10139,1458,1.5052455289016389,1
96,icu,10023,1466,1458,3.6392052306711435,3
96,icu,10023,1466,1456,0.3936985095425185,4
96,icu,10025,1469,1456,1.9325713126770743,1
96,icu,10025,1469,1454,0.4593264912565016,2
96,icu,10027,1469,1172,3.8140005058452395,3
96,icu,10028,1450,1454,1.600673508743498,1
96,icu,10028,1450,1639,0.6685485764355454,5
96,icu,10029,1456,1639,0.7734514235644543,5
96,icu,10029,1456,1172,1.3713457843885388,7
96,icu,10029,1456,1464,3.000756346491592,10
96,icu,10031,1445,1464,3.431387513793225,1
96,icu,10032,1464,1178,3.233895870042329,2
96,icu,10033,1464,1178,3.127180339824638,1
96,icu,10037,1445,1178,1.0403947404670815,6
96,icu,10035,1454,1178,0.22052904966595044,11
96,icu,10035,1454,1626,1.6772046396610907,13
96,icu,10036,1466,1288,0.009116268777967784,12
96,icu,10036,1466,1692,1.8267526452989717,13
96,icu,10038,1437,1306,1.3971732234713814,4
96,icu,10040,1464,3975,0.22673558713714836,1
96,icu,10040,1464,1176,2.2797431487683695,4
96,icu,11104,1639,1626,1.3304274925738182,1
96,icu,11105,1639,1626,1.7560669855305056,3
96,icu,10039,1464,1176,1.01625685123163,6
96,icu,10039,1464,1186,0.5074485999859142,12
96,icu,10128,1454,1626,2.6523008822345835,13
96,icu,10128,1454,1318,1.074525802391281,16
96,icu,10044,1458,1318,0.45397426430607835,13
96,icu,10065,10139,1692,1.369098349990366,14
96,icu,10069,1466,1692,0.27533352935921307,14
96,icu,10075,1450,1692,0.8548154753514482,15
96,icu,10075,1450,1318,0.5394036584436882,16
96,icu,10280,1437,1306,0.235194285889278,4
96,icu,10282,1437,1306,0.17512006775594868,4
96,icu,11106,1639,1318,1.228096274858952,13
96,icu,11106,1639,1638,0.9957499674473298,15
96,icu,10451,1172,3058,2.9583826321467472,14
96,icu,10305,1740,1738,0.32444470548828863,1
96,icu,10305,1740,1304,0.6371859503738975,2
96,icu,10306,1740,1737,1.6640159574675515,2
96,icu,10306,1740,1304,0.8615698947825345,3
96,icu,10307,1737,1304,0.22097558144643772,3
96,icu,10308,1737,1304,0.5850607306568192,3
96,icu,10309,1737,1304,0.9185075624302224,3
96,icu,10310,1738,1304,1.1367994717435723,2
96,icu,10312,1737,1304,1.5324530569394639,3
96,icu,10312,1737,1305,0.23375078652550374,4
96,icu,10314,1738,1305,4.015157314241972,4
96,icu,10456,1164,3058,3.6336173678532515,8
96,icu,10456,1164,1165,2.347053775759376,11
96,icu,10452,1178,1186,4.534988209661816,9
96,icu,10452,1178,1169,0.14010853766775355,10
96,icu,10453,1178,1169,2.874677834264091,7
96,icu,10453,1178,1165,2.4233216914952598,9
96,icu,10454,1172,1165,1.98221832513378,17
96,icu,10454,1172,1637,0.3110720254423276,22
96,icu,10455,1172,1168,2.219433814421471,20
96,icu,10455,1172,1628,0.4482777146737038,23
96,icu,10457,1176,1628,3.6717222853262954,21
96,icu,10457,1176,1637,1.3156789128196364,22
96,icu,10458,1176,1637,5.308194773500582,22
96,icu,10459,1164,1637,2.9000309906348485,22
96,icu,10460,1176,1637,3.4209020853877203,21
96,icu,10461,3058,1637,1.370121212214881,13
96,icu,10461,3058,1638,1.5236015955937052,20
96,icu,11101,1458,1638,1.1886484369589643,16
96,icu,11101,1458,1309,1.1605829592720296,17
96,icu,10462,3058,1633,2.7761867398955635,24
96,icu,10462,3058,1629,2.161986422889905,28
96,icu,10463,3975,1629,3.194013577110094,30
96,icu,10463,3975,1309,0.591700206398043,32
96,icu,10464,1165,1309,0.12759055505196173,30
96,icu,10465,3058,1309,2.036988845766718,30
96,icu,10466,1168,1309,1.2331374335112462,32
96,icu,10466,1168,1286,2.710629674849469,33
96,icu,10467,1169,1286,4.087370325150529,33
96,icu,10467,1169,1306,2.2370033089161003,34
96,icu,10468,3975,1306,2.3469832499690675,33
96,icu,10468,3975,1301,2.570491091672901,35
96,icu,10469,1165,1301,3.568088230665117,35
96,icu,10470,1168,1301,0.7121278595764602,35
96,icu,11102,1639,1301,1.3892928180855202,33
96,icu,11102,1639,1320,0.3837158963288534,35
96,icu,11109,1463,1320,0.30579386274565806,21
96,icu,10471,1186,1320,0.981636269704611,36
96,icu,10472,3058,1320,3.684853971220876,36
96,icu,10472,3058,1305,0.8878629484445333,37
96,icu,10473,3058,1305,3.2275663545610596,37
96,icu,10474,1172,1305,0.5926470760333861,37
96,icu,11103,1639,1305,1.999216944054456,37
96,icu,10475,1165,1305,0.43259891481102297,37
96,icu,10475,1165,1324,1.6406104135250277,38
96,icu,11201,1288,1324,2.685389586474971,17
96,icu,11201,1288,1293,0.5140029550957577,18
96,icu,11203,1320,1293,0.7219970449042421,5
96,icu,11203,1320,1294,3.7509761518773796,12
96,icu,11204,1305,1294,4.283023848122619,3
96,icu,11204,1305,1635,0.6992296390722359,30
96,icu,11205,1288,1635,2.5967703609277635,41
97,ward,10002,1437,1438,12.270561421958282,1
97,ward,10004,1437,1288,0.24419850118356468,1
97,ward,10005,1437,1288,1.2062479697532347,1
97,ward,10006,1437,1288,0.3746666711732331,1
97,ward,10007,1437,1288,0.6672509709179419,1
97,ward,10009,1438,1463,3.818558464156565,1
97,ward,10010,1438,1463,4.604438809004168,1
97,ward,10011,1438,1463,7.660655861321698,1
97,ward,10012,1437,1463,3.237941220021234,2
97,ward,10013,1437,1463,4.771701998051349,2
97,ward,10014,1438,1463,3.5207309042716237,2
97,ward,10016,1463,10139,7.76856806559708,2
97,ward,10016,1463,1466,1.3863786403431213,3
97,ward,10017,1463,1458,2.4605145910689985,3
97,ward,10022,10139,1458,4.525801829109461,1
97,ward,10023,1466,1450,7.904874797139053,1
97,ward,10025,1469,1456,12.70615906312338,1
97,ward,10027,1469,1445,2.0327373982985923,1
97,ward,10027,1469,1456,9.43476749319526,2
97,ward,10028,1450,1454,2.1930289686018254,1
97,ward,10029,1456,1454,6.189099915914089,1
97,ward,10029,1456,1639,3.5945047288975402,5
97,ward,10029,1456,1458,1.1852403276329264,6
97,ward,10031,1445,1464,10.317107467271903,1
97,ward,10034,3975,1178,1.169046716823745,1
97,ward,10037,1445,1172,3.12814110986771,1
97,ward,10035,1454,1172,5.705890791508343,3
97,ward,10036,1466,1458,5.5198827897515415,5
97,ward,10038,1437,1288,1.9465698063366055,1
97,ward,10038,1437,1306,2.2542924509880207,4
97,ward,10040,1464,1178,5.418344961435555,2
97,ward,11104,1639,1626,4.000178750759513,1
97,ward,11105,1639,1626,5.279943386347066,3
97,ward,10039,1464,1172,4.5813050334561325,2
97,ward,10128,1454,1458,11.205400515862193,3
97,ward,10065,10139,1458,3.410001840295557,1
97,ward,10065,10139,1172,0.1447778241962947,11
97,ward,10065,10139,1626,0.5616702419486552,12
97,ward,10069,1466,1692,0.8278416822127078,14
97,ward,10075,1450,1626,4.191980234954588,12
97,ward,10280,1437,1306,0.70715554960027,4
97,ward,10282,1437,1306,0.5265311922513842,4
97,ward,11106,1639,1626,0.08088520314303782,7
97,ward,11106,1639,1318,3.968973870537475,13
97,ward,11106,1639,1692,2.6365500189490882,14
97,ward,10303,1738,1740,0.7310584074787316,1
97,ward,10451,1172,1164,3.4161809458065413,3
97,ward,10451,1172,1178,5.478748997978281,4
97,ward,10309,1737,1740,0.21543633918174487,1
97,ward,10310,1738,1740,1.5702625294756714,1
97,ward,10310,1738,1304,1.8477374112395997,2
97,ward,10312,1737,1304,5.310421743067173,3
97,ward,10314,1738,1304,5.750167391447243,3
97,ward,10314,1738,1305,6.322153016119963,4
97,ward,10456,1164,1178,7.375720635688781,1
97,ward,10456,1164,1176,9.594725711852504,3
97,ward,10456,1164,3058,1.0115585024016571,8
97,ward,10452,1178,1186,9.621847301145223,9
97,ward,10452,1178,1169,4.4347042740433285,10
97,ward,10453,1178,1169,15.929425122955847,7
97,ward,10454,1172,3058,6.895205774761443,16
97,ward,10455,1172,3058,3.7757729752577287,12
97,ward,10455,1172,1165,4.245200006289849,15
97,ward,10457,1176,1169,9.889827193148365,6
97,ward,10457,1176,1165,5.105726044961637,8
97,ward,10458,1176,1165,6.475837736173721,6
97,ward,10458,1176,1168,9.484241303362202,8
97,ward,10459,1164,1168,3.040423435855347,15
97,ward,10459,1164,1628,3.189843462544893,21
97,ward,10459,1164,1637,2.4892179363871207,22
97,ward,10460,1176,1637,10.285581068325374,21
97,ward,10461,3058,1637,5.608516124318481,13
97,ward,10461,3058,1638,3.0920019805731354,20
97,ward,11101,1458,1692,2.5503257141738853,11
97,ward,11101,1458,1638,3.911014252572473,16
97,ward,11101,1458,1309,0.6020630103226203,17
97,ward,10462,3058,1633,4.183914063425799,24
97,ward,10462,3058,1629,7.269603954409135,28
97,ward,10462,3058,1309,3.060581624052741,31
97,ward,10462,3058,1286,0.33344031320635104,33
97,ward,10463,3975,1306,11.38245557745524,33
97,ward,10464,1165,1286,0.38362483484845056,33
97,ward,10465,3058,1286,6.124587429117686,33
97,ward,10466,1168,1286,0.12365713949825707,33
97,ward,10466,1168,1306,8.743246541536983,34
97,ward,10466,1168,1301,2.990768738443503,35
97,ward,10467,1169,1301,19.011190569358664,35
97,ward,10467,1169,1320,0.004220014133444749,36
97,ward,10468,3975,1320,5.773019107572502,36
97,ward,10468,3975,1305,9.012285975673064,38
97,ward,10469,1165,1305,7.448887781643842,37
97,ward,10469,1165,1324,3.279235923564226,39
97,ward,10470,1168,1324,2.0617979538746276,39
97,ward,10470,1168,1293,0.07934746562560502,40
97,ward,11102,1639,1293,2.4252600134761026,40
97,ward,11102,1639,1294,2.9056218450993683,41
97,ward,11109,1463,1294,0.9194263638534831,41
97,ward,10471,1186,1294,2.951472792741726,42
97,ward,10472,3058,1635,7.361997646728305,41
97,ward,10472,3058,1294,2.8374092432483224,42
97,icu,10002,1437,1438,4.674212042628594,1
97,icu,10004,1437,1306,0.0732595503550694,2
97,icu,10005,1437,1438,0.151747726167903,2
97,icu,10005,1437,1306,0.2101266647580674,3
97,icu,10006,1437,1463,0.11240000135196992,3
97,icu,10007,1437,1463,0.20017529127538258,3
97,icu,10009,1438,1463,3.0646890117687895,1
97,icu,10010,1438,1463,1.3813316427012503,1
97,icu,10011,1438,1463,2.298196758396509,1
97,icu,10012,1437,1463,0.9713823660063701,2
97,icu,10013,1437,1463,1.4315105994154047,2
97,icu,10014,1438,1463,1.056219271281487,2
97,icu,10030,1445,1469,0.5218639285743683,2
97,icu,10030,1445,1464,1.1185726901975817,3
97,icu,10019,1466,1450,0.7742188328675992,1
97,icu,10022,10139,1458,1.3577405487328382,1
97,icu,10023,1466,1450,3.637703505566912,1
97,icu,10025,1469,1456,5.397617668411671,1
97,icu,10027,1469,1456,3.4402514674481552,2
97,icu,10028,1450,1458,1.2574048414230705,2
97,icu,10029,1456,1458,1.239982563124293,6
97,icu,10031,1445,1464,3.0951322401815706,1
97,icu,10034,3975,1464,1.6536155611165038,3
97,icu,10037,1445,1464,0.9384423329603129,4
97,icu,10035,1454,1458,1.711767237452503,7
97,icu,10036,1466,1463,1.6559648369254625,1
97,icu,10038,1437,1463,1.2602586771973878,3
97,icu,11104,1639,1458,1.200053625227854,2
97,icu,11105,1639,1458,1.5839830159041197,4
97,icu,10128,1454,1458,1.4044156198510382,3
97,icu,10128,1454,1463,1.9572045349076195,10
97,icu,10044,1458,1463,0.4094875253868294,5
97,icu,10065,10139,1463,1.234934971932152,4
97,icu,10069,1466,1463,0.24835250466381234,5
97,icu,10075,1450,1463,1.0333897697310153,8
97,icu,10075,1450,1464,0.22420430075536113,13
97,icu,10280,1437,1306,0.21214666488008102,4
97,icu,10282,1437,1306,0.11699298400500516,4
97,icu,10282,1437,1304,0.04096637367041012,9
97,icu,11106,1639,1464,0.49020802247147044,18
97,icu,11106,1639,1165,1.5157147053174098,33
97,icu,10302,1738,1740,0.1784709154284243,1
97,icu,10303,1738,1740,1.094953928132549,1
97,icu,10451,1172,1186,2.6684789831354467,15
97,icu,10310,1738,1740,1.0253999822145812,1
97,icu,10312,1737,1740,1.5166914599827441,1
97,icu,10314,1738,1740,1.005093715162019,1
97,icu,10314,1738,1304,0.8644813779566373,3
97,icu,10314,1738,1305,1.7521210291515055,4
97,icu,10456,1164,1165,0.7956915022941784,11
97,icu,10456,1164,1186,1.3530842072168263,12
97,icu,10456,1164,1169,3.2458257454718775,13
97,icu,10452,1178,1169,4.2169654725565655,10
97,icu,10453,1178,1169,4.778827536886753,7
97,icu,10454,1172,1169,1.8415948731529506,20
97,icu,10454,1172,1168,0.22696685927548232,25
97,icu,10455,1172,1168,0.8495993263030459,20
97,icu,10455,1172,1305,0.6610786321765647,37
98,ward,10002,1437,1438,12.845263582174946,1
98,ward,10003,1438,1463,2.3706651636668585,1
98,ward,10004,1437,1288,0.22028220032132395,1
98,ward,10005,1437,1288,1.0881105151035866,1
98,ward,10006,1437,1288,0.33797258506130595,1
98,ward,10007,1437,1288,0.047170771343886087,1
98,ward,10007,1437,1463,0.5547310066275359,3
98,ward,10009,1438,1463,9.21513216421615,1
98,ward,10010,1438,1463,4.153489506186201,1
98,ward,10011,1438,1463,6.1769136127416395,1
98,ward,10011,1438,1466,0.7334733096084189,2
98,ward,10012,1437,1466,2.920823891221304,4
98,ward,10013,1437,1466,4.304371281207326,4
98,ward,10014,1438,1466,3.1759177332102113,3
98,ward,10016,1463,10139,6.555565359781475,2
98,ward,10016,1463,1466,0.1985405954287187,3
98,ward,10016,1463,1458,1.9477549696309802,4
98,ward,10017,1463,1458,2.219536833422139,3
98,ward,10018,1466,1458,1.4384098921400716,4
98,ward,10030,1445,1172,0.08635466215058418,1
98,ward,10019,1466,1450,7.290905209831723,1
98,ward,10022,10139,1458,4.082554070981344,1
98,ward,10023,1466,1450,3.4257683712059306,1
98,ward,10023,1466,1458,7.512345887468647,3
98,ward,10025,1469,1456,15.341779193173453,1
98,ward,10027,1469,1456,8.794308676117192,2
98,ward,10027,1469,1172,1.550092282326629,3
98,ward,10028,1450,1454,4.929043938240994,1
98,ward,10028,1450,1458,1.2255811271916732,2
98,ward,10029,1456,1639,1.325068089692337,5
98,ward,10029,1456,1458,1.9052361667385522,6
98,ward,10029,1456,1172,7.649545174003849,7
98,ward,10029,1456,1464,3.07601372132552,10
98,ward,10031,1445,1464,9.306671100875596,1
98,ward,10033,1464,1178,2.4980757311140653,1
98,ward,10034,3975,1178,3.311455118693627,1
98,ward,10037,1445,1178,2.8217773788843563,6
98,ward,10035,1454,1164,1.2868996335786278,10
98,ward,10035,1454,1178,3.860167904734471,11
98,ward,10036,1466,1692,2.2869748351888433,13
98,ward,10036,1466,1318,1.4868837396773387,15
98,ward,10036,1466,1626,1.2054182042662918,16
98,ward,10038,1437,1306,3.789438415081284,4
98,ward,10040,1464,1178,0.25019673738369974,2
98,ward,10040,1464,1176,4.789291867095194,4
98,ward,10040,1464,1186,1.7586282280394752,6
98,ward,11104,1639,1626,3.60840943996431,1
98,ward,11105,1639,1626,2.15618139740239,3
98,ward,11105,1639,1638,2.606655151877924,14
98,ward,10039,1464,1186,4.132621405216039,12
98,ward,10128,1454,1638,0.6646034787952853,20
98,ward,10128,1454,1637,9.443363069534824,23
98,ward,10044,1458,1309,1.2312771871947878,19
98,ward,10065,10139,1309,0.11436569307889877,20
98,ward,10065,10139,1306,3.598927543809535,22
98,ward,10069,1466,1306,0.7467645640398174,22
98,ward,10075,1450,1637,0.2118773155484508,23
98,ward,10075,1450,1306,3.5695489642351466,25
98,ward,10280,1437,1306,0.6378981839789715,4
98,ward,10282,1437,1306,0.4749638061036188,4
98,ward,11106,1639,1628,0.9776072601815002,23
98,ward,11106,1639,1306,2.3615974687178856,25
98,ward,11106,1639,1301,2.692351157128657,26
98,ward,10302,1738,1740,0.13233334651543904,1
98,ward,10303,1738,1740,3.2923879462880743,1
98,ward,10451,1172,3058,5.718023273917112,14
98,ward,10451,1172,1186,1.4419962970697053,15
98,ward,10451,1172,1169,0.8637591591212281,16
98,ward,10306,1740,1737,1.8893075397500105,2
98,ward,10308,1737,1304,0.5788583076470397,3
98,ward,10309,1737,1304,2.491192776345853,3
98,ward,10310,1738,1304,3.083248029736838,2
98,ward,10312,1737,1304,1.0038505773560331,3
98,ward,10312,1737,1305,3.7864793408349957,4
98,ward,10314,1738,1305,9.309006179222001,4
98,ward,10314,1738,1294,1.5809759028707564,5
98,ward,10456,1164,1165,10.834518732600763,11
98,ward,10456,1164,1169,5.386365406063824,13
98,ward,10452,1178,1169,12.67988171469213,10
98,ward,10453,1178,1169,8.654999532651793,7
98,ward,10453,1178,1168,5.714330331911089,11
98,ward,10454,1172,1168,4.845498802362176,25
98,ward,10454,1172,1633,1.3744046465578297,29
98,ward,10455,1172,1633,0.7751987894184094,28
98,ward,10455,1172,1629,2.655524294667657,30
98,ward,10455,1172,1286,2.5376205046899116,34
98,ward,10455,1172,1301,1.2670717333067065,35
98,ward,10457,1176,1301,10.141584594318104,35
98,ward,10457,1176,1320,2.2599167325221288,36
98,ward,10457,1176,1324,1.1254181518479722,39
98,ward,10458,1176,1324,1.1695632320674338,39
98,ward,10458,1176,1293,0.8762245194946949,40
98,ward,10458,1176,1635,3.8247050626095174,42
98,ward,10458,1176,1294,2.722387042396326,43
99,ward,10002,1437,1438,7.087529800720443,1
99,ward,10002,1437,1288,0.38277153864409996,2
99,ward,10002,1437,1463,4.9470481116190825,3
99,ward,10003,1438,1463,6.667374203269929,1
99,ward,10026,1469,1456,2.4889923469391597,1
99,ward,10004,1437,1306,0.1987206008767094,2
99,ward,10005,1437,1306,0.9816043923033159,3
99,ward,10006,1437,1463,0.30489124897639774,3
99,ward,10007,1437,1463,0.5429865999738795,3
99,ward,10009,1438,1463,0.15394989223861388,1
99,ward,10009,1438,1692,0.5152068088059636,4
99,ward,10009,1438,10139,3.942590460527178,5
99,ward,10009,1438,1458,3.701392066927479,6
99,ward,10010,1438,1466,3.7469388321001316,2
99,ward,10011,1438,1466,2.415047108651233,2
99,ward,10011,1438,1458,3.818939293776331,5
99,ward,10012,1437,1458,1.7322728828813863,7
99,ward,10012,1437,1450,0.9026557580704488,8
99,ward,10013,1437,1306,3.8830520402931046,6
99,ward,10014,1438,1450,2.865053460324619,7
99,ward,10016,1463,1450,6.370264702693449,5
99,ward,10016,1463,1454,1.4798431553521336,7
99,ward,10017,1463,1454,0.45505723587938895,6
99,ward,10017,1463,1639,0.2893770902328576,7
99,ward,10017,1463,1456,1.2578504366250707,8
99,ward,10018,1466,1456,1.297615865721891,7
99,ward,10030,1445,1172,2.1551558617961497,1
99,ward,10019,1466,1456,6.577258907526165,6
99,ward,10021,1450,1456,5.218060308719413,4
99,ward,10022,10139,1456,2.851100486195736,7
99,ward,10022,10139,1626,0.8318461927172671,13
99,ward,10023,1466,1172,2.443924511239583,11
99,ward,10023,1466,1464,7.423548370233634,13
99,ward,10024,1456,1464,6.437821141362055,12
99,ward,10025,1469,1464,3.1814785280523887,10
99,ward,10025,1469,1178,5.843410025415636,13
99,ward,10025,1469,1164,0.28727364721770243,14
99,ward,10025,1469,1176,1.6195734654996699,15
99,ward,10025,1469,1626,1.487932098083943,16
99,ward,10025,1469,3975,0.3791556275704693,17
99,ward,10025,1469,1318,0.3300893950895514,20
99,ward,10025,1469,1186,1.5124250478078118,21
99,ward,10027,1469,1186,2.337766162847982,18
99,ward,10027,1469,1169,6.994107094151495,19
99,ward,10028,1450,1638,0.9980194222850187,21
99,ward,10028,1450,1309,0.2928431161459173,22
99,ward,10028,1450,1637,3.3678269726299135,24
99,ward,10028,1450,1628,0.16867182709082584,25
99,ward,10028,1450,1306,0.7248384736787035,26
99,ward,10029,1456,3058,1.8928297264424145,22
99,ward,10029,1456,1165,5.1464737235228455,23
99,ward,10029,1456,1169,5.550535888962303,26
99,ward,10031,1445,1169,4.904109102263353,16
99,ward,10031,1445,1168,3.49160907483021,22
99,ward,10032,1464,1168,2.8553436548738684,19
99,ward,10032,1464,1633,0.4764768282522809,31
99,ward,10032,1464,1629,0.57443269031819,32
99,ward,10032,1464,1306,0.561407736370128,33
99,ward,10032,1464,1301,4.178996853175766,34
99,ward,10033,1464,1301,1.7011669201546997,34
99,ward,10033,1464,1286,0.5473888590284659,35
99,ward,10033,1464,1320,0.5229708432009943,36
99,ward,10033,1464,1304,2.6771481288736254,37
99,ward,10033,1464,1305,2.2027271136082005,38
99,ward,10034,3975,1305,2.845658639527632,38
99,ward,10034,3975,1324,0.6236146596409569,39
99,ward,10034,3975,1293,0.18071582985030687,40
99,ward,10034,3975,1738,0.8355349607615663,41
99,ward,10037,1445,1738,2.545576971059171,41
99,ward,10035,1454,1738,0.32746875528311703,41
99,ward,10035,1454,1294,1.276958995043799,42
99,ward,10035,1454,1635,1.334591626695591,43
99,ward,10035,1454,1740,1.7042443659153825,44
99,ward,10036,1466,1740,4.491896630945657,43
99,ward,10038,1437,1740,3.4185216859636647,29
99,ward,10040,1464,1740,2.4037273371416994,44
99,ward,10040,1464,1737,1.8115382690269861,45
100,ward,10002,1437,1438,0.1115048522202291,1
100,ward,10002,1437,1288,0.05516516452463094,2
100,ward,10002,1437,1463,4.721278697683587,3
100,ward,10002,1437,1692,0.07483445875354278,4
100,ward,10002,1437,1306,1.5675199657170253,5
100,ward,10002,1437,1309,0.04609248968093027,6
100,ward,10002,1437,10139,1.5870886136066176,7
100,ward,10002,1437,1318,0.04962863406814222,8
100,ward,10002,1437,1458,2.6167663298134443,9
100,ward,10002,1437,1466,0.5670881341776433,10
100,ward,10003,1438,1466,1.7395860105700311,3
100,ward,10003,1438,1450,4.137967736130051,7
100,ward,10003,1438,1639,0.0451854333739341,10
100,ward,10003,1438,1454,0.09238162325477361,11
100,ward,10026,1469,1456,3.878224834626983,1
100,ward,10004,1437,1304,0.17928023595814654,6
100,ward,10005,1437,1304,0.4450377398576527,6
100,ward,10005,1437,1305,0.44053862360591567,9
100,ward,10006,1437,1305,0.2750644614444149,11
100,ward,10007,1437,1305,0.4814988141212546,13
100,ward,10007,1437,1301,0.008368695014473626,14
100,ward,10009,1438,1454,0.37088195233661025,13
100,ward,10009,1438,1456,4.283150576323501,14
100,ward,10009,1438,1626,0.4980951161597744,15
100,ward,10009,1438,1301,1.4377920276288252,16
100,ward,10009,1438,1320,0.07117713277818893,17
100,ward,10009,1438,1286,0.08789271189245085,20
100,ward,10009,1438,1445,0.7508950236028895,22
100,ward,10010,1438,1445,0.007990917138511078,17
100,ward,10010,1438,1172,1.5628360183601586,20
100,ward,10010,1438,1638,0.1895048014810854,23
100,ward,10010,1438,1464,1.620052958799337,25
100,ward,10011,1438,1464,5.302423256139034,23
100,ward,10011,1438,1178,0.32170704668997807,26
100,ward,10012,1437,1324,0.1051415695132576,25
100,ward,10012,1437,1293,0.032007629990626896,26
100,ward,10012,1437,1738,1.2601263132584606,27
100,ward,10012,1437,1637,0.7191434404477235,29
100,ward,10012,1437,1178,0.26074087017334024,30
100,ward,10013,1437,1294,0.2538563447461115,29
100,ward,10013,1437,1178,1.1957897655051801,31
100,ward,10013,1437,1164,0.04263746427924531,32
100,ward,10013,1437,1629,0.09165424041049164,33
100,ward,10013,1437,1628,0.04230175481819742,34
100,ward,10013,1437,1740,1.8769427019843037,35
100,ward,10014,1438,1176,0.35499427896780844,33
100,ward,10014,1438,1633,0.07189601270327017,36
100,ward,10014,1438,3975,0.05645846978182334,37
100,ward,10014,1438,1740,2.1014233161958566,38
100,ward,10016,1463,3058,0.40892897224745184,37
100,ward,10016,1463,1165,1.608237594265546,38
100,ward,10016,1463,1186,1.3281558345301434,39
100,ward,10016,1463,1169,3.7368280296536485,40
100,ward,10017,1463,1169,1.8064059948251696,39
100,ward,10018,1466,1169,1.1706731841757474,40
100,ward,10030,1445,1169,0.538395607730247,16
100,ward,10030,1445,1168,2.5539412680278915,22
100,ward,10030,1445,1740,0.9144064143357942,43
100,ward,10030,1445,1635,0.007721208560587112,44
100,ward,10019,1466,1635,0.28459945024741495,44
100,ward,10019,1466,1737,0.6517794316902403,45
101,ward,10001,1438,1463,1.1566712271494026,1
101,ward,10001,1438,1466,0.67956843062818,2
101,ward,10001,1438,10139,0.4283626309074222,3
101,ward,10001,1438,1458,0.006552678844518489,4
101,ward,10002,1437,1288,0.18191000365330723,2
101,ward,10002,1437,1692,0.25225744934343197,4
101,ward,10002,1437,1306,0.24515329197660662,5
101,ward,10002,1437,1309,0.18860313974606413,6
101,ward,10002,1437,1318,0.18301416838707496,8
101,ward,10002,1437,1458,0.4356677829644964,9
101,ward,10002,1437,1450,1.098193953538356,11
101,ward,10002,1437,1301,0.21698328284131208,12
101,ward,10002,1437,1320,0.19522025812135269,13
101,ward,10002,1437,1639,0.18177445900959555,14
101,ward,10002,1437,1304,0.2760263993702097,15
101,ward,10002,1437,1454,0.14550576469459742,16
101,ward,10002,1437,1305,0.4316972484129167,17
101,ward,10002,1437,1456,2.1258140633029257,18
101,ward,10002,1437,1626,0.3795435762178698,19
101,ward,10002,1437,1286,0.37460817109336375,20
101,ward,10002,1437,1469,0.29812955941305574,21
101,ward,10002,1437,1638,0.15534437060491513,22
101,ward,10002,1437,1324,0.14735135394915488,23
101,ward,10002,1437,1445,0.2588565240656706,24
101,ward,10002,1437,1293,0.1616969550841958,25
101,ward,10002,1437,1172,0.4639641313149667,26
101,ward,10002,1437,1738,0.4164191025197965,27
101,ward,10002,1437,1637,0.28603806843283053,28
101,ward,10002,1437,1629,0.3857309769303754,29
101,ward,10002,1437,1464,0.6593968823809107,30
101,ward,10003,1438,1464,1.1887250484391316,25
101,ward,10003,1438,1178,0.4842166090956681,29
101,ward,10003,1438,1164,0.1522335246118942,30
101,ward,10003,1438,1628,0.30892483163636086,32
101,ward,10003,1438,1176,0.2687577687839564,34
101,ward,10003,1438,1633,0.26745932317052024,35
101,ward,10003,1438,1294,0.328679236540637,36
101,ward,10003,1438,3975,0.1824227640235918,37
101,ward,10003,1438,3058,0.34083169546580905,38
101,ward,10003,1438,1740,1.292520079400859,39
101,ward,10003,1438,1165,0.38933989878856323,40
101,ward,10003,1438,1186,0.22288853378430762,41
101,ward,10026,1469,1186,0.06415514746033946,19
101,ward,10026,1469,1169,1.8825837349523624,20
101,ward,10026,1469,1168,0.6896559324414895,29
101,ward,10026,1469,1635,0.15689881114246162,44
101,ward,10026,1469,1737,0.20130992205890053,45
102,ward,10001,1438,1463,0.6897210040060457,1
102,ward,10001,1438,1466,0.891227142014543,2
102,ward,10001,1438,10139,0.02947939780059894,3
102,ward,10002,1437,1288,0.925625491637966,2
102,ward,10002,1437,1692,1.278762693627563,4
102,ward,10002,1437,1306,0.4684438806883975,5
102,ward,10002,1437,1309,0.927544111165254,6
102,ward,10002,1437,10139,0.26854401247117554,7
102,ward,10002,1437,1318,0.9142478076165048,8
102,ward,10002,1437,1458,0.3688967221533517,9
102,ward,10002,1437,1450,0.6270073158503777,11
102,ward,10002,1437,1301,0.4030930529327037,12
102,ward,10002,1437,1320,1.0280191027633947,13
102,ward,10002,1437,1639,0.8961660819123516,14
102,ward,10002,1437,1304,0.3461288052833238,15
102,ward,10003,1438,1454,0.516202842241313,11
102,ward,10003,1438,1456,0.913750564032398,13
102,ward,10003,1438,1469,1.066342973474221,15
102,ward,10003,1438,1626,1.7469625435753215,16
102,ward,10003,1438,1304,0.6533997824080213,19
102,ward,10026,1469,1445,0.5768168395961268,2
102,ward,10026,1469,1172,0.7994777875024823,4
102,ward,10026,1469,1464,1.136828815192331,8
102,ward,10026,1469,1178,0.9570317570016442,11
102,ward,10026,1469,1164,0.2333192581141703,12
102,ward,10004,1437,1304,0.11307125551303354,6
102,ward,10004,1437,1305,0.032873299363436526,8
102,ward,10005,1437,1305,0.7209107433626213,9
102,ward,10006,1437,1305,0.2239184937106668,11
102,ward,10007,1437,1305,0.39878068648877363,13
102,ward,10009,1438,1286,1.8317238337658779,20
102,ward,10009,1438,1305,0.2479519892069414,21
102,ward,10009,1438,1638,0.7879832827386863,23
102,ward,10009,1438,1324,0.7666308737712129,25
102,ward,10009,1438,1293,0.7734829503275193,26
102,ward,10009,1438,1637,1.310200610811549,28
102,ward,10009,1438,1629,0.38736933262251316,29
102,ward,10010,1438,1164,0.531088242112618,27
102,ward,10010,1438,1628,1.4231885813638172,30
102,ward,10010,1438,1629,0.7975532212580267,32
102,ward,10011,1438,1738,0.8499992974901005,29
102,ward,10011,1438,1176,1.2158110513301992,32
102,ward,10011,1438,1629,0.704522781751578,34
102,ward,10011,1438,3975,0.921923321214166,35
102,ward,10011,1438,1633,0.8861132119245037,36
102,ward,10012,1437,1294,1.5813538355574792,34
102,ward,10012,1437,1633,0.35379272669332207,35
102,ward,10013,1437,1740,0.7254155423544262,35
102,ward,10013,1437,1633,0.09435861676795354,36
102,ward,10013,1437,3058,1.5634832805970404,39
102,ward,10013,1437,1165,0.4685369846258718,40
102,ward,10014,1438,1165,0.10102063265875838,40
102,ward,10014,1438,1186,0.13477392958954226,41
102,ward,10014,1438,1169,0.7601877977967604,42
102,ward,10014,1438,1168,0.4822738561035109,43
102,ward,10014,1438,1635,0.6258988141786026,44
102,ward,10016,1463,1635,0.0749679536162966,44
102,ward,10016,1463,1737,0.3264995914676412,45
103,ward,10002,1437,1438,1.690150968412826,1
103,ward,10002,1437,1288,2.8251028950276904,2
103,ward,10002,1437,1463,1.3621451000281084,3
103,ward,10003,1438,1463,0.802178306370628,1
103,ward,10003,1438,1466,2.70197463221713,3
103,ward,10003,1438,10139,0.8417191538255011,4
103,ward,10003,1438,1458,0.07251300162128071,5
103,ward,10004,1437,1306,0.1316896448320876,2
103,ward,10005,1437,1306,0.6504968947242717,3
103,ward,10006,1437,1306,0.20204759905604341,4
103,ward,10007,1437,1306,0.35983039596134636,4
103,ward,10009,1438,1692,3.8887144216127894,4
103,ward,10009,1438,1458,1.6202984719219309,6
103,ward,10010,1438,1458,0.08976332231943207,4
103,ward,10010,1438,1450,1.7103443166432157,6
103,ward,10010,1438,1639,0.6829416364014103,9
103,ward,10011,1438,1456,2.331042948173547,8
103,ward,10011,1438,1454,1.7356841022486833,9
103,ward,10011,1438,1639,0.06445739448132404,11
103,ward,10012,1437,1306,0.7030611233456742,9
103,ward,10012,1437,1318,1.0430729732401365,10
103,ward,10013,1437,1309,2.5732497878665814,10
103,ward,10014,1438,1639,1.8986349223509869,12
103,ward,10016,1463,1639,0.004345653096355706,8
103,ward,10016,1463,1318,1.697201346652459,12
103,ward,10016,1463,1469,0.04941008318135642,13
103,ward,10016,1463,1626,3.4512107404299295,14
103,ward,10017,1463,1626,1.3268889490786666,14
103,ward,10018,1466,1445,0.8599137267676489,13
103,ward,10030,1445,1172,2.0043411553258816,1
103,ward,10019,1466,1172,0.5238956036501823,12
103,ward,10019,1466,1626,0.7490352720712794,15
103,ward,10019,1466,1464,3.085735944323974,17
103,ward,10021,1450,1464,0.05924977925908825,16
103,ward,10021,1450,1164,2.3029421321824124,18
103,ward,10021,1450,1178,1.095751078545756,19
103,ward,10022,10139,1309,0.16296778293389913,17
103,ward,10022,10139,1638,2.27767469671761,20
103,ward,10023,1466,1178,2.1044590649740837,17
103,ward,10023,1466,1176,3.8023560924033646,21
103,ward,10023,1466,1638,0.35690600665864114,23
103,ward,10023,1466,3975,0.27532910764494023,24
103,ward,10024,1456,3975,2.5253554699245155,18
103,ward,10024,1456,1186,0.515937101127534,23
103,ward,10024,1456,1169,1.2249705937038984,24
103,ward,10025,1469,1169,0.6792766108533099,22
103,ward,10025,1469,3058,4.871208681749181,23
103,ward,10025,1469,1165,1.9643272995249959,24
103,ward,10025,1469,1637,2.187817989788819,27
103,ward,10027,1469,1168,1.3631923467826326,22
103,ward,10027,1469,1637,2.5114019033982586,27
103,ward,10027,1469,1628,2.3095208813688615,28
103,ward,10028,1450,1628,1.5957381322679325,25
103,ward,10028,1450,1301,1.8464942814093632,31
103,ward,10028,1450,1320,0.23714062581123851,32
103,ward,10029,1456,1633,3.993697484755238,32
103,ward,10029,1456,1629,4.349430825656045,33
103,ward,10031,1445,1629,1.20127653418057,33
103,ward,10031,1445,1320,3.0026701189497347,35
103,ward,10031,1445,1286,1.3597902718486496,36
103,ward,10032,1464,1286,4.011430164346012,36
103,ward,10032,1464,1304,1.7186012705893923,37
103,ward,10033,1464,1304,1.8771914730190922,37
103,ward,10033,1464,1305,3.193296385846219,38
103,ward,10034,3975,1305,2.1675218725974954,38
103,ward,10034,3975,1324,0.8049785710552659,39
103,ward,10037,1445,1324,1.6748695836212302,39
103,ward,10037,1445,1293,0.012052284230332777,40
103,ward,10035,1454,1293,2.2033910914714627,40
103,ward,10035,1454,1738,0.8736414379771045,41
103,ward,10036,1466,1738,1.7745564263825404,40
103,ward,10036,1466,1294,1.2021670202151604,42
103,ward,10038,1437,1294,2.2654113599155643,28
103,ward,10040,1464,1294,1.397309498275213,42
103,ward,10040,1464,1635,2.3120583744539474,43
103,ward,10040,1464,1740,0.3546989919357939,44
103,ward,11104,1639,1740,1.6288293020462108,44
103,ward,11104,1639,1737,0.5283588723250996,45
103,ward,11105,1639,1737,0.47614967588814183,45
104,ward,10002,1437,1438,2.638283901010279,1
104,ward,10004,1437,1288,0.11883339590247544,1
104,ward,10005,1437,1288,0.5869919014715507,1
104,ward,10006,1437,1288,0.18232262954604866,1
104,ward,10007,1437,1288,0.3247018241680326,1
104,ward,10009,1438,1463,3.143995847735121,1
104,ward,10010,1438,1463,2.240640697003346,1
104,ward,10011,1438,1463,0.6230179290167142,1
104,ward,10011,1438,1466,3.1048581489644276,2
104,ward,10012,1437,1288,1.5756671275328213,3
104,ward,10013,1437,1288,2.322035352038567,3
104,ward,10014,1438,1466,1.7132800053465214,3
104,ward,10016,1463,10139,2.0093843827205617,2
104,ward,10016,1463,1466,1.3294108487169274,3
104,ward,10016,1463,1458,1.35550908757485,4
104,ward,10017,1463,1458,1.1973509383029686,3
104,ward,10018,1466,1458,0.7759643399847205,4
104,ward,10019,1466,1450,3.933150404451828,1
104,ward,10021,1450,1458,2.8713742458803235,1
104,ward,10022,10139,1458,0.03517684433070656,1
104,ward,10022,10139,1454,2.1671970356401373,6
104,ward,10023,1466,1456,5.900673137600587,4
104,ward,10024,1456,1469,3.7767745119942946,1
104,ward,10025,1469,1454,1.9439572820070112,2
104,ward,10025,1469,1445,1.359557276690495,4
104,ward,10025,1469,1172,4.770056993926556,8
104,ward,10027,1469,1172,1.089822873525609,3
104,ward,10027,1469,1464,4.490565794626372,5
104,ward,10028,1450,1639,3.320172923481824,5
104,ward,10029,1456,1639,1.9043490103642462,5
104,ward,10029,1456,1464,3.125027573308193,10
104,ward,10029,1456,1164,2.4992508254181143,12
104,ward,10031,1445,1178,5.020575107072862,4
104,ward,10032,1464,1178,2.783049867473661,2
104,ward,10032,1464,1164,2.1260727019507772,3
104,ward,10032,1464,3975,0.26151248627430057,6
104,ward,10033,1464,3975,4.575479658400752,3
104,ward,10034,3975,1176,1.8463278625260187,4
104,ward,10037,1445,1176,1.5222355139202506,12
104,ward,10035,1454,1626,2.7766361223237306,13
104,ward,10036,1466,1288,0.6361063996237042,12
104,ward,10036,1466,1692,2.0500133501315525,13
104,ward,10038,1437,1306,2.0442497613086164,4
104,ward,10040,1464,1176,3.6673108756474324,4
104,ward,11104,1639,1626,1.946591903167945,1
104,ward,11105,1639,1626,2.569358942546474,3
104,ward,10039,1464,1176,1.053019676539062,6
104,ward,10039,1464,1186,1.1763635184931633,12
104,ward,10128,1454,1626,4.573108404398939,13
104,ward,10128,1454,1318,0.8797333996803802,16
104,ward,10044,1458,1318,0.6642245684770414,13
104,ward,10065,10139,1692,2.003172497267053,14
104,ward,10069,1466,1692,0.40284947651257297,14
104,ward,10075,1450,1692,2.039927536251551,15
104,ward,10280,1437,1306,0.3441204388355895,4
104,ward,10282,1437,1306,0.2562238888467931,4
104,ward,11106,1639,1318,3.253782046242313,13
104,ward,10303,1738,1740,0.042873318241131164,1
104,ward,10451,1172,3058,4.328506221010769,14
104,ward,10305,1740,1304,1.204123181544647,2
104,ward,10306,1740,1737,2.2631223114013643,2
104,ward,10306,1740,1304,1.4321448100218293,3
104,ward,10307,1737,1304,0.32331658812109054,3
104,ward,10308,1737,1304,0.8560214574000138,3
104,ward,10309,1737,1304,1.3438984040883326,3
104,ward,10310,1738,1304,1.6632884238889507,2
104,ward,10312,1737,1304,1.2279110037981744,3
104,ward,10312,1737,1305,1.3562795065631028,4
104,ward,10314,1738,1305,5.874707762336258,4
104,ward,10456,1164,3058,5.9704473145123425,8
104,ward,10456,1164,1165,2.780067906083617,11
104,ward,10452,1178,1186,0.5673877838012285,9
104,ward,10452,1178,1169,4.943474732049424,10
104,ward,10452,1178,1165,1.3294241782200489,13
104,ward,10453,1178,1165,0.9984394484470744,9
104,ward,10453,1178,1168,3.2524844208652226,11
104,ward,10453,1178,1628,3.5007522178071593,22
104,ward,10454,1172,1637,3.355387988419023,22
104,ward,10455,1172,1628,3.5811523485570067,23
104,ward,10455,1172,1637,0.322063491096364,24
104,ward,10457,1176,1637,7.2972295328768615,22
104,ward,10458,1176,1637,0.3261260661607013,22
104,ward,10458,1176,1638,5.887049947255186,24
104,ward,10458,1176,1633,1.5534170735510964,26
104,ward,10459,1164,1318,0.6778704194713554,26
104,ward,10459,1164,1633,3.5652596096479807,27
104,ward,10460,1176,1633,2.8505259235072624,26
104,ward,10460,1176,1629,2.1547076109137016,28
104,ward,10461,3058,1629,4.233900320862519,26
104,ward,11004,1633,1629,0.7605557528889422,3
104,ward,11101,1458,1692,1.3863186645225536,11
104,ward,11101,1458,1309,2.0509184942829632,17
104,ward,10462,3058,1629,3.716993740888759,28
104,ward,10462,3058,1309,3.3286871219276373,31
104,ward,10462,3058,1286,0.17952152421717127,33
104,ward,10463,3975,1306,3.6759328846712833,33
104,ward,10463,3975,1286,1.8630685564608758,34
104,ward,10464,1165,1286,0.1866819069593694,33
104,ward,10465,3058,1286,2.9803848884255553,33
104,ward,10466,1168,1286,5.284881866120577,33
104,ward,10466,1168,1301,0.4853725550831225,35
104,ward,10467,1169,1301,5.349973819745779,35
104,ward,10467,1169,1320,3.9034237366038482,36
104,ward,10468,3975,1320,2.8877046258593353,36
104,ward,10468,3975,1305,4.3072126401376005,38
104,ward,10469,1165,1305,0.8345301704812726,37
104,ward,10469,1165,1324,4.3860562187587115,39
104,ward,10470,1168,1324,0.9627766112658867,39
104,ward,10470,1168,1293,0.07916091122930702,40
104,ward,11102,1639,1293,2.594146939228055,40
104,ward,11109,1463,1293,0.4474169848276195,35
104,ward,10471,1186,1293,1.1001509655571695,40
104,ward,10471,1186,1294,0.33611311131206145,42
104,ward,10472,3058,1635,5.191966399371005,41
104,ward,10472,3058,1294,1.4985250261178376,42
104,ward,10473,3058,1294,4.722357714189556,42
104,ward,10474,1172,1294,0.8671212870165018,41
104,ward,11103,1639,1294,2.6466198188445778,41
105,ward,10002,1437,1438,0.06936537911962937,1
105,ward,10004,1437,1288,0.10723750963475714,1
105,ward,10005,1437,1288,0.529712621704759,1
105,ward,10006,1437,1288,0.16453139787930074,1
105,ward,10007,1437,1288,0.293017082724952,1
105,ward,10012,1437,1438,1.4219118917433142,1
105,ward,10013,1437,1438,2.0954487292515,1
105,ward,10014,1438,1463,0.33308424624214905,2
105,ward,10027,1469,1445,3.651708170468579,1
105,ward,10031,1445,1464,3.963213637321134,1
105,ward,10037,1445,1172,1.3736941905149398,1
105,ward,10036,1466,1463,1.408972685114906,1
105,ward,10038,1437,1288,1.844769745148856,1
105,ward,10040,1464,3975,1.2951504080814167,1
105,ward,10039,1464,1172,2.0118376660129913,2
105,ward,10128,1454,1456,0.24385039068526204,1
105,ward,10069,1466,1450,0.36353900594011385,1
105,ward,10280,1437,1288,0.3105408087927887,1
105,ward,10282,1437,1288,0.23122129549687087,2
105,ward,10312,1737,1740,0.7910097176689947,1
105,ward,10314,1738,1740,0.14944667549306168,1
105,ward,10314,1738,1304,2.229916985196107,3
105,ward,10456,1164,1178,1.39396294502622,1
105,ward,10453,1178,1176,0.3751832316713539,2
105,ward,10454,1172,1456,0.143201009078326,3
105,ward,10455,1172,1176,3.522335981670332,5
105,ward,10458,1176,1186,4.21581599184379,1
105,ward,10458,1176,1169,0.9246046998366673,2
105,ward,10459,1164,3058,3.8290809912782566,6
105,ward,10460,1176,3058,4.5168176445296435,3
105,ward,10462,3058,1165,3.0990876180085087,1
105,ward,10463,3975,1169,0.6682585873572995,2
105,ward,10465,3058,1165,2.6895558336994583,1
105,ward,10468,3975,1169,0.7686718183739902,3
105,ward,10468,3975,1168,0.9381111658968928,6
105,ward,10468,3975,1165,3.9959120893191153,8
105,ward,10468,3975,1456,0.7901346883974263,13
105,ward,10469,1165,1456,1.2539244444139017,14
105,ward,10469,1165,1628,3.4572316995597863,15
105,ward,10470,1168,1639,0.19604423524606762,15
105,ward,10470,1168,1450,0.2328933538271618,16
105,ward,10470,1168,1628,0.5113265871613045,17
105,ward,11102,1639,1458,2.3410073849757693,2
105,ward,10471,1186,1458,1.2961119356356903,17
105,ward,10472,3058,1628,4.926049260915516,16
105,ward,10472,3058,1626,1.1115770582964393,17
105,ward,10473,3058,1637,4.261545140810228,14
105,ward,10474,1172,1626,0.7825066906886071,13
105,ward,11103,1639,1626,2.6396833767092,1
105,ward,10475,1165,1637,2.7373798610112483,14
105,ward,11205,1288,1692,3.018211545912948,1
105,ward,11208,1286,1318,0.25752386276952066,1
105,ward,11211,1692,1318,4.1505433848810345,1
105,ward,11212,1286,1301,7.163777141452231,1
105,ward,11216,1309,1301,1.870136095603165,3
105,ward,11217,1288,1306,2.545550798002416,1
105,ward,11220,1304,1305,0.2422718741929426,1
105,ward,11220,1304,1306,2.847693490412361,2
105,ward,11221,1692,1318,3.2508738714892846,1
105,ward,11221,1692,1301,3.6775097196919715,3
105,ward,11224,1294,1293,2.025414528445834,1
105,ward,11225,1301,1320,3.946633785182354,1
105,ward,11226,1320,1306,5.1038727607707415,2
105,ward,11226,1320,1324,3.1968846683596386,3
105,ward,11228,1305,1293,2.8463195940949704,3
105,ward,11230,1293,1324,0.5692715669336748,1
105,ward,11230,1293,1463,3.0619207254164618,17
105,ward,11230,1293,1626,2.856564319765461,18
105,ward,11229,1293,1629,5.818138344867913,16
105,ward,11231,1306,10139,0.0051696360051376455,17
105,ward,11231,1306,1458,2.130232207549702,18
105,ward,11358,1628,1637,2.5596044232183024,1
105,ward,11232,1304,1458,2.301296093081466,20
105,ward,11233,1309,1626,5.556896038857497,11
105,ward,11234,1324,1629,5.829585690452104,13
105,ward,11235,1294,1635,6.926994003956991,16
105,ward,11236,1286,1629,2.0466544456687235,12
105,ward,11236,1286,1638,4.861486957993089,14
105,ward,11237,1318,1626,4.090556477166666,4
105,ward,11238,1288,1458,3.1654115792043855,16
105,ward,11238,1288,1626,0.3942231719475453,17
105,ward,11239,1286,1638,0.9418214138177012,10
105,ward,11354,1628,1637,4.833136961115184,1
105,ward,11355,1628,1637,4.823040074217206,1
105,ward,11355,1628,1638,2.9916519125989254,2
105,ward,11356,1628,1626,0.7938235921079944,2
105,ward,11356,1628,1638,0.46520725881532954,3
105,ward,11356,1628,1633,0.5291178123091886,8
105,ward,11357,1628,1633,2.3262472328521047,4
105,ward,11360,1628,1633,0.9381155488227306,2
105,ward,11372,1626,1633,5.8254941612757305,13
105,ward,11361,1628,1633,0.8260996540755761,2
105,ward,11361,1628,1635,0.8402907737701684,32
105,ward,11362,1628,1635,0.5943247086898715,13
106,ward,10005,1437,1288,0.12524077372892106,1
106,ward,10006,1437,1288,0.14848336510180668,1
106,ward,10007,1437,1288,0.264436837200111,1
106,ward,10012,1437,1438,1.2832217150382874,1
106,ward,10013,1437,1438,1.8910632422014506,1
106,ward,10038,1437,1288,1.6648349380623924,1
106,ward,10280,1437,1288,0.2802513373454477,1
106,ward,10282,1437,1438,0.20866847593284743,1
106,ward,10456,1164,1178,0.5965278706838397,1
106,ward,10459,1164,1178,3.455600804227323,1
106,ward,10460,1176,1178,2.4437075824555476,2
106,ward,10468,3975,1186,4.399881610797314,2
106,ward,11102,1639,1454,1.339466925818487,1
106,ward,10473,3058,1165,3.7121512146696847,1
106,ward,11103,1639,1626,2.3822144321937486,1
106,ward,11205,1288,1692,1.1326426622070414,1
106,ward,11211,1692,1318,0.9170689279418456,1
106,ward,11212,1286,1301,5.645298173168988,1
106,ward,11216,1309,1301,1.095763634267858,3
106,ward,11217,1288,1306,2.297263339379552,1
106,ward,11221,1692,1318,6.252604205608329,1
106,ward,11226,1320,1301,2.523436608625852,1
106,ward,11230,1293,1324,1.2047191383681861,1
106,ward,11229,1293,1324,3.674250602388283,1
106,ward,11229,1293,1294,0.5871485826018374,2
106,ward,11229,1293,1301,0.9892506679187645,4
106,ward,11233,1309,1318,0.48235449730999314,2
106,ward,11233,1309,1301,4.532534052872717,4
106,ward,11234,1324,1301,1.721236899951081,5
106,ward,11234,1324,1305,3.5397437494849866,6
106,ward,11235,1294,1305,1.8489530125145466,3
106,ward,11235,1294,1304,1.349030749690081,7
106,ward,11235,1294,1306,3.053366393478758,8
106,ward,11236,1286,1306,6.234336396797066,7
106,ward,11237,1318,1626,3.6915725429760724,4
106,ward,11238,1288,1306,3.212435761179818,1
106,ward,11239,1286,1629,0.8499582125424038,8
106,ward,11355,1628,1637,5.849584871012683,1
106,ward,11356,1628,1637,1.6137365526659997,1
106,ward,11357,1628,1637,2.0993501644350983,1
106,ward,11360,1628,1637,0.8466138095156338,1
106,ward,11361,1628,1637,1.5038543493168985,1
106,ward,11362,1628,1633,0.6083020038222756,1
106,ward,11363,1628,1637,0.2746741870673907,1
106,ward,11365,1628,1633,2.59047529525776,1
106,ward,11368,1637,1638,1.32196881796796,1
106,ward,11369,1626,1638,2.3525112290962094,3
106,ward,11370,1639,1454,1.3649164704135344,2
106,ward,11370,1639,1172,0.6794014139881606,3
106,ward,11375,1638,1629,0.05800366100465704,1
106,ward,11379,1638,1629,1.9473958839685692,3
106,ward,11377,1626,1458,6.003101150373434,3
106,ward,11378,1318,1463,2.2159689813196812,6
106,ward,11385,1318,1629,4.4522160245771385,6
106,ward,11385,1318,1633,2.4277405065800073,11
106,ward,11412,1633,1635,0.20180112860711863,5
106,ward,11413,1629,1635,2.052420747795377,2
106,ward,11414,1629,1635,1.222582654148373,12
106,ward,11420,1629,1635,2.734006964124961,8
106,ward,11418,1629,1458,2.379686781717687,14
106,ward,11419,1629,1635,2.169192531596739,12
106,ward,11419,1629,1306,0.762387359607124,16
106,ward,11423,1633,1458,1.800847072729713,16
106,ward,11426,1633,1165,0.8003308376020757,9
106,ward,11427,1633,1165,1.2590031945956863,11
106,ward,11428,1633,1165,1.0131279805974696,13
106,ward,11436,1629,1306,0.9800756826105429,17
106,ward,11691,1635,1306,0.18747730229644655,16
106,ward,11691,1635,1438,4.079500977904936,21
106,ward,11692,1635,1438,1.1668983055221758,22
106,ward,11693,1635,1438,0.6484985199180991,21
106,ward,11429,1633,1165,0.9859708509167007,13
106,ward,11429,1633,1458,0.3666207611135315,17
106,ward,11432,1633,1458,4.494840832138188,14
106,ward,11433,1633,1458,2.3113884913306277,15
106,ward,11434,1629,1463,4.127418715921346,20
106,ward,11435,1629,1458,3.8007695718777286,14
106,ward,11694,1635,1740,0.9252234554756505,21
106,ward,11697,1294,1740,0.002952608046093497,11
107,ward,10002,1437,1438,0.9470771585009059,1
107,ward,10004,1437,1288,0.08734223522419136,1
107,ward,10005,1437,1288,0.43143751252467194,1
107,ward,10006,1437,1288,0.1340066559199657,1
107,ward,10007,1437,1288,0.2386549916278001,1
107,ward,10012,1437,1438,1.1581112181708744,1
107,ward,10013,1437,1438,1.7066899113367486,1
107,ward,10038,1437,1288,1.5025182285941459,1
107,ward,10280,1437,1288,0.252927622626359,1
107,ward,10282,1437,1438,0.18832388824501717,1
107,ward,11106,1639,1458,0.7149232593652477,1
107,ward,10456,1164,1178,1.7479644870699174,1
107,ward,10459,1164,1178,3.1186894750893077,1
107,ward,10460,1176,1178,3.117234226187769,2
107,ward,10463,3975,1186,0.13355693152348724,1
107,ward,10468,3975,1186,5.288245374903147,2
107,ward,11102,1639,1454,1.9066912163153371,1
107,ward,10472,3058,1165,1.2216953666034098,2
107,ward,10473,3058,1165,3.470920570375847,1
107,ward,11103,1639,1626,2.1499552459878872,1
107,ward,11201,1288,1306,0.051492584860919344,2
107,ward,11205,1288,1692,2.8451160252507552,1
107,ward,11206,1692,1318,0.5956320453934225,1
107,ward,11208,1286,1318,2.142790667563684,1
107,ward,11211,1692,1318,2.722373103171769,1
107,ward,11211,1692,1438,1.3599727985889158,3
107,ward,11212,1286,1301,5.834715020084801,1
107,ward,11216,1309,1301,2.4503847319098546,3
107,ward,11217,1288,1306,2.0732866450508616,1
107,ward,11221,1692,1301,5.642992936011326,3
107,ward,11224,1294,1293,1.3981854122750232,1
107,ward,11226,1320,1301,3.919557515744885,1
107,ward,11230,1293,1324,3.3439769435550564,1
107,ward,11230,1293,1305,0.3530218557741458,2
107,ward,11229,1293,1301,1.4580959625170555,4
107,ward,11229,1293,1305,3.2806303433728017,5
107,ward,11233,1309,1306,4.525951065026967,7
107,ward,11234,1324,1305,2.592097666185932,6
107,ward,11234,1324,1306,2.155952212715947,8
107,ward,11235,1294,1304,1.4523085472857882,7
107,ward,11235,1294,1306,4.189552605130229,8
107,ward,11236,1286,1306,5.626506187020258,7
107,ward,11237,1318,1626,3.331654635056274,4
107,ward,11238,1288,1306,1.2180630554952323,1
107,ward,11238,1288,1438,1.6811692822030389,11
107,ward,11239,1286,1629,0.7670896848035744,8
107,ward,11354,1628,1637,1.125136412510678,1
107,ward,11355,1628,1637,6.364868673674172,1
107,ward,11356,1628,1637,1.45640179161021,1
107,ward,11357,1628,1637,1.8946694462917617,1
107,ward,11360,1628,1637,0.7640713516363623,1
107,ward,11361,1628,1637,1.3572327930773802,1
107,ward,11362,1628,1633,0.5489942746498643,1
107,ward,11363,1628,1637,0.24789422876561845,1
107,ward,11373,1626,1638,1.0067982749431872,1
107,ward,11365,1628,1633,2.3379112624687837,1
107,ward,11368,1637,1638,3.4069707583065867,1
107,ward,11369,1626,1638,1.619326080547049,3
107,ward,11369,1626,1454,0.8821639545897186,5
107,ward,11370,1639,1454,0.38063227659982113,2
107,ward,11370,1639,1172,1.4643703816994202,3
107,ward,11375,1638,1629,3.592789038318105,1
107,ward,11379,1638,1629,1.61144241988565,3
107,ward,11379,1638,1633,0.1460878595770032,6
107,ward,11377,1626,1458,5.417815724739758,3
107,ward,11378,1318,1463,1.9999182575463474,6
107,ward,11421,1629,1633,2.1140648756461884,3
107,ward,11421,1629,1463,0.23670055480836538,16
107,ward,11385,1318,1463,6.209180179765998,14
107,ward,11411,1633,1635,0.6688560377519571,5
107,ward,11412,1633,1635,1.6909013364523227,5
107,ward,11413,1629,1635,1.8523155153726187,2
107,ward,11414,1629,1635,1.1033842946369616,12
107,ward,11420,1629,1635,1.9943165570538213,8
107,ward,11420,1629,1463,0.4731324415129934,18
107,ward,11418,1629,1458,2.1476740343019904,14
107,ward,11419,1629,1458,2.6457591226673136,18
107,ward,11423,1633,1458,1.62526956386195,16
107,ward,11426,1633,1165,0.7223008389063935,9
107,ward,11427,1633,1165,1.1362539351438021,11
107,ward,11428,1633,1165,0.9143508608235525,13
107,ward,11436,1629,1458,0.8845210686400214,18
107,ward,11691,1635,1438,3.8509599362922584,21
107,ward,11692,1635,1438,1.0531290128997657,22
107,ward,11693,1635,1438,0.5852717438326316,21
107,ward,11429,1633,1165,1.220717745919146,13
107,ward,11432,1633,1458,4.056606532283024,14
107,ward,11433,1633,1458,2.086034634537948,15
107,ward,11434,1629,1463,3.7250070357906266,20
107,ward,11435,1629,1458,3.4302052617172043,14
107,ward,11694,1635,1740,0.8350167788963896,21
107,ward,11697,1294,1740,0.0026647370917818663,11
108,ward,10002,1437,1438,2.7697946342659368,1
108,ward,10004,1437,1288,0.07882987059497044,1
108,ward,10005,1437,1288,0.38938966005207015,1
108,ward,10006,1437,1288,0.1209463819871393,1
108,ward,10007,1437,1288,0.21539570241788955,1
108,ward,10012,1437,1438,1.0452418263473497,1
108,ward,10013,1437,1438,1.540356100471701,1
108,ward,10027,1469,1445,1.8283684921165495,1
108,ward,10038,1437,1288,1.3560829674514125,1
108,ward,11105,1639,1454,0.5359356104062489,1
108,ward,10280,1437,1288,0.2282773243706391,1
108,ward,10282,1437,1438,0.1699698628297135,1
108,ward,11106,1639,1458,2.1584438928263983,1
108,ward,10456,1164,1178,3.453241920225996,1
108,ward,10458,1176,1186,2.800798188477156,1
108,ward,10459,1164,1178,2.814742342191558,1
108,ward,10460,1176,1178,3.097353992414082,2
108,ward,10460,1176,3058,0.22294085247801743,3
108,ward,10463,3975,1186,2.4518450753156396,1
108,ward,10465,3058,1165,1.1013058012145585,1
108,ward,10468,3975,1186,4.7728535628614654,2
108,ward,11102,1639,1454,0.6605062980673089,1
108,ward,11102,1639,1458,1.0603590022184195,2
108,ward,10472,3058,1165,4.438235306520077,2
108,ward,10473,3058,1165,3.132645033709488,1
108,ward,11103,1639,1626,1.9404208444079474,1
108,ward,11201,1288,1306,2.4279867115659677,2
108,ward,11203,1320,1301,0.32284707597290296,1
108,ward,11205,1288,1692,2.5678313306558738,1
108,ward,11206,1692,1318,2.7279288051074033,1
108,ward,11206,1692,1309,1.0567833685288615,2
108,ward,11207,1286,1309,0.6835166635383088,1
108,ward,11208,1286,1309,0.7638437252573431,2
108,ward,11208,1286,1629,4.53564632960874,3
108,ward,11211,1692,1438,3.684480919610929,3
108,ward,11212,1286,1301,5.2660643365859485,1
108,ward,11213,1309,1301,3.732234873733224,1
108,ward,11216,1309,1301,3.0832983668858636,3
108,ward,11217,1288,1306,1.871224356877603,1
108,ward,11220,1304,1305,0.2733552463961111,1
108,ward,11221,1692,1301,5.093027465719103,3
108,ward,11223,1294,1293,1.6904159992981747,1
108,ward,11223,1294,1324,0.6383850904990953,2
108,ward,11223,1294,1305,0.8142311346089417,3
108,ward,11224,1294,1305,1.6035620866379037,3
108,ward,11224,1294,1740,0.6446734216161198,4
108,ward,11225,1301,1306,2.4891774785593195,3
108,ward,11226,1320,1306,6.1688409507944115,2
108,ward,11228,1305,1306,2.092318313234237,5
108,ward,11230,1293,1306,1.8815104734802763,6
108,ward,11230,1293,1740,3.4341406046117924,14
108,ward,11415,1629,1633,0.4470244583077547,1
108,ward,11229,1293,1740,4.27689056181626,13
108,ward,11231,1306,1438,1.5697254772981988,9
108,ward,11232,1304,1738,1.691673686158833,13
108,ward,11233,1309,1626,4.084852372502899,11
108,ward,11234,1324,1635,4.285305460428986,14
108,ward,11235,1294,1740,5.092005985628392,10
108,ward,11236,1286,1638,5.078147513469636,14
108,ward,11237,1318,1626,3.0069519411140195,4
108,ward,11238,1288,1438,2.616673473250058,11
108,ward,11239,1286,1638,0.05898991843977974,10
108,ward,11239,1286,1633,0.6333392901336922,14
108,ward,11354,1628,1637,3.3506496875721776,1
108,ward,11355,1628,1637,5.7445492734624635,1
108,ward,11356,1628,1637,1.3144610333388553,1
108,ward,11357,1628,1637,1.7100151706451434,1
108,ward,11360,1628,1637,0.6896050418244404,1
108,ward,11372,1626,1637,1.2099975502140592,3
108,ward,11372,1626,1458,1.5621919718783297,6
108,ward,11361,1628,1633,1.2249570344852678,2
108,ward,11362,1628,1633,0.4954893530826642,1
108,ward,11416,1629,1633,0.642880663226982,2
108,ward,11416,1629,1463,0.8060580831826957,17
108,ward,11363,1628,1165,0.22373448452142725,7
108,ward,11364,1633,1165,0.14997022355890804,9
108,ward,11364,1633,1172,1.3106406990726704,10
108,ward,11373,1626,1458,7.173038729468203,9
108,ward,11365,1628,1458,2.1100586882151715,13
108,ward,11366,1633,1635,0.5327037457098817,12
108,ward,11367,1637,1458,1.9926558672736063,11
108,ward,11374,1638,1458,2.37110140640485,11
108,ward,11368,1637,1458,7.973088536130321,9
108,ward,11368,1637,10139,0.49124692449459495,10
108,ward,11417,1629,1635,0.7753421485300368,16
108,ward,11417,1629,1463,0.682575496753972,18
108,ward,11369,1626,1172,2.257695091707737,6
108,ward,11370,1639,1172,1.665188902342431,3
108,ward,11375,1638,10139,3.242636214182903,12
108,ward,11379,1638,10139,1.5862415719172003,12
108,ward,11377,1626,10139,4.88979600066773,4
108,ward,11378,1318,1463,1.8050064443419667,6
108,ward,11421,1629,1463,2.1216600904041965,16
108,ward,11422,1635,10139,0.8609245471695175,20
108,ward,11422,1635,1463,0.3782122194519937,21
108,ward,11385,1318,1463,5.6040341630304376,14
108,ward,11411,1633,1463,0.6036694019487132,22
108,ward,11412,1633,1463,1.5261062783573067,21
108,ward,11413,1629,1463,1.671789049170528,21
108,ward,11414,1629,1463,0.995848582756026,20
108,ward,11420,1629,1463,2.226971690814227,18
108,ward,11418,1629,1463,1.938361959361814,16
108,ward,11419,1629,1463,2.3879037298505064,20
108,ward,11423,1633,1172,1.4668709710980232,19
108,ward,11426,1633,1172,0.6519054786665124,14
108,ward,11427,1633,1172,1.0255147517177718,15
108,ward,11428,1633,1172,0.8252383265909002,19
108,ward,11436,1629,1463,0.7983157426695384,20
108,ward,11691,1635,1438,3.475645804863186,21
108,ward,11692,1635,1438,0.9504911752442053,22
108,ward,11693,1635,1438,0.5282312241127578,21
108,ward,11429,1633,1172,0.35404300012228695,19
108,ward,11429,1633,1450,0.7477037286714996,20
108,ward,11432,1633,1463,3.6612501062488487,17
108,ward,11433,1633,1463,1.8827299287127366,19
108,ward,11434,1629,1463,3.361968260177968,20
108,ward,11435,1629,1463,2.1208369672075706,17
108,ward,11435,1629,1438,0.9750608673426941,20
108,ward,11694,1635,1740,0.7536361355542678,21
108,ward,11697,1294,1740,0.0024050321081844875,11
108,icu,10030,1445,1172,0.529550368860933,1
108,icu,10022,10139,1458,0.4382930740336472,1
108,icu,10031,1445,1464,0.9991415704244109,1
108,icu,10037,1445,1172,0.30293915527554655,1
108,icu,10065,10139,1458,0.39865012913177916,1
108,icu,11106,1639,1458,0.10424977375827715,1
108,icu,10456,1164,1178,1.7414346629755684,1
108,icu,10459,1164,1178,0.8444227026574674,1
108,icu,10460,1176,1178,0.697930546852952,2
108,icu,10468,3975,1186,1.0079740172788063,2
108,icu,11102,1639,1454,0.4222566491285358,1
108,icu,11102,1639,1458,0.09400294095718276,2
108,icu,11103,1639,1626,0.5821262533223842,1
108,icu,11230,1293,1324,0.3586953234276209,1
108,icu,11229,1293,1324,1.283067168544878,1
108,icu,11357,1628,1637,0.1410201579145522,1
108,icu,11360,1628,1637,0.2068815125473321,1
108,icu,11361,1628,1637,0.36748711034558035,1
108,icu,11362,1628,1633,0.14864680592479926,1
108,icu,11363,1628,1637,0.06712034535642818,1
108,icu,11365,1628,1633,0.6330176064645514,1
108,icu,11370,1639,1626,0.4995566707027293,1
108,icu,11428,1633,1629,0.06480810895808314,1
108,icu,11429,1633,1629,0.33052401863813596,1
108,icu,11432,1633,1629,0.18417302541639868,1
108,icu,11432,1633,1637,0.9142020064582559,2
108,icu,11433,1633,1637,0.5648189786138209,2
108,icu,11434,1629,1635,1.0085904780533903,2
108,icu,11435,1629,1638,0.9287693503650793,2
109,ward,10002,1437,1438,3.8040113026118823,1
109,ward,10004,1437,1288,0.07115002237120356,1
109,ward,10005,1437,1288,0.3514541228434771,1
109,ward,10006,1437,1288,0.10916341380687408,1
109,ward,10007,1437,1288,0.19441119121501832,1
109,ward,10012,1437,1438,0.9434111557792731,1
109,ward,10013,1437,1438,1.390289875918862,1
109,ward,10025,1469,1456,2.531810100667058,1
109,ward,10027,1469,1445,2.4355771343335917,1
109,ward,10027,1469,1456,0.9056113890077109,2
109,ward,10031,1445,1464,3.006007094821235,1
109,ward,10034,3975,1178,0.5860426105211107,1
109,ward,10037,1445,1172,0.9114196396318774,1
109,ward,10038,1437,1288,0.3119750550005211,1
109,ward,10038,1437,1438,0.9119941427559972,2
109,ward,11104,1639,1626,0.358275176100334,1
109,ward,11105,1639,1454,1.538371809149194,1
109,ward,10128,1454,1456,3.033697514848621,1
109,ward,10280,1437,1438,0.20603784597415975,2
109,ward,10282,1437,1438,0.15341087650518237,1
109,ward,11106,1639,1458,1.9481616562666835,1
109,ward,10456,1164,1178,4.45217584954968,1
109,ward,10453,1178,1176,3.204432666297457,2
109,ward,10453,1178,1464,1.2780011339079298,4
109,ward,10455,1172,1464,0.9065218661970906,4
109,ward,10457,1176,1464,4.3691257038391225,4
109,ward,10458,1176,1186,4.650151312171873,1
109,ward,10459,1164,1464,2.5405214940043424,5
109,ward,10460,1176,3058,2.9968215184173785,3
109,ward,10461,3058,1165,1.726390338863085,1
109,ward,10462,3058,1165,4.32600034333617,1
109,ward,10463,3975,1186,2.9779853714082645,1
109,ward,10463,3975,1169,0.3384230629186753,2
109,ward,10465,3058,1165,1.7844684978985605,1
109,ward,10468,3975,1169,4.307867502623283,3
109,ward,10469,1165,1169,3.0838977992049283,2
109,ward,11102,1639,1458,1.5532133148138074,2
109,ward,10471,1186,1169,0.8599453076647545,1
109,ward,10472,3058,1169,4.005848785038049,6
109,ward,10473,3058,1169,2.8274531284552262,7
109,ward,10474,1172,1464,0.5191781190903907,7
109,ward,11103,1639,1626,1.7513790831718534,1
109,ward,10475,1165,1168,1.8161988189840108,2
109,ward,11201,1288,1306,2.802771951701896,2
109,ward,11203,1320,1301,2.5270262509849504,1
109,ward,11205,1288,1692,1.4010908219973714,1
109,ward,11205,1288,1309,0.8192429982098162,2
109,ward,11205,1288,1306,0.0973314917196304,3
109,ward,11206,1692,1318,0.9084865673834344,1
109,ward,11206,1692,1306,3.9362999455269163,4
109,ward,11207,1286,1301,3.362984467166628,3
109,ward,11208,1286,1629,1.6149784924929236,3
109,ward,11208,1286,1301,3.1682189568220585,4
109,ward,11210,1324,1293,0.5284701746724885,1
109,ward,11210,1324,1301,0.8820857454392739,3
109,ward,11211,1692,1438,3.3255274666569887,3
109,ward,11212,1286,1301,0.0502702086290201,1
109,ward,11212,1286,1306,3.9279777057957803,7
109,ward,11212,1286,1305,0.7747802527962824,10
109,ward,11213,1309,1305,3.368629083829141,9
109,ward,11218,1305,1304,1.684717772796997,4
109,ward,11218,1305,1294,1.5784530492309048,10
109,ward,11214,1294,1740,3.8361669170164103,6
109,ward,11215,1306,1438,0.17098118304182863,13
109,ward,11215,1306,1463,2.0541885090702547,15
109,ward,11216,1309,1463,2.7829139655472357,13
109,ward,11217,1288,1463,1.6889239300854186,12
109,ward,11219,1305,1740,5.571028438777925,13
109,ward,11220,1304,1738,0.43580262196807595,8
109,ward,11220,1304,1740,5.633808321242615,12
109,ward,11221,1692,1463,4.596849080026125,9
109,ward,11223,1294,1740,4.069667390281156,10
109,ward,11224,1294,1740,2.02920549660542,4
109,ward,11225,1301,1463,1.062172730859541,15
109,ward,11225,1301,1626,1.6845392252902107,16
109,ward,11226,1320,1626,0.850700181654674,16
109,ward,11226,1320,1638,2.134639026479128,18
109,ward,11226,1320,1740,2.582514301464917,19
109,ward,11228,1305,1740,1.888478233830731,6
109,ward,11230,1293,1740,4.693276733621807,14
109,ward,11230,1293,10139,0.10450728237648566,21
109,ward,11415,1629,1633,0.7888001134553383,1
109,ward,11229,1293,1635,2.5796483446525613,19
109,ward,11229,1293,1633,0.06886669181222482,22
109,ward,11229,1293,10139,1.2117077046826732,23
109,ward,11231,1306,1466,1.4167979978079643,16
109,ward,11358,1628,1637,1.1251086961232946,1
109,ward,11232,1304,10139,1.4148441746519596,18
109,ward,11232,1304,1466,0.11202146278391911,19
109,ward,11233,1309,1458,3.6868935023367744,19
109,ward,11234,1324,1637,3.8678178344798213,23
109,ward,11235,1294,1458,4.595927115664681,24
109,ward,11236,1286,1637,1.5186071482535062,21
109,ward,11236,1286,1458,0.5521166516605298,24
109,ward,11236,1286,1450,2.5126949785342556,26
109,ward,11237,1318,1450,2.714005443173298,16
109,ward,11238,1288,1466,2.3617491029061144,18
109,ward,11239,1286,1450,0.624880369667676,26
109,ward,11354,1628,1456,3.2066932930245953,17
109,ward,11355,1628,1456,5.184897631246565,15
109,ward,11356,1628,1456,1.1864022003621302,14
109,ward,11357,1628,1169,1.5434202381433588,15
109,ward,11360,1628,1169,0.6224215996142229,13
109,ward,11372,1626,1450,3.865103183669458,9
109,ward,11361,1628,1456,1.1056179561069932,18
109,ward,11362,1628,1169,0.44721725775323096,17
109,ward,11416,1629,1450,1.307778681399101,25
109,ward,11363,1628,1169,0.20193758354241043,14
109,ward,11364,1633,1456,1.3183137183469082,22
109,ward,11373,1626,1450,6.474219254949973,12
109,ward,11365,1628,1456,1.9044902869679534,17
109,ward,11366,1633,1450,0.48080610989738526,19
109,ward,11367,1637,1450,1.7985252096008504,14
109,ward,11374,1638,1450,2.1401014214129774,16
109,ward,11368,1637,1450,7.639713890628395,12
109,ward,11417,1629,1450,1.315882828354509,25
109,ward,11369,1626,1456,2.037743498371427,9
109,ward,11370,1639,1456,1.502961082641979,4
109,ward,11375,1638,1450,2.9267286301432613,18
109,ward,11379,1638,1450,1.4317050437381127,19
109,ward,11377,1626,1450,2.165351149104271,7
109,ward,11377,1626,1456,2.2480658996905327,11
109,ward,11378,1318,1456,1.6291571700650676,16
109,ward,11421,1629,1456,1.9149614449066437,25
109,ward,11422,1635,1456,1.118416255166687,27
109,ward,11385,1318,1466,5.058071934651185,24
109,ward,11411,1633,1456,0.5448580738403803,27
109,ward,11412,1633,1456,1.3774283152620632,27
109,ward,11413,1629,1456,1.508918222884986,27
109,ward,11414,1629,1466,0.8988299537554147,28
109,ward,11420,1629,1456,2.0100132656006005,27
109,ward,11418,1629,1456,1.7495207810335078,24
109,ward,11419,1629,1456,2.155266810877957,25
109,ward,11423,1633,1456,1.323963893655718,22
109,ward,11426,1633,1456,0.5883948437433042,22
109,ward,11427,1633,1456,0.9256059533779589,21
109,ward,11428,1633,1456,0.7448410730013728,22
109,ward,11436,1629,1456,0.7205413699340216,27
109,ward,11691,1635,1456,3.1370377105017524,28
109,ward,11692,1635,1466,0.8578914042587759,29
109,ward,11693,1635,1466,0.4767693150975298,29
109,ward,11429,1633,1456,0.9944111769996957,22
109,ward,11432,1633,1456,3.3045598705168686,22
109,ward,11433,1633,1456,1.6993085937577637,24
109,ward,11434,1629,1456,3.0344349815309815,28
109,ward,11435,1629,1456,2.7942859543558103,24
109,ward,11694,1635,1466,0.6802145874365387,30
109,ward,11697,1294,1466,0.0021707264899621308,29
109,icu,10002,1437,1438,0.29411728001522586,1
109,icu,10004,1437,1288,0.021345006711361067,1
109,icu,10005,1437,1288,0.10543623685304312,1
109,icu,10006,1437,1288,0.032749024142062225,1
109,icu,10007,1437,1288,0.058323357364505495,1
109,icu,10012,1437,1438,0.28302334673378193,1
109,icu,10013,1437,1438,0.4170869627756586,1
109,icu,10030,1445,1172,0.47795994471083664,1
109,icu,10022,10139,1458,0.39559321596333097,1
109,icu,10031,1445,1464,0.9018021284463705,1
109,icu,10034,3975,1178,0.4817997800828767,1
109,icu,10037,1445,1172,0.27342589188956323,1
109,icu,10035,1454,1456,0.4987429351480226,1
109,icu,10038,1437,1288,0.23583768660719895,1
109,icu,10038,1437,1438,0.13135307271975655,2
109,icu,11104,1639,1626,0.34964932981886926,1
109,icu,11105,1639,1456,0.4615115427447582,2
109,icu,10128,1454,1456,0.9794464259826703,1
109,icu,10065,10139,1458,0.359812408569639,1
109,icu,10280,1437,1438,0.06181135379224792,2
109,icu,10282,1437,1438,0.04602326295155471,1
109,icu,11106,1639,1458,0.584448496880005,1
109,icu,10456,1164,1178,0.9524747509082253,1
109,icu,10456,1164,1172,0.6193039960761239,2
109,icu,10452,1178,1464,1.2286610534331406,2
109,icu,10453,1178,1464,1.3923659830410955,4
109,icu,10457,1176,1464,1.3107377111517367,4
109,icu,10458,1176,1186,1.3950453936515619,1
109,icu,10459,1164,1172,0.2410201677127385,2
109,icu,10459,1164,1464,0.5211362804885642,5
109,icu,10460,1176,3058,0.8990464555252136,3
109,icu,10461,3058,1165,0.21240271735338367,1
109,icu,11004,1633,1637,0.13661199805399626,2
109,icu,10462,3058,1165,1.2978001030008508,1
109,icu,10463,3975,1186,0.9949225302980819,1
109,icu,10465,3058,1165,0.5353405493695681,1
109,icu,10468,3975,1186,1.292360250786985,2
109,icu,11102,1639,1458,0.4659639944441422,2
109,icu,10472,3058,1165,1.2017546355114146,2
109,icu,10473,3058,1165,0.8482359385365679,1
109,icu,10474,1172,1464,0.1557534357271172,7
109,icu,11103,1639,1626,0.4038194615647576,1
109,icu,11103,1639,1458,0.1215942633867984,3
109,icu,11201,1288,1306,0.8408315855105687,2
109,icu,11205,1288,1692,0.08242939392817838,1
109,icu,11205,1288,1309,0.612870199649867,2
109,icu,11206,1692,1318,0.17120223545407498,1
109,icu,11206,1692,1309,1.2670141164135367,2
109,icu,11206,1692,1306,0.015219602005493549,4
109,icu,11207,1286,1301,1.2049506110219181,3
109,icu,11208,1286,1301,1.4349592347944946,4
109,icu,11210,1324,1320,0.4161970747215987,2
109,icu,11211,1692,1438,0.9976582399970966,3
109,icu,11212,1286,1301,1.4259084501663248,1
109,icu,11213,1309,1301,1.0105887251487422,1
109,icu,11216,1309,1301,0.8348741896641707,3
109,icu,11217,1288,1306,0.5066771790256256,1
109,icu,11221,1692,1301,1.3790547240078375,3
109,icu,11224,1294,1305,0.5433219210988288,3
109,icu,11225,1301,1320,0.611182127460035,1
109,icu,11225,1301,1306,0.17612402097045554,3
109,icu,11226,1320,1306,1.6703560528796157,2
109,icu,11230,1293,1305,1.4393352047994876,2
109,icu,11415,1629,1638,0.23664003403660147,2
109,icu,11229,1293,1305,1.1580668223442376,5
109,icu,11358,1628,1637,0.5094744719278362,1
109,icu,11232,1304,1305,0.050002430641236606,1
109,icu,11233,1309,1306,1.1060680507010323,7
109,icu,11234,1324,1305,0.7137396850325111,6
109,icu,11234,1324,1306,0.38561000542553137,8
109,icu,11234,1324,1635,0.06099565988590383,14
109,icu,11235,1294,1740,1.3787781346994044,10
109,icu,11236,1286,1638,0.3825968578468313,14
109,icu,11236,1286,1438,0.9924287756876562,18
109,icu,11237,1318,1438,0.8142016329519893,8
109,icu,11238,1288,1438,0.7085247308718343,11
109,icu,11239,1286,1637,0.1874641109003028,17
109,icu,11354,1628,1637,0.9620079879073785,1
109,icu,11355,1628,1637,1.5554692893739694,1
109,icu,11356,1628,1637,0.35592066010863904,1
109,icu,11357,1628,1637,0.4630260714430076,1
109,icu,11360,1628,1637,0.18672647988426688,1
109,icu,11372,1626,1637,1.1595309551008373,3
109,icu,11361,1628,1637,0.331685386832098,1
109,icu,11362,1628,1637,0.13416517732596928,2
109,icu,11416,1629,1637,0.3923336044197303,5
109,icu,11363,1628,1637,0.06058127506272312,1
109,icu,11364,1633,1637,0.3954941155040725,2
109,icu,11373,1626,1637,1.9422657764849918,2
109,icu,11365,1628,1637,0.4546151300646595,2
109,icu,11365,1628,1165,0.1167319560257265,12
109,icu,11366,1633,1635,0.1422715301419264,12
109,icu,11366,1633,1458,0.0019703028272891887,14
109,icu,11367,1637,1458,0.5395575628802551,11
109,icu,11374,1638,1458,0.6420304264238932,11
109,icu,11368,1637,1458,2.2919141671885184,9
109,icu,11417,1629,1463,0.3947648485063527,18
109,icu,11369,1626,1458,0.6113230495114281,7
109,icu,11370,1639,1456,0.45088832479259366,4
109,icu,11375,1638,1458,0.8780185890429784,11
109,icu,11379,1638,1458,0.4295115131214338,11
109,icu,11377,1626,1458,1.324025114638441,3
109,icu,11378,1318,1463,0.48874715101952027,6
109,icu,11421,1629,1463,0.5744884334719931,16
109,icu,11422,1635,1458,0.33552487655000607,19
109,icu,11385,1318,1463,1.5174215803953555,14
109,icu,11411,1633,1458,0.1634574221521141,17
109,icu,11412,1633,1458,0.41322849457861893,15
109,icu,11413,1629,1458,0.45267546686549576,18
109,icu,11414,1629,1463,0.2696489861266244,20
109,icu,11420,1629,1463,0.6030039796801802,18
109,icu,11418,1629,1458,0.5248562343100523,14
109,icu,11419,1629,1458,0.646580043263387,18
109,icu,11423,1633,1458,0.3971891680967154,16
109,icu,11426,1633,1165,0.17651845312299125,9
109,icu,11427,1633,1165,0.27768178601338767,11
109,icu,11428,1633,1165,0.22345232190041184,13
109,icu,11436,1629,1458,0.21616241098020647,18
109,icu,11691,1635,1438,0.9411113131505257,21
109,icu,11692,1635,1438,0.25736742127763274,22
109,icu,11693,1635,1438,0.14303079452925893,21
109,icu,11429,1633,1165,0.2983233530999087,13
109,icu,11432,1633,1458,0.9913679611550605,14
109,icu,11433,1633,1458,0.509792578127329,15
109,icu,11434,1629,1463,0.9103304944592944,20
109,icu,11435,1629,1458,0.8382857863067431,14
109,icu,11694,1635,1740,0.2040643762309616,21
109,icu,11697,1294,1740,0.0006512179469886392,11
110,ward,10002,1437,1438,3.9457835225971536,1
110,ward,10003,1438,1463,0.011575414935317774,1
110,ward,10026,1469,1456,0.017211557406988875,1
110,ward,10004,1437,1288,0.06422072547961659,1
110,ward,10005,1437,1288,0.15474762610477016,1
110,ward,10005,1437,1306,0.1624783984220382,3
110,ward,10006,1437,1463,0.09853199474672854,3
110,ward,10007,1437,1463,0.17547749565062773,3
110,ward,10009,1438,1463,2.6865651065462974,1
110,ward,10010,1438,1463,1.2109017840304868,1
110,ward,10011,1438,1463,2.014643311401568,1
110,ward,10012,1437,1463,0.8515323935334361,2
110,ward,10013,1437,1463,1.2548896189049097,2
110,ward,10014,1438,1463,0.36464725713144364,2
110,ward,10014,1438,1466,0.5612547930243322,3
110,ward,10016,1463,10139,2.536926818421335,2
110,ward,10017,1463,10139,0.22791271864554874,2
110,ward,10017,1463,1458,0.41916755140431594,3
110,ward,10022,10139,1458,1.1902213790571248,1
110,ward,10023,1466,1450,0.460781741525206,1
110,ward,10025,1469,1456,4.7316550654068745,1
110,ward,10027,1469,1445,0.08871460722191604,1
110,ward,10027,1469,1456,2.927075743674605,2
110,ward,10031,1445,1464,2.7132522238591217,1
110,ward,10034,3975,1178,1.231784035142679,1
110,ward,10037,1445,1172,0.8226565294408038,1
110,ward,10035,1454,1456,0.301485974058046,1
110,ward,10036,1466,1450,1.4516505040046177,4
110,ward,10038,1437,1306,1.104766902735947,4
110,ward,11104,1639,1626,0.8847087388592785,1
110,ward,11105,1639,1456,1.3885498605399849,2
110,ward,10128,1454,1456,2.9468606356326505,1
110,ward,10065,10139,1458,1.0825676575033027,1
110,ward,10069,1466,1450,0.21771056397271796,1
110,ward,10280,1437,1306,0.18597183112163526,4
110,ward,10282,1437,1306,0.13847019940803457,4
110,ward,11106,1639,1458,1.7584302962588296,1
110,ward,10303,1738,1740,0.7362773842985947,1
110,ward,10451,1172,1464,0.08093813788414161,2
110,ward,10310,1738,1740,0.8988852708682991,1
110,ward,10314,1738,1740,1.5512390407076337,1
110,ward,10314,1738,1737,1.200927703459006,2
110,ward,10314,1738,1304,0.4226814675902233,3
110,ward,10456,1164,1178,2.5790398187494095,1
110,ward,10456,1164,1176,0.9872838722338457,3
110,ward,10456,1164,1464,0.9977317481934218,4
110,ward,10452,1178,1464,3.696672729459865,2
110,ward,10453,1178,1464,4.189211780216717,4
110,ward,10454,1172,1456,1.8133408478766884,3
110,ward,10455,1172,1464,2.109401578759802,4
110,ward,10457,1176,1464,3.943616784100281,4
110,ward,10458,1176,1186,2.5891735225929864,1
110,ward,10458,1176,1169,1.6080998008028367,2
110,ward,10459,1164,1464,2.2931002409291072,5
110,ward,10460,1176,3058,1.15087934934499,3
110,ward,10460,1176,1165,1.5540818809073205,4
110,ward,10461,3058,1165,1.8232737779868682,1
110,ward,10461,3058,1169,0.4648384832946286,3
110,ward,11004,1633,1628,0.10548679095451519,1
110,ward,11004,1633,1637,0.03135133135117335,2
110,ward,11101,1458,1450,0.4247617608151848,5
110,ward,11101,1458,1626,0.3074787620895172,7
110,ward,10462,3058,1169,3.904691400161252,5
110,ward,10463,3975,1169,2.9934235934322824,2
110,ward,10464,1165,1168,0.10088786412102564,2
110,ward,10465,3058,1169,1.6106792058711854,6
110,ward,10468,3975,1169,3.8883245158402264,3
110,ward,10469,1165,1169,2.821343636608299,2
110,ward,11102,1639,1456,1.4019459527578992,5
110,ward,11109,1463,1456,0.24179602997387523,8
110,ward,10471,1186,1169,0.7761952799241042,1
110,ward,10472,3058,1169,3.6157193850848883,6
110,ward,10473,3058,1169,2.5520876187735,7
110,ward,10474,1172,1464,0.4686153897067799,7
110,ward,11103,1639,1626,0.21674920253171082,1
110,ward,11103,1639,1456,1.3640631649517314,6
110,ward,10475,1165,1168,1.6393193126750523,2
110,ward,11201,1288,1306,2.3668842729318524,2
110,ward,11201,1288,1692,0.1629258675786045,3
110,ward,11203,1320,1301,3.2397764623444214,1
110,ward,11204,1305,1293,0.10636172992049353,1
110,ward,11204,1305,1324,0.36437811457712854,2
110,ward,11204,1305,1294,0.346062737214921,3
110,ward,11205,1288,1692,0.13209476620115224,1
110,ward,11205,1288,1309,0.16946780291342378,2
110,ward,11205,1288,1318,0.18985901457885745,5
110,ward,11205,1288,1301,0.42338578564238283,6
110,ward,11205,1288,1286,0.31764078546050456,10
110,ward,11205,1288,1304,0.8594998557656934,12
110,ward,11206,1692,1638,0.5937621118830165,16
110,ward,11206,1692,1304,0.36855172898880273,19
110,ward,11206,1692,1456,3.410639171422524,23
110,ward,11207,1286,1629,0.333043465364284,8
110,ward,11207,1286,1637,2.012133875187446,15
110,ward,11207,1286,1294,0.41934493268000583,21
110,ward,11207,1286,1456,1.6632215486779178,28
110,ward,11209,1304,1456,2.9176248407869503,27
110,ward,11208,1286,1635,0.8134561427517966,22
110,ward,11208,1286,1456,3.0926187091578035,29
110,ward,11208,1286,1464,0.4112872524146898,35
110,ward,11210,1324,1464,2.5903590192447234,35
110,ward,11211,1692,1464,3.001654523689092,32
110,ward,11212,1286,1464,4.290131007007678,35
110,ward,11213,1309,1464,3.0405584766590437,35
110,ward,11218,1305,1464,3.454361767445416,35
110,ward,11214,1294,1464,4.556262576160202,36
110,ward,11215,1306,1464,2.0084605342377175,34
110,ward,11216,1309,1464,2.5118861225704063,34
110,ward,11217,1288,1464,1.5244397184317577,34
110,ward,11219,1305,1464,5.028466275657785,36
110,ward,11220,1304,1464,0.5473514058718427,36
110,ward,11220,1304,1169,4.931140450650349,44
110,ward,11221,1692,1169,4.149162192801599,42
110,ward,11222,1463,1169,1.4108712480570598,41
110,ward,11223,1294,1169,3.6733226997602793,43
110,ward,11224,1294,1169,1.8315812813007455,43
110,ward,11225,1301,1169,2.4792098249411976,42
110,ward,11226,1320,1169,5.025600552662349,43
110,ward,11228,1305,1169,1.7045594391571097,44
110,ward,11230,1293,1169,4.330528086054721,43
110,ward,11415,1629,1169,0.7119789123918555,39
110,ward,11229,1293,1169,3.4842758538574787,43
110,ward,11231,1306,1169,1.278816116214196,44
110,ward,11358,1628,1169,1.5328559340829495,22
110,ward,11232,1304,1169,0.0629446299655736,44
110,ward,11232,1304,1168,1.3152196443118098,45
110,ward,11233,1309,1168,3.327827140388668,44
110,ward,11234,1324,1168,3.4911312614544707,45
110,ward,11235,1294,1168,4.148330018500243,45
110,ward,11236,1286,1168,4.137039867579569,44
110,ward,11237,1318,1168,2.4496885975226315,44
110,ward,11238,1288,1168,0.5145244615850055,44
110,icu,10002,1437,1438,1.2292511500614072,1
110,icu,10003,1438,1463,0.5078351416283998,1
110,icu,10004,1437,1463,0.019266217643884975,4
110,icu,10005,1437,1463,0.0951678073580425,4
110,icu,10006,1437,1463,0.02955959842401856,3
110,icu,10007,1437,1463,0.05264324869518832,3
110,icu,10009,1438,1463,0.8059695319638892,1
110,icu,10010,1438,1463,0.36327053520914604,1
110,icu,10011,1438,1463,0.6043929934204704,1
110,icu,10012,1437,1463,0.2554597180600308,2
110,icu,10013,1437,1463,0.3764668856714729,2
110,icu,10014,1438,1463,0.2777706150467327,2
110,icu,10030,1445,1469,0.4314114511361064,2
110,icu,10022,10139,1458,0.35706641371713743,1
110,icu,10023,1466,1450,0.3149129407555822,1
110,icu,10025,1469,1456,0.8755401894055246,1
110,icu,10027,1469,1456,0.9047371052689563,2
110,icu,10031,1445,1464,0.8139756671577365,1
110,icu,10034,3975,1464,0.43487732514564864,3
110,icu,10037,1445,1456,0.24679695883224112,3
110,icu,10035,1454,1456,0.45017038724084335,1
110,icu,10036,1466,1463,0.4354951512013853,1
110,icu,10038,1437,1463,0.3314300708207841,3
110,icu,11104,1639,1458,0.31559700019880227,2
110,icu,11105,1639,1456,0.41656495816199546,2
110,icu,10128,1454,1456,0.8840581906897952,1
110,icu,10065,10139,1458,0.3247702972509908,1
110,icu,10069,1466,1450,0.06531316919181539,1
110,icu,10280,1437,1463,0.055791549336490574,3
110,icu,10282,1437,1463,0.04154105982241037,3
110,icu,11106,1639,1458,0.5275290888776488,1
110,icu,10451,1172,1464,0.7017719412423722,2
110,icu,10314,1738,1740,0.5008463471907656,1
110,icu,10456,1164,1464,1.4187032984775452,4
110,icu,10452,1178,1464,1.1090018188379593,2
110,icu,10453,1178,1464,1.2567635340650152,4
110,icu,10454,1172,1456,0.5440022543630065,3
110,icu,10455,1172,1464,0.6328204736279406,4
110,icu,10457,1176,1464,1.1830850352300843,4
110,icu,10458,1176,1186,1.2591819970187468,1
110,icu,10459,1164,1464,0.6879300722787322,5
110,icu,10460,1176,1165,0.6798697981124402,4
110,icu,10460,1176,1169,0.1316185709632529,5
110,icu,10461,3058,1169,0.686433678384449,3
110,icu,11004,1633,1169,0.1233073628350456,18
110,icu,10462,3058,1169,1.1714074200483755,5
110,icu,10463,3975,1186,0.8980270780296847,1
110,icu,10464,1165,1168,0.030266359236307692,2
110,icu,10465,3058,1169,0.4832037617613556,6
110,icu,10466,1168,1169,0.24909079004345136,1
110,icu,10468,3975,1186,1.1664973547520678,2
110,icu,10469,1165,1169,0.8464030909824897,2
110,icu,10470,1168,1169,0.16892721887875065,1
110,icu,11102,1639,1458,0.42058378582736977,2
110,icu,10472,3058,1169,1.0847158155254664,6
110,icu,10473,3058,1169,0.76562628563205,7
110,icu,10474,1172,1464,0.14058461691203397,7
110,icu,11103,1639,1458,0.47424371024503265,3
110,icu,10475,1165,1169,0.49179579380251565,3
110,icu,11201,1288,1463,0.758943042153137,6
110,icu,11203,1320,1463,1.0610551351001953,15
110,icu,11204,1305,1740,1.1818639223598841,11
110,icu,11205,1288,1463,0.6275844031686043,9
110,icu,11206,1692,1463,1.3118859036883028,7
110,icu,11207,1286,1463,1.328323146572896,18
110,icu,11209,1304,1740,0.8752874522360851,2
110,icu,11208,1286,1463,1.2952086312972868,18
110,icu,11210,1324,1740,0.777107705773417,15
110,icu,11211,1692,1463,0.9004963571067275,4
110,icu,11212,1286,1463,1.2870393021023032,18
110,icu,11213,1309,1463,0.9121675429977131,14
110,icu,11218,1305,1463,1.0363085302336248,15
110,icu,11214,1294,1740,1.3668787728480605,6
110,icu,11215,1306,1463,0.6025381602713152,15
110,icu,11216,1309,1463,0.7535658367711219,13
110,icu,11217,1288,1463,0.4480335518404902,12
110,icu,11217,1288,1458,0.009298363689037081,16
110,icu,11219,1305,1740,1.5085398826973355,13
110,icu,11220,1304,1740,0.9415650406990927,12
110,icu,11220,1304,1458,0.7019825162575648,20
110,icu,11221,1692,1458,0.49294849386139394,16
110,icu,11221,1692,1450,0.7518001639790857,21
110,icu,11222,1463,1450,0.4232613744171179,8
110,icu,11223,1294,1450,1.1019968099280837,26
110,icu,11224,1294,1737,0.5341147441323546,18
110,icu,11224,1294,1450,0.015359640257869067,27
110,icu,11225,1301,1450,0.7437629474823593,22
110,icu,11226,1320,1450,1.5076801657987045,25
110,icu,11228,1305,1450,0.3780304912866592,22
110,icu,11228,1305,1456,0.13333734046047363,28
110,icu,11230,1293,1456,1.2991584258164162,30
110,icu,11415,1629,1456,0.21359367371755664,22
110,icu,11229,1293,1456,1.0452827561572435,31
110,icu,11231,1306,1456,0.38364483486425877,25
110,icu,11358,1628,1456,0.45985678022488485,18
110,icu,11232,1304,1456,0.41344928228321504,26
110,icu,11233,1309,1456,0.9983481421166003,28
110,icu,11234,1324,1456,1.0473393784363412,31
110,icu,11235,1294,1456,0.7105646565558204,32
110,icu,11235,1294,1464,0.5339343489942525,36
110,icu,11236,1286,1464,0.013969703854187165,35
110,icu,11236,1286,1169,1.2271422564196834,42
110,icu,11237,1318,1169,0.7349065792567894,42
110,icu,11238,1288,1186,0.2733191695500383,42
110,icu,11238,1288,1169,0.36620237549525514,43
110,icu,11239,1286,1169,0.16920699111798596,42
110,icu,11354,1628,1169,0.8683180811704501,25
110,icu,11355,1628,1169,1.403982218075727,31
110,icu,11356,1628,1169,0.32125756596545924,22
110,icu,11357,1628,1169,0.4179319869909371,15
110,icu,11360,1628,1169,0.1685411979473395,13
110,icu,11372,1626,1169,0.21412628239268452,34
111,ward,10002,1437,1438,1.165532019167207,1
111,ward,10002,1437,1288,0.11853758408891935,2
111,ward,10002,1437,1463,2.3059439526598036,3
111,ward,10003,1438,1463,0.6330310097568193,1
111,ward,10003,1438,1466,1.3118906676120123,3
111,ward,10026,1469,1456,0.9863454379266277,1
111,ward,10004,1437,1306,0.057968248459089,2
111,ward,10005,1437,1306,0.28634115965095563,3
111,ward,10006,1437,1306,0.08893900076636307,4
111,ward,10007,1437,1306,0.15839315097869597,4
111,ward,10009,1438,1692,0.16354595404857264,4
111,ward,10009,1438,10139,1.0077256222570057,5
111,ward,10009,1438,1458,1.2537317607748246,6
111,ward,10010,1438,1466,0.18123062007582957,2
111,ward,10010,1438,1458,0.2757616350363339,4
111,ward,10010,1438,1450,0.6360171270149919,6
111,ward,10011,1438,1450,1.8184992953534158,6
111,ward,10012,1437,1450,0.16356442246583125,8
111,ward,10012,1437,1306,0.31469506899166966,9
111,ward,10012,1437,1318,0.1163214012276228,10
111,ward,10012,1437,1309,0.11734781471353273,11
111,ward,10012,1437,1639,0.05669919256139988,12
111,ward,10013,1437,1304,0.4501721875930116,12
111,ward,10013,1437,1639,0.05678075363037027,13
111,ward,10013,1437,1301,0.6257616563483929,14
111,ward,10014,1438,1454,0.30438467014298,10
111,ward,10014,1438,1456,0.5313723178288466,11
111,ward,10016,1463,1456,2.289933709631648,9
111,ward,10017,1463,1456,0.584081067086832,8
111,ward,10018,1466,1456,0.3785240109820869,7
111,ward,10030,1445,1172,0.7891607243511578,1
111,ward,10019,1466,1456,0.3733381936705217,6
111,ward,10019,1466,1172,0.2242393504863338,12
111,ward,10019,1466,1626,0.4388193461887937,15
111,ward,10019,1466,1464,0.8822374980828693,17
111,ward,10021,1450,1464,1.5221462451093526,16
111,ward,10022,10139,1464,1.074342404375387,18
111,ward,10023,1466,1464,0.9065729253115693,13
111,ward,10023,1466,1178,1.1312271457321401,17
111,ward,10023,1466,1164,0.09743549444560173,18
111,ward,10023,1466,1176,0.3118760238758682,21
111,ward,10023,1466,1638,0.17242458604300026,23
111,ward,10023,1466,3975,0.119440616902736,24
111,ward,10023,1466,1301,0.1394370064247461,25
111,ward,10024,1456,1186,0.8075997578873881,23
111,ward,10024,1456,1169,1.0703596172917673,24
111,ward,10025,1469,1169,3.4970836583766425,22
111,ward,10025,1469,3058,0.3748803338565949,23
111,ward,10025,1469,1165,0.3990210271009018,24
111,ward,10027,1469,1165,0.5997677194261102,21
111,ward,10027,1469,1168,1.6217986002346905,22
111,ward,10027,1469,1637,0.5006091627195715,27
111,ward,10028,1450,1637,0.001981591720677134,24
111,ward,10028,1450,1628,0.17561329322730757,25
111,ward,10028,1450,1301,0.06637333996919492,31
111,ward,10028,1450,1320,0.13319869544978502,32
111,ward,10028,1450,1286,0.2312504414928327,33
111,ward,10028,1450,1629,0.23869260867043351,34
111,ward,10028,1450,1633,0.16967766793685968,35
111,ward,10028,1450,1305,0.6028295364345402,38
111,ward,10029,1456,1305,0.2115700373577889,38
111,ward,10029,1456,1324,0.12624646173122045,39
111,ward,10029,1456,1293,0.09685229253741312,40
111,ward,10029,1456,1738,0.8382727078892032,41
111,ward,10029,1456,1294,0.2912677906434311,42
111,ward,10029,1456,1740,2.1083386572566036,43
111,ward,10031,1445,1740,0.9843075987017817,43
111,ward,10031,1445,1635,0.22460973497521053,44
111,ward,10031,1445,1737,0.42654467687455977,45
112,ward,10002,1437,1438,0.08459647158319172,1
112,ward,10002,1437,1288,0.5537677476456295,2
112,ward,10002,1437,1463,0.9231961155778237,3
112,ward,10002,1437,1692,0.7655100714855223,4
112,ward,10002,1437,1306,0.3567985863326584,5
112,ward,10002,1437,1309,0.13738873089137815,6
112,ward,10003,1438,1466,0.7853977863214539,3
112,ward,10003,1438,10139,0.36319302058958414,4
112,ward,10003,1438,1458,0.4055585919811051,5
112,ward,10003,1438,1450,0.20147557648657388,7
112,ward,10026,1469,1456,0.6455900420328977,1
112,ward,10004,1437,1304,0.05232627409007787,6
112,ward,10005,1437,1304,0.2584719463059333,6
112,ward,10006,1437,1304,0.08028268328105177,6
112,ward,10007,1437,1309,0.14297695121755594,8
112,ward,10009,1438,1450,0.6611250582077859,8
112,ward,10009,1438,1318,0.5486309880018183,9
112,ward,10009,1438,1309,0.2777079433467534,10
112,ward,10009,1438,1639,0.5389702704609434,12
112,ward,10009,1438,1454,0.1625466503680807,13
112,ward,10010,1438,1454,0.16830765309987805,10
112,ward,10010,1438,1456,0.8183205447932519,11
112,ward,10011,1438,1456,0.05587172684159747,8
112,ward,10011,1438,1445,0.41783668183091294,16
112,ward,10011,1438,1626,1.0632530598966667,17
112,ward,10011,1438,1172,0.10454565111604142,18
112,ward,10012,1437,1301,0.31003816788694394,15
112,ward,10012,1437,1304,0.3032322176102597,16
112,ward,10012,1437,1320,0.08054795878096893,17
112,ward,10013,1437,1320,0.5310717216613976,16
112,ward,10013,1437,1305,0.4913972346018429,18
112,ward,10014,1438,1305,0.5366689956709276,20
112,ward,10014,1438,1172,0.21774484962880636,22
112,ward,10016,1463,1172,0.3094304586639052,18
112,ward,10016,1463,1638,0.47166382667182205,21
112,ward,10016,1463,1464,1.2859631490951193,22
112,ward,10017,1463,1464,0.20651222391103885,19
112,ward,10017,1463,1178,0.32072099116152575,23
112,ward,10018,1466,1178,0.3416827603874025,22
112,ward,10030,1445,1178,0.05822043149985584,6
112,ward,10030,1445,1164,0.4583205124193448,7
112,ward,10030,1445,1176,0.6551552475702114,10
112,ward,10019,1466,1176,0.08712916248681313,23
112,ward,10019,1466,3975,0.5521730426188327,26
112,ward,10019,1466,1637,0.7981193396222039,28
112,ward,10019,1466,1286,0.2944746494173498,29
112,ward,10021,1450,1628,0.8660567065001246,25
112,ward,10021,1450,3058,0.507941020600194,29
112,ward,10022,10139,1286,0.8086913530122177,27
112,ward,10022,10139,1629,0.1610866998405326,32
112,ward,10023,1466,3058,0.44421646743116683,29
112,ward,10023,1466,1186,0.21090880541709822,30
112,ward,10023,1466,1169,1.3213857663745614,31
112,ward,10023,1466,1165,0.47944875803663933,32
112,ward,10023,1466,1629,0.14230172315893963,36
112,ward,10024,1456,1168,0.5859648942724576,31
112,ward,10024,1456,1633,0.8008619392781711,36
112,ward,10024,1456,1629,0.3083531935810755,37
112,ward,10025,1469,1629,0.5258465397006492,36
112,ward,10025,1469,1324,0.45699111386014835,39
112,ward,10025,1469,1293,0.4675899527058789,40
112,ward,10025,1469,1738,0.6332092000048632,41
112,ward,10025,1469,1294,0.9550165360490155,42
112,ward,10025,1469,1740,0.816642249610581,43
112,ward,10027,1469,1740,0.19232556126685552,43
112,ward,10027,1469,1635,0.428882789468652,44
112,ward,10027,1469,1737,0.26390475676327085,45
113,ward,10002,1437,1438,1.321672794443638,1
113,ward,10003,1438,1463,1.0395153840529394,1
113,ward,10004,1437,1288,0.04723480695811918,1
113,ward,10005,1437,1288,0.23332202990094333,1
113,ward,10006,1437,1288,0.07247099306807647,1
113,ward,10007,1437,1288,0.12906496416304708,1
113,ward,10009,1438,1463,0.3875068211494801,1
113,ward,10009,1438,1288,1.393271399242621,3
113,ward,10009,1438,1692,0.19520979968111707,4
113,ward,10010,1438,1466,0.8906269990997873,2
113,ward,10011,1438,1466,0.9059738880160138,2
113,ward,10011,1438,10139,0.5698712820486875,4
113,ward,10011,1438,1458,0.005939521603456344,5
113,ward,10012,1437,1692,0.6263082194532874,5
113,ward,10013,1437,1692,0.9229803690326521,5
113,ward,10014,1438,1458,0.6810076384938398,6
113,ward,10016,1463,1458,0.3887885989107299,4
113,ward,10016,1463,1450,1.1686758162467754,5
113,ward,10016,1463,1454,0.3084635643238416,7
113,ward,10017,1463,1454,0.47593220746025533,6
113,ward,10018,1466,1456,0.308436239890365,7
113,ward,10019,1466,1456,1.3139605162125505,6
113,ward,10019,1466,1454,0.2494181845358343,7
113,ward,10021,1450,1454,0.09212951592506691,3
113,ward,10021,1450,1639,1.1481750639262347,6
113,ward,10022,10139,1639,0.6250977801950026,8
113,ward,10022,10139,1469,0.25031863183281955,9
113,ward,10023,1466,1469,0.7798037912369898,6
113,ward,10023,1466,1445,0.1329123987770311,10
113,ward,10023,1466,1172,1.4327284929458233,11
113,ward,10024,1456,1172,0.23112878029343564,9
113,ward,10024,1456,1464,1.2991063211583698,12
113,ward,10025,1469,1464,0.8418009482292983,10
113,ward,10025,1469,1178,2.0786209502606994,13
113,ward,10025,1469,1164,0.5597445421373068,14
113,ward,10027,1469,1164,0.9739302740673024,8
113,ward,10027,1469,1176,1.2442052886642156,13
113,ward,10028,1450,1626,1.3197277239888359,12
113,ward,10029,1456,1626,2.317321028588848,15
113,ward,10029,1456,1176,0.6752153676599226,16
113,ward,10031,1445,1176,0.5896629155426578,9
113,ward,10031,1445,3975,1.405953671868063,10
113,ward,10032,1464,3975,0.45535027752370527,6
113,ward,10032,1464,1186,0.325355515358531,10
113,ward,10032,1464,1169,1.274557770461964,11
113,ward,10033,1464,1169,0.05765973071496355,9
113,ward,10033,1464,1165,1.2669424584047988,11
113,ward,10033,1464,3058,0.49409445557368903,13
113,ward,10034,3975,1168,0.9227331014430504,9
113,ward,10034,3975,3058,0.14345159985132572,11
113,ward,10037,1445,3058,0.6050698130669054,18
113,ward,10035,1454,3058,1.103678559674738,18
113,ward,10036,1466,1692,0.8392401694531018,13
113,ward,10036,1466,1318,0.22845925024713032,15
113,ward,10038,1437,1306,0.8125640281191547,4
113,ward,10040,1464,3058,0.871051553006424,12
113,ward,10040,1464,1628,0.58665921887777,23
113,ward,11104,1639,1318,0.7737462358463186,4
113,ward,11105,1639,1638,1.0212884411457925,14
113,ward,10039,1464,1628,0.8861522811267949,23
113,ward,10128,1454,1318,0.8250555776610852,16
113,ward,10128,1454,1638,0.6899935519116407,20
113,ward,10128,1454,1637,0.6523881302378691,23
113,ward,10044,1458,1309,0.26402106100377376,19
113,ward,10065,10139,1309,0.7962363230776925,20
113,ward,10069,1466,1309,0.1601276906356117,20
113,ward,10075,1450,1309,0.6114957662657983,22
113,ward,10075,1450,1637,0.19935023078431635,23
113,ward,10280,1437,1306,0.1367836236211081,4
113,ward,10282,1437,1306,0.10184583076014529,4
113,ward,11106,1639,1637,1.2933381703926219,19
113,ward,10303,1738,1740,0.6196986722304528,1
113,ward,10304,1740,1304,0.5425989933168774,2
113,ward,10451,1172,1628,1.191412297495762,23
113,ward,10451,1172,1637,0.5291154566235878,24
113,ward,10305,1740,1304,1.1293242894728996,2
113,ward,10306,1740,1737,0.6655040698404555,2
113,ward,10306,1740,1304,0.6822730106166686,3
113,ward,10306,1740,1305,0.12104595378785898,4
113,ward,10307,1737,1294,0.1285143499457909,4
113,ward,10308,1737,1294,0.3402579551415076,4
113,ward,10309,1737,1305,0.5341830148532725,4
113,ward,10310,1738,1305,0.6611366023953903,3
113,ward,10312,1737,1305,1.0271838061422909,4
113,ward,10314,1738,1305,1.1490773581092573,4
113,ward,10314,1738,1294,1.186046408925469,5
113,ward,10456,1164,1637,0.3305182639609321,23
113,ward,10456,1164,1633,2.6639810200704446,28
113,ward,10456,1164,1629,0.4837224236790201,30
113,ward,10452,1178,1629,2.7189294648937175,31
113,ward,10453,1178,1629,0.5174244591616253,30
113,ward,10453,1178,1306,0.20659128680354488,33
113,ward,10453,1178,1286,2.3571797445470124,34
113,ward,10454,1172,1286,1.2442923904332504,34
113,ward,10454,1172,1301,0.08943288686704132,35
113,ward,10455,1172,1301,1.0353607803040632,35
113,ward,10455,1172,1320,0.5161193007095894,36
113,ward,10457,1176,1320,1.6177956230526158,36
113,ward,10457,1176,1324,1.2827629757894177,39
113,ward,10458,1176,1324,0.3404765384344439,39
113,ward,10458,1176,1293,1.4944631630146858,40
113,ward,10458,1176,1635,1.2521851122372425,42
113,ward,10459,1164,1294,1.5683021429689694,41
113,ward,10459,1164,1635,0.11828962949989608,43
113,ward,10460,1176,1635,0.1359878293872705,41
114,ward,10013,1437,1438,0.8200729944024822,1
114,ward,10014,1438,1463,0.0712054207876942,2
114,ward,10027,1469,1445,0.7933787306235685,1
114,ward,10031,1445,1464,0.6372296020780379,1
114,ward,10037,1445,1172,0.5462102326193002,1
114,ward,10036,1466,1463,0.346090480878384,1
114,ward,10038,1437,1288,0.7335199628740406,1
114,ward,10040,1464,3975,0.06996027861672927,1
114,ward,10039,1464,1172,0.7999497465540711,2
114,ward,10128,1454,1456,0.029491171797059623,1
114,ward,10065,10139,1458,0.08348703945162561,1
114,ward,10069,1466,1450,0.14455089522239573,1
114,ward,10075,1450,1458,0.24127886109401753,1
114,ward,10280,1437,1288,0.1234776768946742,1
114,ward,10282,1437,1288,0.09193853950313277,2
114,ward,10306,1740,1738,0.05999481287821551,1
114,ward,10312,1737,1738,0.19883716723214429,2
114,ward,10314,1738,1304,0.8196170245076484,3
114,ward,10455,1172,1164,0.3242632692032714,2
114,ward,10455,1172,1178,0.2660133167520078,3
114,ward,10455,1172,1176,0.7195247377894967,5
114,ward,10458,1176,1186,0.17911723933104007,1
114,ward,10459,1164,3058,1.522524615307741,6
114,ward,10460,1176,3058,1.7959834389287714,3
114,ward,10465,3058,1165,0.9146198732168869,1
114,ward,10468,3975,1186,0.9507269623799548,2
114,ward,10468,3975,1169,0.10354661119305142,3
114,ward,10468,3975,1168,0.23734930322073877,6
114,ward,10468,3975,1165,0.07317636496681268,8
114,ward,10470,1168,1165,0.3738691755201639,4
114,ward,10471,1186,1165,0.23422200512580332,7
114,ward,10471,1186,1456,0.040055131658258025,13
114,ward,10471,1186,1639,0.21867193352595704,15
114,ward,10471,1186,1458,0.02241279607367913,17
114,ward,10472,3058,1628,2.4006895414247627,16
114,ward,10473,3058,1628,1.6944816238955245,11
114,ward,10474,1172,1626,0.3111414203382223,13
114,ward,11103,1639,1626,1.0495946486409427,1
114,ward,10475,1165,1628,1.0884408633116953,12
114,ward,11212,1286,1301,0.7219837015615895,1
114,ward,11217,1288,1306,0.7438790020173882,1
114,ward,11220,1304,1305,0.5710462297399186,1
114,ward,11221,1692,1318,1.7658130162494725,1
114,ward,11226,1320,1301,0.6696471223803719,1
114,ward,11228,1305,1294,0.7876100139377158,2
114,ward,11228,1305,1293,0.2963673918557077,3
114,ward,11229,1293,1324,2.1944482264605076,1
114,ward,11229,1293,1301,0.0724692331387029,4
114,ward,11358,1628,1637,0.7077837801932734,1
114,ward,11232,1304,1306,0.9150446169221415,2
114,ward,11233,1309,1318,1.838225030993763,2
114,ward,11234,1324,1301,0.7307265165602292,5
114,ward,11234,1324,1306,0.3422856754464506,8
114,ward,11234,1324,1318,0.5039043296386407,11
114,ward,11234,1324,1629,0.7410516098660849,13
114,ward,11235,1294,1635,2.7543211818021422,16
114,ward,11236,1286,1629,2.7468249841303387,12
114,ward,11237,1318,1626,1.62649286890996,4
114,ward,11238,1288,1463,0.45733940990849786,13
114,ward,11238,1288,1458,0.9580476091904196,16
114,ward,11239,1286,1629,0.37448836653692613,8
114,ward,11354,1628,1637,1.9217587742888194,1
114,ward,11355,1628,1637,3.107288912947178,1
114,ward,11356,1628,1637,0.7110062079653959,1
114,ward,11357,1628,1637,0.9249657245109625,1
114,ward,11360,1628,1637,0.37301483524085227,1
114,ward,11361,1628,1637,0.25419525072350374,1
114,ward,11361,1628,1633,0.40839727497321193,2
114,ward,11362,1628,1633,0.2680155570132551,1
114,ward,11363,1628,1633,0.12102040562328646,2
114,ward,11373,1626,1638,0.4871293523676159,1
114,ward,11365,1628,1633,1.1413535954591914,1
114,ward,11367,1637,1638,1.0778491381912034,1
114,ward,11368,1637,1638,1.4132824060516218,1
114,ward,11368,1637,1633,2.691554264451999,4
114,ward,11368,1637,1629,0.473614045162837,5
114,ward,11369,1626,1458,1.2212117249453605,7
114,ward,11370,1639,1458,0.010846056834388662,5
114,ward,11370,1639,1629,0.8898726537029502,25
114,ward,11375,1638,1629,0.937505801873596,1
114,ward,11375,1638,1635,0.8164712426959015,35
114,ward,11379,1638,1635,0.18121996241440375,38
115,ward,11362,1628,1633,0.12418965129349832,1
115,ward,11363,1628,1637,0.10925085669040377,1
115,ward,11365,1628,1633,1.0303539923567724,1
117,ward,11362,1628,1633,0.1942800553642377,1
117,ward,11363,1628,1637,0.08904033349099505,1
117,ward,11365,1628,1633,0.839746852999127,1
118,ward,11355,1628,1637,0.5266185108787271,1
118,ward,11356,1628,1637,0.4722771215393767,1
118,ward,11357,1628,1637,0.6143970966789113,1
118,ward,11360,1628,1637,0.24777051269798256,1
118,ward,11361,1628,1637,0.44011892903863403,1
118,ward,11362,1628,1633,0.17802603461959257,1
118,ward,11363,1628,1637,0.08038631473956866,1
118,ward,11365,1628,1633,0.7581300763386857,1
119,ward,11229,1293,1324,0.6961327932215435,1
119,ward,11354,1628,1637,0.4343624229566344,1
119,ward,11355,1628,1637,1.8634087507541037,1
119,ward,11356,1628,1637,0.42638300682075436,1
119,ward,11357,1628,1637,0.554692297204691,1
119,ward,11360,1628,1637,0.2236931059911133,1
119,ward,11361,1628,1637,0.397349826539452,1
119,ward,11362,1628,1633,0.16072613402499686,1
119,ward,11363,1628,1637,0.07257467495816237,1
119,ward,11365,1628,1633,0.6844578463951385,1
120,ward,11230,1293,1324,1.2393346173168536,1
120,ward,11229,1293,1324,1.2525374070773476,1
120,ward,11358,1628,1637,0.21172224942511997,1
120,ward,11236,1286,1320,0.1553996628592591,1
120,ward,11239,1286,1301,0.20275670354825956,1
120,ward,11354,1628,1637,1.0404848558929098,1
120,ward,11355,1628,1637,1.6823584208699356,1
120,ward,11356,1628,1637,0.3849552824899223,1
120,ward,11357,1628,1637,0.5007979364786965,1
120,ward,11360,1628,1637,0.20195889946443718,1
120,ward,11361,1628,1637,0.3587429899313963,1
120,ward,11362,1628,1633,0.14510985038650026,1
120,ward,11363,1628,1637,0.06552325972943487,1
120,ward,11365,1628,1633,0.617955357968218,1
120,ward,11433,1633,1629,0.31212452691486026,1
120,ward,11435,1629,1638,0.09177449078634592,2
120,icu,10030,1445,1172,0.15508501710369957,1
120,icu,10022,10139,1458,0.1283592513194751,1
120,icu,10031,1445,1464,0.29261029101271285,1
120,icu,10037,1445,1172,0.08871927363273419,1
120,icu,10065,10139,1458,0.11674935139367261,1
120,icu,10456,1164,1178,0.5099995021691042,1
120,icu,10459,1164,1178,0.24729906159082798,1
121,ward,10002,1437,1438,1.0713328041805108,1
121,ward,10004,1437,1288,0.020843543880982956,1
121,ward,10005,1437,1288,0.10295920067911668,1
121,ward,10006,1437,1288,0.03197964427910539,1
121,ward,10007,1437,1288,0.05695315419443143,1
121,ward,10012,1437,1438,0.276374218418415,1
121,ward,10013,1437,1438,0.4072882491141647,1
121,ward,10038,1437,1288,0.3585642678973333,1
121,ward,10280,1437,1288,0.060359206372417616,1
121,ward,10282,1437,1438,0.044942028543198266,1
121,ward,11106,1639,1458,0.09887560966912673,1
121,ward,11102,1639,1454,0.4550170021724611,1
121,ward,11103,1639,1626,0.5130700673834617,1
121,ward,11207,1286,1309,0.9048998861089181,1
121,ward,11207,1286,1318,0.25772753184590935,2
121,ward,11208,1286,1318,1.4012474290739436,1
121,ward,11212,1286,1301,1.3924092764743397,1
121,ward,11213,1309,1301,0.9868467470217659,1
121,ward,11216,1309,1692,0.815260310885871,1
121,ward,11230,1293,1324,1.303913582246138,1
121,ward,11229,1293,1324,1.130860109582202,1
121,ward,11358,1628,1637,0.356955236566006,1
121,ward,11233,1309,1318,1.080082956257369,2
121,ward,11236,1286,1320,1.3427218607899394,1
121,ward,11237,1318,1692,0.1348195577777347,1
121,ward,11239,1286,1301,0.1830599762510339,1
121,ward,11354,1628,1637,0.9394073274819302,1
121,ward,11355,1628,1637,1.5189263150398111,1
121,ward,11356,1628,1637,0.34755893954224887,1
121,ward,11357,1628,1637,0.45214810042784354,1
121,ward,11360,1628,1637,0.18233967455899766,1
121,ward,11361,1628,1637,0.32389303074971015,1
121,ward,11362,1628,1633,0.08852950118583913,1
121,ward,11362,1628,1637,0.04248370479292732,2
121,ward,11416,1629,1638,0.32832898856464654,1
121,ward,11363,1628,1637,0.059158026146867854,1
121,ward,11364,1633,1637,0.38620268724450674,2
121,ward,11365,1628,1637,0.5579243061965443,2
121,ward,11366,1633,1637,0.1408531285851982,1
121,ward,11417,1629,1638,0.38549055307310665,2
121,ward,11370,1639,1626,0.44029550846826837,1
121,ward,11378,1318,1626,0.4772649091536024,1
121,ward,11421,1629,1638,0.5609918532289417,1
121,ward,11385,1318,1692,1.4817724690658718,1
121,ward,11411,1633,1637,0.15961728180139304,2
121,ward,11412,1633,1637,0.4035204287397834,2
121,ward,11413,1629,1635,0.44204066482833915,2
121,ward,11414,1629,1638,0.26331406453956896,3
121,ward,11420,1629,1638,0.588837477581179,2
121,ward,11418,1629,1638,0.5125256739894211,1
121,ward,11419,1629,1638,0.6313897993367696,2
121,ward,11423,1633,1637,0.387857917602271,2
121,ward,11426,1633,1637,0.1723714671644482,2
121,ward,11427,1633,1637,0.27115814813209305,3
121,ward,11428,1633,1637,0.21820270847512765,3
121,ward,11436,1629,1638,0.21108406099900007,2
121,ward,11429,1633,1637,0.2913147784465335,3
121,ward,11432,1633,1637,0.9680775405677299,2
121,ward,11433,1633,1637,0.49781591151904836,2
121,ward,11434,1629,1635,0.888943904494528,2
121,ward,11435,1629,1638,0.8185917581552609,2
121,icu,10030,1445,1172,0.1400193387003708,1
121,icu,10022,10139,1458,0.11588983785461282,1
121,icu,10031,1445,1464,0.26418476916520733,1
121,icu,10037,1445,1172,0.08010067159309323,1
121,icu,10065,10139,1458,0.10540777749605891,1
121,icu,10456,1164,1178,0.4604557833171416,1
121,icu,10459,1164,1178,0.2232752828857507,1
121,icu,11102,1639,1454,0.024165180094804922,1
121,icu,11103,1639,1626,0.1539210202150385,1
121,icu,11230,1293,1324,0.028442571049727305,1
121,icu,11229,1293,1324,0.33925803287466055,1
121,icu,11370,1639,1626,0.1320886525404805,1
122,ward,10002,1437,1438,0.8877645616091712,1
122,ward,10004,1437,1288,0.01881895793393353,1
122,ward,10005,1437,1288,0.09295851403942462,1
122,ward,10006,1437,1288,0.028873380835191313,1
122,ward,10007,1437,1288,0.05142115079421371,1
122,ward,10012,1437,1438,0.2495292940652582,1
122,ward,10013,1437,1438,0.36772731503005074,1
122,ward,10038,1437,1288,0.3237360169029649,1
122,ward,11105,1639,1454,0.3889399204249787,1
122,ward,10280,1437,1288,0.05449636454022099,1
122,ward,10282,1437,1438,0.040576696047918075,1
122,ward,11106,1639,1458,0.5152826525691058,1
122,ward,10459,1164,1178,0.5340781821875032,1
122,ward,11102,1639,1454,0.41082005401781363,1
122,ward,11103,1639,1626,0.46323427869956196,1
122,ward,11207,1286,1309,0.33771072008459413,1
122,ward,11207,1286,1318,0.2925675641319814,2
122,ward,11208,1286,1318,0.03990863048272497,1
122,ward,11208,1286,1629,0.6881403824757228,3
122,ward,11208,1286,1301,0.5370917219064275,4
122,ward,11212,1286,1301,1.2571610543011789,1
122,ward,11213,1309,1301,0.8909918354328309,1
122,ward,11216,1309,1692,0.12344268551487947,1
122,ward,11216,1309,1288,0.6126293367559922,2
122,ward,11221,1692,1301,1.2158521752013516,3
122,ward,11230,1293,1324,0.9867777134169071,1
122,ward,11415,1629,1633,0.20863515791958423,1
122,ward,11229,1293,1324,1.0210168171453626,1
122,ward,11233,1309,1301,0.975171776691529,4
122,ward,11236,1286,1320,1.2122999025244063,1
122,ward,11237,1318,1288,0.4141794350970576,3
122,ward,11237,1318,1626,0.30366649896432535,4
122,ward,11238,1288,1306,0.6246752360275271,1
122,ward,11239,1286,1301,0.16527889941010435,1
122,ward,11354,1628,1637,0.7765066635343661,1
122,ward,11355,1628,1637,1.3713891740626045,1
122,ward,11356,1628,1637,0.31379966382663316,1
122,ward,11357,1628,1637,0.40822981592985563,1
122,ward,11360,1628,1637,0.16462856243671956,1
122,ward,11361,1628,1637,0.292432484397926,1
122,ward,11362,1628,1633,0.11828756310262836,1
122,ward,11416,1629,1638,0.34590336266859034,1
122,ward,11363,1628,1637,0.053411857977192716,1
122,ward,11364,1633,1637,0.3107875821561226,2
122,ward,11365,1628,1637,0.5037317122550982,2
122,ward,11366,1633,1637,0.12717170922772902,1
122,ward,11417,1629,1638,0.348046884140004,2
122,ward,11370,1639,1626,0.39752849609821067,1
122,ward,11378,1318,1626,0.4309069657247119,1
122,ward,11421,1629,1638,0.5065013007134083,1
122,ward,11385,1318,1638,1.3378441747832193,2
122,ward,11411,1633,1637,0.1441132529526247,2
122,ward,11412,1633,1637,0.3643254725442922,2
122,ward,11413,1629,1635,0.39910414102288555,2
122,ward,11414,1629,1638,0.23773770584685816,3
122,ward,11420,1629,1638,0.5316422093957832,2
122,ward,11418,1629,1638,0.4627427636078644,1
122,ward,11419,1629,1638,0.5700613168989118,2
122,ward,11423,1633,1637,0.35018430058621963,2
122,ward,11426,1633,1637,0.15562859214827432,2
122,ward,11427,1633,1637,0.2448198738313846,3
122,ward,11428,1633,1637,0.19700812948657453,3
122,ward,11436,1629,1638,0.19058093418021527,2
122,ward,11429,1633,1637,0.2630186398446531,3
122,ward,11432,1633,1637,0.8740457293038207,2
122,ward,11433,1633,1637,0.44946179743777553,2
122,ward,11434,1629,1635,0.8025985427349617,2
122,ward,11435,1629,1638,0.7390798776710739,2
122,icu,10030,1445,1172,0.1264189074557318,1
122,icu,10022,10139,1458,0.10463316583827906,1
122,icu,10031,1445,1464,0.23852383673785893,1
122,icu,10037,1445,1172,0.07232029149158094,1
122,icu,11104,1639,1626,0.09248115194061385,1
122,icu,11105,1639,1454,0.12206835668478305,1
122,icu,10065,10139,1458,0.0951692544192351,1
122,icu,11106,1639,1458,0.15458479577073173,1
122,icu,10456,1164,1178,0.41573055264309766,1
122,icu,10459,1164,1178,0.2015879919607941,1
122,icu,10463,3975,1186,0.04028885806098917,1
122,icu,10468,3975,1176,0.1168224630949517,1
122,icu,10468,3975,1186,0.22500277299789606,2
122,icu,11102,1639,1454,0.12324601620534409,1
122,icu,11103,1639,1626,0.13897028360986857,1
122,icu,11230,1293,1324,0.38069965081154994,1
122,icu,11229,1293,1324,0.3063050451436088,1
122,icu,11357,1628,1637,0.06486703757860113,1
122,icu,11360,1628,1637,0.04938856873101587,1
122,icu,11361,1628,1637,0.0877297453193778,1
122,icu,11362,1628,1633,0.03548626893078851,1
122,icu,11363,1628,1637,0.016023557393157813,1
122,icu,11365,1628,1633,0.15111951367652945,1
122,icu,11370,1639,1626,0.1192585488294632,1
122,icu,11428,1633,1629,0.054655966611604295,1
122,icu,11429,1633,1629,0.07890559195339593,1
122,icu,11432,1633,1629,0.2622137187911462,1
122,icu,11433,1633,1629,0.07848509788918295,1
122,icu,11433,1633,1637,0.0563534413421497,2
122,icu,11434,1629,1635,0.24077956282048849,2
122,icu,11435,1629,1638,0.22172396330132216,2
123,ward,10005,1437,1288,0.08031625411319021,1
123,ward,10006,1437,1288,0.026069165477129334,1
123,ward,10007,1437,1288,0.04642707055091201,1
123,ward,10012,1437,1438,0.22529472719211552,1
123,ward,10013,1437,1438,0.33201322286079094,1
123,ward,10038,1437,1288,0.2922944092942489,1
123,ward,10280,1437,1288,0.049203616064574074,1
123,ward,10282,1437,1438,0.03663584149796178,1
123,ward,10456,1164,1178,0.2551834417516603,1
123,ward,10459,1164,1178,0.6066984616528412,1
123,ward,10468,3975,1176,0.11951205273465648,1
123,ward,11102,1639,1454,0.3257444018437775,1
123,ward,11103,1639,1626,0.4182444423473596,1
123,ward,11205,1288,1692,0.5025491613720536,1
123,ward,11211,1692,1318,0.7790663484056869,1
123,ward,11212,1286,1301,1.0964870730945429,1
123,ward,11216,1309,1301,0.2740643449196002,3
123,ward,11217,1288,1306,0.40332961269948736,1
123,ward,11221,1692,1318,0.40887967747249643,1
123,ward,11221,1692,1301,0.688887561216082,3
123,ward,11230,1293,1324,0.16472567793786275,1
123,ward,11229,1293,1324,0.921854510665862,1
123,ward,11233,1309,1301,0.8804619923210749,4
123,ward,11236,1286,1320,1.0945599667461703,1
123,ward,11237,1318,1626,0.6481279261665885,4
123,ward,11238,1288,1306,0.5640060715584202,1
123,ward,11239,1286,1301,0.14922682602337778,1
123,ward,11355,1628,1637,0.6444004322997101,1
123,ward,11356,1628,1637,0.28332308605141054,1
123,ward,11357,1628,1637,0.36858207512722474,1
123,ward,11360,1628,1637,0.14863965051137817,1
123,ward,11361,1628,1637,0.26403111122220835,1
123,ward,11362,1628,1633,0.10679934137295029,1
123,ward,11363,1628,1637,0.04822443800385462,1
123,ward,11365,1628,1633,0.4548087194157235,1
123,ward,11370,1639,1626,0.35892007956434907,1
123,ward,11378,1318,1626,0.3890567945210557,1
123,ward,11385,1318,1638,1.207911237485889,2
123,ward,11418,1629,1638,0.3162025898140425,1
123,ward,11419,1629,1633,0.17336241124586843,1
123,ward,11419,1629,1638,0.3413339066939815,2
123,ward,11423,1633,1637,0.3161740057938896,2
123,ward,11426,1633,1637,0.14051376750245925,2
123,ward,11427,1633,1637,0.2210426911704607,3
123,ward,11428,1633,1637,0.17787447743790358,3
123,ward,11436,1629,1638,0.17207149859896229,2
123,ward,11429,1633,1637,0.23747397247373003,3
123,ward,11432,1633,1637,0.7891574208735547,2
123,ward,11433,1633,1637,0.40580956002119384,2
123,ward,11434,1629,1635,0.7246492657610507,2
123,ward,11435,1629,1638,0.667299605190002,2
123,icu,10030,1445,1172,0.11414096037844663,1
123,icu,10022,10139,1458,0.09447107459301932,1
123,icu,10031,1445,1464,0.2153581323105845,1
123,icu,10034,3975,1178,0.11505794620939307,1
123,icu,10037,1445,1172,0.06529646309899338,1
123,icu,11104,1639,1626,0.08349927801031717,1
123,icu,11105,1639,1454,0.11021294001214843,1
123,icu,10065,10139,1458,0.08592630894010869,1
123,icu,11106,1639,1458,0.13957134580803054,1
123,icu,10456,1164,1178,0.37535433181908956,1
123,icu,10457,1176,1178,0.313015479248201,2
123,icu,10458,1176,1186,0.33314888154330974,1
123,icu,10459,1164,1178,0.18200953849585236,1
123,icu,10460,1176,1178,0.21470005383101645,2
123,icu,11004,1633,1637,0.0326241243218306,2
123,icu,10463,3975,1186,0.23759608805520577,1
123,icu,10468,3975,1186,0.30862678308534863,2
123,icu,11102,1639,1454,0.023655803690347865,1
123,icu,11102,1639,1458,0.0876204202196046,2
123,icu,11103,1639,1626,0.12547333270420788,1
123,icu,11230,1293,1324,0.34372567073944776,1
123,icu,11415,1629,1638,0.056511682721168396,2
123,icu,11229,1293,1324,0.2765563531997586,1
123,icu,11358,1628,1637,0.12166690150013884,1
123,icu,11354,1628,1637,0.2297358112255964,1
123,icu,11355,1628,1637,0.3714594925642508,1
123,icu,11356,1628,1637,0.08499692581542316,1
123,icu,11357,1628,1637,0.11057462253816742,1
123,icu,11360,1628,1637,0.04459189515341345,1
123,icu,11361,1628,1637,0.0792093333666625,1
123,icu,11362,1628,1637,0.03203980241188509,2
123,icu,11416,1629,1638,0.09369265122059144,1
123,icu,11363,1628,1637,0.014467331401156386,1
123,icu,11364,1633,1637,0.09444740854794823,2
123,icu,11365,1628,1637,0.13644261582471703,2
123,icu,11366,1633,1637,0.034446194757626246,1
123,icu,11417,1629,1638,0.09427325329411747,2
123,icu,11370,1639,1626,0.10767602386930472,1
123,icu,11421,1629,1638,0.13719279669444637,1
123,icu,11411,1633,1637,0.03903504331668416,2
123,icu,11412,1633,1637,0.09868253134784898,2
123,icu,11413,1629,1635,0.10810280882229317,2
123,icu,11414,1629,1286,0.0643945054018865,1
123,icu,11420,1629,1638,0.14400255526508887,2
123,icu,11418,1629,1638,0.1253401991269544,1
123,icu,11419,1629,1638,0.15440889538195499,2
123,icu,11423,1633,1637,0.09485220173816687,2
123,icu,11426,1633,1637,0.042154130250737776,2
123,icu,11427,1633,1637,0.0663128073511382,3
123,icu,11428,1633,1637,0.053362343231371075,3
123,icu,11436,1629,1638,0.051621449579688686,2
123,icu,11429,1633,1637,0.071242191742119,3
123,icu,11432,1633,1637,0.2367472262620664,2
123,icu,11433,1633,1637,0.12174286800635814,2
123,icu,11434,1629,1635,0.2173947797283152,2
123,icu,11435,1629,1638,0.2001898815570006,2
124,icu,10030,1445,1172,0.10305697136104194,1
124,icu,10022,10139,1458,0.08529718688627831,1
124,icu,10031,1445,1464,0.194445156237623,1
124,icu,10034,3975,1178,0.10388491062320514,1
124,icu,10037,1445,1172,0.058955660660806805,1
124,icu,10035,1454,1456,0.10753816706370209,1
124,icu,11104,1639,1626,0.0753908384338587,1
124,icu,11105,1639,1456,0.09951039280542973,2
124,icu,10128,1454,1456,0.21118669752386549,1
124,icu,10065,10139,1458,0.07758218548573718,1
124,icu,11106,1639,1458,0.12601786545398996,1
124,icu,10456,1164,1178,0.33890446073228836,1
124,icu,10457,1176,1178,0.28261920325086093,2
124,icu,10458,1176,1186,0.30079749312022813,1
124,icu,10459,1164,1178,0.1354995858027349,1
124,icu,10459,1164,1172,0.02883538854837886,2
124,icu,10460,1176,3058,0.19385098237753542,3
124,icu,11004,1633,1637,0.02945606410500157,2
124,icu,10463,3975,1186,0.21452363078964112,1
124,icu,10468,3975,1186,0.2786566841580848,2
124,icu,11102,1639,1458,0.10047042343633845,2
124,icu,11103,1639,1626,0.11328888080315992,1
124,icu,11206,1692,1318,0.13512529005980412,1
124,icu,11206,1692,1309,0.14482648131572873,2
124,icu,11207,1286,1309,0.19041884532939174,1
124,icu,11208,1286,1309,0.30940365275577036,2
124,icu,11211,1692,1288,0.08727927272336683,2
124,icu,11211,1692,1438,0.1278342274878093,3
124,icu,11212,1286,1301,0.3074521368127669,1
124,icu,11217,1288,1306,0.10924893624658905,1
124,icu,11221,1692,1309,0.2973496100878661,2
124,icu,11230,1293,1324,0.2000406523138696,1
124,icu,11230,1293,1305,0.11030654021018446,2
124,icu,11415,1629,1638,0.051023951861364214,2
124,icu,11229,1293,1294,0.24970054638513106,2
124,icu,11358,1628,1637,0.10985208414151562,1
124,icu,11234,1324,1294,0.25019183900789127,2
124,icu,11236,1286,1320,0.296480863938491,1
124,icu,11237,1318,1309,0.17555687521056051,2
124,icu,11238,1288,1306,0.15277098783293305,1
124,icu,11239,1286,1301,0.04042071667734392,1
124,icu,11354,1628,1637,0.20742664893989074,1
124,icu,11355,1628,1637,0.33538784114006726,1
124,icu,11356,1628,1637,0.07674305280500113,1
124,icu,11357,1628,1637,0.0998369531007185,1
124,icu,11360,1628,1637,0.040261669838093365,1
124,icu,11361,1628,1637,0.07151748130758503,1
124,icu,11362,1628,1637,0.0289284844689163,2
124,icu,11416,1629,1638,0.08459435457320612,1
124,icu,11363,1628,1637,0.01306243922371286,1
124,icu,11364,1633,1637,0.08527581900115594,2
124,icu,11373,1626,1638,0.040133783746850615,1
124,icu,11365,1628,1637,0.12319295987042296,2
124,icu,11366,1633,1637,0.031101197106309757,1
124,icu,11374,1638,1637,0.07007469304932708,2
124,icu,11417,1629,1309,0.08511857559837661,5
124,icu,11369,1626,1637,0.13181251421384155,2
124,icu,11370,1639,1172,0.09721983126282878,3
124,icu,11375,1638,1637,0.1893169868872761,2
124,icu,11379,1638,1637,0.09261059675988745,5
124,icu,11377,1626,1458,0.2854842122871733,3
124,icu,11378,1318,1309,0.003051117778007137,5
124,icu,11378,1318,1463,0.10233177403708504,6
124,icu,11421,1629,1637,0.12387029225093704,6
124,icu,11385,1318,1301,0.3271840539860318,7
124,icu,11411,1633,1637,0.03524443221632633,2
124,icu,11412,1633,1637,0.08909967791782128,2
124,icu,11413,1629,1635,0.09760517202508995,2
124,icu,11414,1629,1301,0.05814129018195836,6
124,icu,11420,1629,1637,0.13001876946423052,4
124,icu,11418,1629,1637,0.11316867554807257,3
124,icu,11419,1629,1637,0.13941457174100588,3
124,icu,11423,1633,1637,0.08564130357455706,2
124,icu,11426,1633,1637,0.03806063116690097,2
124,icu,11427,1633,1637,0.059873309856494014,3
124,icu,11428,1633,1637,0.048180438117217304,3
124,icu,11436,1629,1637,0.04660859899295205,3
124,icu,11429,1633,1637,0.06432401207876833,3
124,icu,11432,1633,1637,0.21375720018300357,2
124,icu,11433,1633,1637,0.10992067369981165,2
124,icu,11434,1629,1635,0.16231363074221863,2
124,icu,11434,1629,1637,0.033970398358447534,4
124,icu,11435,1629,1637,0.1807498624681798,3
124,icu,11694,1635,1294,0.0440000397727184,3
125,icu,10013,1437,1438,0.005319167357110466,1
125,icu,10030,1445,1172,0.09305031546537469,1
125,icu,10022,10139,1458,0.07701497572902255,1
125,icu,10031,1445,1464,0.17556486368339516,1
125,icu,10034,3975,1464,0.09379786323931963,3
125,icu,10037,1445,1172,0.0532311667081596,1
125,icu,10035,1454,1456,0.0970963947192837,1
125,icu,10038,1437,1438,0.07148552168323367,2
125,icu,11104,1639,1458,0.0680705167910799,2
125,icu,11105,1639,1456,0.08984810362988115,2
125,icu,10128,1454,1456,0.19068082990565063,1
125,icu,10065,10139,1458,0.07004908778708815,1
125,icu,10280,1437,1438,0.01203357317565643,2
125,icu,10282,1437,1438,0.008959912193016372,1
125,icu,11106,1639,1458,0.1137817459595909,1
125,icu,10456,1164,1172,0.3059974164511804,2
125,icu,10452,1178,1464,0.2391984932778013,2
125,icu,10453,1178,1464,0.27106893663152815,4
125,icu,10457,1176,1464,0.2551773613347876,4
125,icu,10458,1176,1186,0.27159057030674333,1
125,icu,10459,1164,1172,0.14837832902923756,2
125,icu,10460,1176,3058,0.17502838309026053,3
125,icu,10461,3058,1165,0.13044404661014877,1
125,icu,11004,1633,1637,0.026595930591987317,2
125,icu,10462,3058,1165,0.25265863872397204,1
125,icu,10463,3975,1186,0.19369375265087216,1
125,icu,10465,3058,1165,0.10422130044889491,1
125,icu,10468,3975,1186,0.25159959607785354,2
125,icu,11102,1639,1458,0.09071491692628127,2
125,icu,10472,3058,1165,0.23396029140886743,2
125,icu,10473,3058,1165,0.16513647752982152,1
125,icu,11103,1639,1458,0.10228872397698106,3
125,icu,11201,1288,1306,0.16369498145361153,2
125,icu,11205,1288,1306,0.1353624864203334,3
125,icu,11206,1692,1306,0.28295817570744625,4
125,icu,11207,1286,1301,0.2865034933659472,3
125,icu,11208,1286,1301,0.27936108654117736,4
125,icu,11210,1324,1320,0.16761288320549664,2
125,icu,11211,1692,1438,0.19422634675908557,3
125,icu,11212,1286,1301,0.27759905946300895,1
125,icu,11213,1309,1301,0.1967436826484118,1
125,icu,11216,1309,1301,0.16253518225078328,3
125,icu,11217,1288,1306,0.09864105113654235,1
125,icu,11221,1692,1301,0.2684774708277664,3
125,icu,11230,1293,1305,0.28021301020954664,2
125,icu,11415,1629,1637,0.046069613285616255,3
125,icu,11229,1293,1294,0.22545504982495693,2
125,icu,11358,1628,1637,0.09918563440106093,1
125,icu,11233,1309,1301,0.21533181217971972,4
125,icu,11234,1324,1294,0.22589863877318533,2
125,icu,11235,1294,1305,0.19287351055497926,3
125,icu,11236,1286,1320,0.2676930784456588,1
125,icu,11237,1318,1301,0.1585106024824764,6
125,icu,11238,1288,1306,0.1379371858504383,1
125,icu,11239,1286,1301,0.03649593412741406,1
125,icu,11354,1628,1637,0.18728587561693721,1
125,icu,11355,1628,1637,0.3028222546149032,1
125,icu,11356,1628,1637,0.0692914334563952,1
125,icu,11357,1628,1637,0.09014295547826924,1
125,icu,11360,1628,1637,0.03635233046459937,1
125,icu,11372,1626,1637,0.22574009047824264,3
125,icu,11361,1628,1637,0.06457325602599141,1
125,icu,11362,1628,1637,0.02611957803744873,2
125,icu,11416,1629,1637,0.07638038723309719,5
125,icu,11363,1628,1637,0.011794098686013206,1
125,icu,11364,1633,1637,0.07699568262904878,2
125,icu,11373,1626,1637,0.37812466341477463,2
125,icu,11365,1628,1637,0.11123113388318968,2
125,icu,11366,1633,1637,0.028081323988790485,1
125,icu,11374,1638,1637,0.12499192532390006,2
125,icu,11417,1629,1637,0.07685370729210425,6
125,icu,11369,1626,1637,0.11901374422224371,2
125,icu,11370,1639,1172,0.0877799517007391,3
125,icu,11375,1638,1637,0.1709346308179451,2
125,icu,11379,1638,1637,0.08361826599536322,5
125,icu,11377,1626,1458,0.2577641828871701,3
125,icu,11378,1318,1463,0.09515039301605806,6
125,icu,11421,1629,1637,0.11184269844645389,6
125,icu,11422,1635,1637,0.06532073650721365,3
125,icu,11385,1318,1301,0.29541504118128237,7
125,icu,11411,1633,1637,0.03182225804635778,2
125,icu,11412,1633,1637,0.08044825137613792,2
125,icu,11413,1629,1637,0.08812787653315489,3
125,icu,11414,1629,1301,0.05249587021184532,6
125,icu,11420,1629,1637,0.1173941690240659,4
125,icu,11418,1629,1637,0.10218019044684958,3
125,icu,11419,1629,1637,0.12587765494799566,3
125,icu,11423,1633,1637,0.07732567927462804,2
125,icu,11426,1633,1637,0.034365008888959075,2
125,icu,11427,1633,1637,0.054059713734309844,3
125,icu,11428,1633,1637,0.04350219986924431,3
125,icu,11436,1629,1637,0.04208298363921069,3
125,icu,11691,1635,1320,0.18321766404435685,7
125,icu,11692,1635,1320,0.050104867584421134,6
125,icu,11693,1635,1320,0.02784555630548214,6
125,icu,11429,1633,1637,0.058078260372694986,3
125,icu,11432,1633,1637,0.1930017411470594,2
125,icu,11433,1633,1637,0.09924756403039882,2
125,icu,11434,1629,1637,0.17722518513227065,4
125,icu,11435,1629,1637,0.1631993595471131,3
125,icu,11694,1635,1320,0.005888348581206716,5
125,icu,11694,1635,1301,0.03383936248258062,6
125,icu,11697,1294,1301,0.0001267805724612903,5
126,icu,10002,1437,1438,0.2393927480675919,1
126,icu,10004,1437,1306,0.0037520345507974892,2
126,icu,10005,1437,1438,0.01853362750961908,2
126,icu,10006,1437,1438,0.005756637688032069,2
126,icu,10007,1437,1438,0.010252105089929953,2
126,icu,10012,1437,1438,0.0497499668183414,1
126,icu,10013,1437,1438,0.07331572747590248,1
126,icu,10030,1445,1172,0.08401600668027925,1
126,icu,10022,10139,1458,0.06953754732555273,1
126,icu,10031,1445,1464,0.15851916983059794,1
126,icu,10034,3975,1464,0.08469097460978571,3
126,icu,10037,1445,1172,0.04806292203722822,1
126,icu,10035,1454,1456,0.08766924976629388,1
126,icu,10038,1437,1438,0.06454495116157555,2
126,icu,11104,1639,1458,0.061461511063630445,2
126,icu,11105,1639,1456,0.08112469943841817,2
126,icu,10128,1454,1456,0.17216751817585926,1
126,icu,10065,10139,1458,0.06324798146071248,1
126,icu,10280,1437,1438,0.01086522661698865,2
126,icu,10282,1437,1438,0.00808998915154992,1
126,icu,11106,1639,1458,0.10273461063323361,1
126,icu,10456,1164,1172,0.27628795083749197,2
126,icu,10452,1178,1464,0.21597457363396763,2
126,icu,10453,1178,1464,0.24475069726469903,4
126,icu,10457,1176,1464,0.2304020441772418,4
126,icu,10458,1176,1186,0.24522168522559257,1
126,icu,10459,1164,1172,0.1339721915028641,2
126,icu,10460,1176,1165,0.15803477644760708,4
126,icu,10461,3058,1165,0.13368077355582692,1
126,icu,11004,1633,1637,0.024013716354525764,2
126,icu,10462,3058,1165,0.22812786579710734,1
126,icu,10463,3975,1186,0.17488791451437452,1
126,icu,10465,3058,1165,0.09410239429010932,1
126,icu,10468,3975,1186,0.2271716462121871,2
126,icu,11102,1639,1458,0.08190735333203134,2
126,icu,10472,3058,1165,0.2112449518050469,2
126,icu,10473,3058,1165,0.14910328170210252,1
126,icu,11103,1639,1458,0.09235745278225506,3
126,icu,11201,1288,1306,0.14780174131115648,2
126,icu,11203,1320,1301,0.20663710961765355,1
126,icu,11205,1288,1306,0.12222006455831788,3
126,icu,11206,1692,1306,0.2554856032629218,4
126,icu,11207,1286,1301,0.25868670398558585,3
126,icu,11208,1286,1301,0.2522377575580325,4
126,icu,11210,1324,1301,0.15133925172273102,3
126,icu,11211,1692,1438,0.17536879875350628,3
126,icu,11212,1286,1301,0.25064680670493933,1
126,icu,11213,1309,1301,0.1776417250497405,1
126,icu,11214,1294,1305,0.26619528945814575,2
126,icu,11216,1309,1301,0.1467545476817178,3
126,icu,11217,1288,1306,0.08906393460128971,1
126,icu,11221,1692,1301,0.24241083837016814,3
126,icu,11223,1294,1305,0.21461037044970435,3
126,icu,11224,1294,1305,0.10700838706992696,3
126,icu,11226,1320,1301,0.293615912484218,1
126,icu,11230,1293,1305,0.25300696746618634,2
126,icu,11415,1629,1637,0.04159668796611996,3
126,icu,11229,1293,1301,0.20356548903098337,4
126,icu,11358,1628,1637,0.08955564396262754,1
126,icu,11233,1309,1301,0.19442512236618906,4
126,icu,11234,1324,1301,0.203966009672437,5
126,icu,11235,1294,1305,0.24236221938139688,3
126,icu,11236,1286,1301,0.24170260309675162,2
126,icu,11237,1318,1301,0.14312071668385073,6
126,icu,11238,1288,1306,0.12454478493607843,1
126,icu,11239,1286,1301,0.03295252283795687,1
126,icu,11354,1628,1637,0.1691021819567045,1
126,icu,11355,1628,1637,0.13640413313496896,1
126,icu,11355,1628,1172,0.13701693415985627,10
126,icu,11356,1628,1172,0.06256388822588052,6
126,icu,11357,1628,1165,0.08139092395082283,6
126,icu,11360,1628,1165,0.03282286173757251,7
126,icu,11372,1626,1458,0.20382285492287563,6
126,icu,11361,1628,1165,0.058303801362885904,7
126,icu,11362,1628,1165,0.023583613144191405,7
126,icu,11416,1629,1301,0.06896457139262606,10
126,icu,11363,1628,1165,0.010649002843635532,7
126,icu,11364,1633,1165,0.06952012740378058,9
126,icu,11373,1626,1458,0.3414123218019132,9
126,icu,11365,1628,1165,0.10043163895411591,12
126,icu,11366,1633,1458,0.025354892049895612,14
126,icu,11367,1637,1458,0.09484366275665215,11
126,icu,11374,1638,1458,0.11285638721882077,11
126,icu,11368,1637,1458,0.4028736677874408,9
126,icu,11417,1629,1301,0.0693919365341687,8
126,icu,11369,1626,1172,0.1074586311675844,6
126,icu,11370,1639,1172,0.07925734557265628,3
126,icu,11375,1638,1458,0.1543384889440333,11
126,icu,11379,1638,1458,0.07549972033221107,11
126,icu,11377,1626,1458,0.23273770973343796,3
126,icu,11378,1318,1463,0.0859121864905774,6
126,icu,11421,1629,1301,0.10098382636128005,10
126,icu,11422,1635,1301,0.05897870853315891,10
126,icu,11385,1318,1301,0.26673302448477243,7
126,icu,11411,1633,1301,0.02873261666264034,12
126,icu,11412,1633,1301,0.07263748426032456,12
126,icu,11413,1629,1301,0.07957149018246536,10
126,icu,11414,1629,1301,0.04739901590174269,6
126,icu,11420,1629,1301,0.04383478910633056,10
126,icu,11420,1629,1306,0.06216151235297946,16
126,icu,11418,1629,1458,0.09225945683514884,14
126,icu,11419,1629,1306,0.11365612084296553,16
126,icu,11423,1633,1458,0.06981808448475119,16
126,icu,11426,1633,1165,0.031028490359680864,9
126,icu,11427,1633,1165,0.048811024954835934,11
126,icu,11428,1633,1165,0.03927854619881761,13
126,icu,11436,1629,1306,0.037997122490935245,17
126,icu,11691,1635,1306,0.16542895539160074,16
126,icu,11692,1635,1306,0.0452401570981636,14
126,icu,11693,1635,1306,0.025142015186912822,13
126,icu,11429,1633,1165,0.0524394085828443,13
126,icu,11432,1633,1458,0.17426309080650865,14
126,icu,11433,1633,1458,0.08961156080854189,15
126,icu,11434,1629,1306,0.16001828971259383,15
126,icu,11435,1629,1458,0.14735423962135555,14
126,icu,11694,1635,1305,0.03587052468800483,9
126,icu,11697,1294,1305,0.00011447137357423574,6
127,icu,10002,1437,1438,0.2161524701469321,1
127,icu,10004,1437,1306,0.0033877865673797494,2
127,icu,10005,1437,1438,0.016734380633185216,2
127,icu,10006,1437,1438,0.005197782581357595,2
127,icu,10007,1437,1438,0.009256829445679817,2
127,icu,10012,1437,1438,0.04492023381792735,1
127,icu,10013,1437,1438,0.06619822748373796,1
127,icu,10030,1445,1172,0.07585972224478582,1
127,icu,10022,10139,1458,0.06278683353488024,1
127,icu,10031,1445,1464,0.14313010899916795,1
127,icu,10034,3975,1464,0.07646916420328487,3
127,icu,10037,1445,1172,0.043396967555145056,1
127,icu,10035,1454,1456,0.07915830803513861,1
127,icu,10038,1437,1438,0.05827891923087189,2
127,icu,11104,1639,1458,0.055494819883247754,2
127,icu,11105,1639,1456,0.0732491034715491,2
127,icu,10128,1454,1456,0.15545347398022022,1
127,icu,10065,10139,1458,0.05710785951076656,1
127,icu,10280,1437,1438,0.009810429058215187,2
127,icu,10282,1437,1438,0.0073046119929901406,1
127,icu,11106,1639,1458,0.09276112178505434,1
127,icu,10456,1164,1172,0.19588733355016405,2
127,icu,10456,1164,1464,0.053578548467682896,4
127,icu,10452,1178,1464,0.19500773501598154,2
127,icu,10453,1178,1464,0.22099026896592344,4
127,icu,10454,1172,1456,0.09565777590705483,3
127,icu,10455,1172,1464,0.11127564007355026,4
127,icu,10457,1176,1464,0.20803458491462715,4
127,icu,10458,1176,1186,0.22141553335667205,1
127,icu,10459,1164,1464,0.12096615439731521,5
127,icu,10460,1176,1165,0.1426927405863757,4
127,icu,10461,3058,1165,0.1207030273410209,1
127,icu,11004,1633,1165,0.021682461767693006,7
127,icu,10462,3058,1165,0.20598118405604302,1
127,icu,10463,3975,1186,0.15790977390198194,1
127,icu,10465,3058,1165,0.08496692208405834,1
127,icu,10468,3975,1186,0.20511779438801087,2
127,icu,11102,1639,1458,0.07395577722729224,2
127,icu,10472,3058,1165,0.190737265465695,2
127,icu,10473,3058,1165,0.13462831646773002,1
127,icu,10474,1172,1464,0.024720507447707728,7
127,icu,11103,1639,1458,0.08339137971600752,3
127,icu,11201,1288,1306,0.13345312978070656,2
127,icu,11203,1320,1306,0.1865767531741067,6
127,icu,11205,1288,1306,0.11035492540625677,3
127,icu,11206,1692,1306,0.2306830289473403,4
127,icu,11207,1286,1306,0.23357336641152113,7
127,icu,11208,1286,1306,0.22775048450965457,12
127,icu,11210,1324,1305,0.13664721823912737,5
127,icu,11211,1692,1438,0.15834397383903978,3
127,icu,11212,1286,1306,0.2263139833643427,7
127,icu,11213,1309,1306,0.16039624416618534,5
127,icu,11214,1294,1305,0.2403530174673875,2
127,icu,11216,1309,1306,0.13250759783977498,5
127,icu,11217,1288,1306,0.08041759669193492,1
127,icu,11221,1692,1306,0.21887756386549442,7
127,icu,11223,1294,1305,0.1937759688474526,3
127,icu,11224,1294,1305,0.09661999947079858,3
127,icu,11225,1301,1306,0.1307838502278756,3
127,icu,11226,1320,1306,0.2651116429808883,2
127,icu,11230,1293,1305,0.22844501942372808,2
127,icu,11415,1629,1458,0.037558476296321835,13
127,icu,11229,1293,1305,0.1838033258981248,5
127,icu,11358,1628,1165,0.08086157084698131,8
127,icu,11233,1309,1306,0.17555030717223533,7
127,icu,11234,1324,1305,0.18416496394561732,6
127,icu,11235,1294,1305,0.2188336648142333,3
127,icu,11236,1286,1306,0.016878748647117525,7
127,icu,11236,1286,1305,0.20135933551387497,10
127,icu,11237,1318,1438,0.1292265396096247,8
127,icu,11238,1288,1305,0.11245396163901672,9
127,icu,11239,1286,1305,0.02975348779983292,13
127,icu,11354,1628,1165,0.15268572098456942,9
127,icu,11355,1628,1458,0.24687731588803236,11
127,icu,11356,1628,1165,0.056490178132724216,7
127,icu,11357,1628,1165,0.0734894828749957,6
127,icu,11360,1628,1165,0.029636414215289186,7
127,icu,11372,1626,1458,0.18403570667704616,6
127,icu,11361,1628,1165,0.05264366103515204,7
127,icu,11362,1628,1165,0.02129411303080626,7
127,icu,11416,1629,1463,0.06226948217717798,17
127,icu,11363,1628,1165,0.009615196315819955,7
127,icu,11364,1633,1165,0.06277110474129224,9
127,icu,11373,1626,1458,0.30826797090464253,9
127,icu,11365,1628,1165,0.0906817228845531,12
127,icu,11366,1633,1458,0.022893435958830036,14
127,icu,11367,1637,1458,0.08563622811516679,11
127,icu,11374,1638,1458,0.10190027503389175,11
127,icu,11368,1637,1458,0.3637626417355903,9
127,icu,11417,1629,1463,0.06265535865733374,18
127,icu,11369,1626,1458,0.09702653381514828,7
127,icu,11370,1639,1456,0.0715630325526051,4
127,icu,11375,1638,1458,0.13935528913590348,11
127,icu,11379,1638,1458,0.06817019804042779,11
127,icu,11377,1626,1458,0.2101435037665314,3
127,icu,11378,1318,1463,0.07757182068196557,6
127,icu,11421,1629,1463,0.09118030386917364,16
127,icu,11422,1635,1458,0.05325304813293161,19
127,icu,11385,1318,1463,0.24083854911038052,14
127,icu,11411,1633,1458,0.02594325064375408,17
127,icu,11412,1633,1458,0.06558582820434888,15
127,icu,11413,1629,1458,0.07184667996440725,18
127,icu,11414,1629,1305,0.04279751351032001,18
127,icu,11420,1629,1463,0.09570616725783089,18
127,icu,11418,1629,1458,0.08330289722770166,14
127,icu,11419,1629,1458,0.10262237041779049,18
127,icu,11423,1633,1458,0.06304013611157996,16
127,icu,11426,1633,1165,0.02801624063516585,9
127,icu,11427,1633,1165,0.044072444547954275,11
127,icu,11428,1633,1165,0.03546538002169408,13
127,icu,11436,1629,1458,0.034308357087626716,18
127,icu,11691,1635,1305,0.14936909171377658,17
127,icu,11692,1635,1305,0.04084823698937746,15
127,icu,11693,1635,1305,0.02270122520832782,14
127,icu,11429,1633,1165,0.047348584239592956,13
127,icu,11432,1633,1458,0.15734560815781562,14
127,icu,11433,1633,1458,0.08091205927850138,15
127,icu,11434,1629,1305,0.144483694135541,19
127,icu,11435,1629,1458,0.1330490716109157,14
127,icu,11694,1635,1305,0.03238820966535534,9
127,icu,11697,1294,1305,0.00010335847831195418,6
128,icu,10002,1437,1438,0.1951702432373909,1
128,icu,10004,1437,1438,0.0030589293193939273,3
128,icu,10005,1437,1438,0.015109950565846903,2
128,icu,10006,1437,1438,0.0046932264526472894,2
128,icu,10007,1437,1438,0.008358255879714335,2
128,icu,10012,1437,1438,0.04055976299769242,1
128,icu,10013,1437,1438,0.05977227163355019,1
128,icu,10030,1445,1469,0.06849591139241441,2
128,icu,10022,10139,1458,0.056692026534687606,1
128,icu,10031,1445,1464,0.1292362662752497,1
128,icu,10034,3975,1464,0.06904619395545185,3
128,icu,10037,1445,1469,0.03918436235193325,2
128,icu,10035,1454,1456,0.07147429878074696,1
128,icu,10038,1437,1438,0.05262170186706498,2
128,icu,11104,1639,1458,0.05010785899261853,2
128,icu,11105,1639,1456,0.06613870908690125,2
128,icu,10128,1454,1456,0.14036338473575208,1
128,icu,10065,10139,1458,0.05156431857524738,1
128,icu,10280,1437,1438,0.008858116792528369,2
128,icu,10282,1437,1438,0.006595542944559234,1
128,icu,11106,1639,1458,0.08375666810310219,1
128,icu,10451,1172,1464,0.11142149467389775,2
128,icu,10456,1164,1464,0.22524987495982352,4
128,icu,10452,1178,1464,0.17607805754137468,2
128,icu,10453,1178,1464,0.19953843006215524,4
128,icu,10454,1172,1456,0.08637213990030686,3
128,icu,10455,1172,1464,0.10047395583676798,4
128,icu,10457,1176,1464,0.18784037264056086,4
128,icu,10458,1176,1186,0.19992241343521683,1
128,icu,10459,1164,1464,0.1092237981882294,5
128,icu,10460,1176,1165,0.12884135383473497,4
128,icu,10461,3058,1165,0.10898621324855975,1
128,icu,11004,1633,1165,0.01957771444531482,7
128,icu,10462,3058,1165,0.18598629831625949,1
128,icu,10463,3975,1186,0.14258124813961853,1
128,icu,10465,3058,1165,0.07671906242387892,1
128,icu,10468,3975,1186,0.1852067191081018,2
128,icu,11102,1639,1458,0.06677678501869198,2
128,icu,10472,3058,1165,0.1722221285283926,2
128,icu,10473,3058,1165,0.12155975480542172,1
128,icu,10474,1172,1464,0.02232085272142021,7
128,icu,11103,1639,1458,0.07529646018854812,3
128,icu,11201,1288,1438,0.12049864515721923,5
128,icu,11203,1320,1305,0.1684654830670224,7
128,icu,11205,1288,1438,0.09964261624834804,8
128,icu,11206,1692,1438,0.20829030008209465,6
128,icu,11207,1286,1305,0.210900068388415,14
128,icu,11208,1286,1305,0.20564242189306203,16
128,icu,11210,1324,1305,0.12338267891786964,5
128,icu,11211,1692,1438,0.14297329967283318,3
128,icu,11212,1286,1305,0.1851767252059437,10
128,icu,11212,1286,1304,0.019168638745792332,13
128,icu,11213,1309,1304,0.14482635320798642,12
128,icu,11218,1305,1304,0.16453642358160567,4
128,icu,11214,1294,1304,0.21702160909872295,4
128,icu,11215,1306,1304,0.05298982528697091,3
128,icu,11215,1306,1438,0.04267615744901272,13
128,icu,11216,1309,1438,0.11964489734311884,10
128,icu,11217,1288,1438,0.07261134650121001,10
128,icu,11219,1305,1740,0.2395133783886525,13
128,icu,11220,1304,1738,0.2609487706783323,8
128,icu,11221,1692,1438,0.1976308082428935,8
128,icu,11223,1294,1740,0.1749658606621997,10
128,icu,11224,1294,1740,0.0872409590577144,4
128,icu,11225,1301,1438,0.11808847635720279,14
128,icu,11226,1320,1438,0.23937687971121566,14
128,icu,11228,1305,1740,0.08119071851255084,6
128,icu,11230,1293,1740,0.20626953731776404,14
128,icu,11415,1629,1458,0.03391262172204676,13
128,icu,11229,1293,1740,0.16596127631108448,13
128,icu,11231,1306,1438,0.06091192652818393,9
128,icu,11358,1628,1165,0.07301222345520743,8
128,icu,11232,1304,1738,0.06564402806172583,13
128,icu,11233,1309,1438,0.15850938982059162,14
128,icu,11234,1324,1740,0.16628780964028972,17
128,icu,11235,1294,1740,0.1975911705348132,10
128,icu,11236,1286,1438,0.197053403740469,18
128,icu,11237,1318,1438,0.11668233608985548,8
128,icu,11238,1288,1438,0.10153789605631591,11
128,icu,11239,1286,1438,0.026865274531013977,20
128,icu,11354,1628,1165,0.13786430144970407,9
128,icu,11355,1628,1458,0.2229125846163518,11
128,icu,11356,1628,1165,0.05100659640481008,7
128,icu,11357,1628,1165,0.06635575452065476,6
128,icu,11360,1628,1165,0.02675956544540167,7
128,icu,11372,1626,1458,0.16617109955814224,6
128,icu,11361,1628,1165,0.047533466178541414,7
128,icu,11362,1628,1165,0.019227063271226464,7
128,icu,11416,1629,1463,0.05622489520718852,17
128,icu,11363,1628,1165,0.00868183556939324,7
128,icu,11364,1633,1165,0.05667782455740597,9
128,icu,11373,1626,1458,0.27834396166214687,9
128,icu,11365,1628,1165,0.08187911940369332,12
128,icu,11366,1633,1458,0.02067113765383868,14
128,icu,11367,1637,1458,0.07732339796907482,11
128,icu,11374,1638,1458,0.09200867078133622,11
128,icu,11368,1637,1458,0.3284516860711836,9
128,icu,11417,1629,1463,0.05657331411001388,18
128,icu,11369,1626,1458,0.08760803053655129,7
128,icu,11370,1639,1456,0.06461630746390754,4
128,icu,11375,1638,1458,0.12582787353104533,11
128,icu,11379,1638,1458,0.06155282021087852,11
128,icu,11377,1626,1458,0.18974457574781325,3
128,icu,11378,1318,1463,0.07004181400552628,6
128,icu,11421,1629,1463,0.08232930242485323,16
128,icu,11422,1635,1458,0.04808369920626726,19
128,icu,11385,1318,1463,0.21746000949635885,14
128,icu,11411,1633,1458,0.023424902500851417,17
128,icu,11412,1633,1458,0.059219318820956726,15
128,icu,11413,1629,1458,0.06487242081906582,18
128,icu,11414,1629,1463,0.03864309816162067,20
128,icu,11420,1629,1463,0.08641583383401545,18
128,icu,11418,1629,1458,0.07521656682090277,14
128,icu,11419,1629,1458,0.09266067134196047,18
128,icu,11423,1633,1458,0.056920740670933834,16
128,icu,11426,1633,1165,0.02529666441306778,9
128,icu,11427,1633,1165,0.03979426983482355,11
128,icu,11428,1633,1165,0.03202270527204881,13
128,icu,11436,1629,1458,0.03097799619553599,18
128,icu,11691,1635,1438,0.13486962208717412,21
128,icu,11692,1635,1438,0.03688304067779602,22
128,icu,11693,1635,1438,0.020497585073556535,21
128,icu,11429,1633,1165,0.042752389999086066,13
128,icu,11432,1633,1458,0.14207184676456,14
128,icu,11433,1633,1458,0.07305781090305731,15
128,icu,11434,1629,1463,0.13045845698224864,20
128,icu,11435,1629,1458,0.12013380948716405,14
128,icu,11694,1635,1740,0.029244240207452164,21
128,icu,11697,1294,1740,9.332532419860018e-05,11
129,icu,10002,1437,1438,0.17622570339265325,1
129,icu,10004,1437,1438,0.0027620090132435254,3
129,icu,10005,1437,1438,0.013643276877284002,2
129,icu,10006,1437,1438,0.004237670246651233,2
129,icu,10007,1437,1438,0.007546947204174264,2
129,icu,10012,1437,1438,0.036622758905996484,1
129,icu,10013,1437,1438,0.053970371903400476,1
129,icu,10030,1445,1469,0.06184723636362491,2
129,icu,10022,10139,1458,0.05118911616397617,1
129,icu,10031,1445,1464,0.11669172282833383,1
129,icu,10034,3975,1464,0.06234410479052969,3
129,icu,10037,1445,1469,0.035380863921263564,2
129,icu,10035,1454,1456,0.06453652138873144,1
129,icu,10038,1437,1438,0.04751388465485826,2
129,icu,11104,1639,1458,0.04524405232068887,2
129,icu,11105,1639,1456,0.059718840008538256,2
129,icu,10128,1454,1456,0.12673876814071955,1
129,icu,10065,10139,1458,0.04655913811529717,1
129,icu,10280,1437,1438,0.007998288246220323,2
129,icu,10282,1437,1438,0.005955335072507237,1
129,icu,11106,1639,1458,0.07562668112444325,1
129,icu,10451,1172,1464,0.10060617308390303,2
129,icu,10456,1164,1464,0.2033856032326619,4
129,icu,10452,1178,1464,0.15898673397921026,2
129,icu,10453,1178,1464,0.18016988454945135,4
129,icu,10454,1172,1456,0.07798827759284248,3
129,icu,10455,1172,1464,0.09072127618573704,4
129,icu,10457,1176,1464,0.16960731946138788,4
129,icu,10458,1176,1186,0.18051659590711747,1
129,icu,10459,1164,1464,0.0986217998382367,5
129,icu,10460,1176,1165,0.11633514325219643,4
129,icu,10461,3058,1165,0.09840727649485048,1
129,icu,11004,1633,1165,0.01767736946840644,7
129,icu,10462,3058,1165,0.16774927530384146,1
129,icu,10462,3058,1169,0.00018393878921502127,5
129,icu,10463,3975,1186,0.1287413507675178,1
129,icu,10464,1165,1168,0.004338991625337593,2
129,icu,10465,3058,1169,0.06927219290713466,6
129,icu,10468,3975,1186,0.16722930609955783,2
129,icu,10469,1165,1169,0.12134052512755751,2
129,icu,11102,1639,1458,0.06029497998783301,2
129,icu,10472,3058,1169,0.15550508743682015,6
129,icu,10473,3058,1169,0.10976034532460872,7
129,icu,10474,1172,1464,0.020154240246407145,7
129,icu,11103,1639,1458,0.06798767803739503,3
129,icu,10475,1165,1168,0.07050394842751795,2
129,icu,11201,1288,1438,0.10880223413394036,5
129,icu,11203,1320,1438,0.15211308731505177,14
129,icu,11204,1305,1740,0.16943226046350765,11
129,icu,11205,1288,1438,0.08997063202350548,8
129,icu,11206,1692,1438,0.1880722390512539,6
129,icu,11207,1286,1438,0.19042868564805276,16
129,icu,11209,1304,1740,0.1254813932314499,2
129,icu,11208,1286,1438,0.1856813817739344,17
129,icu,11210,1324,1438,0.11140632413069558,14
129,icu,11211,1692,1438,0.1290953471353088,3
129,icu,11212,1286,1438,0.18451022502247622,17
129,icu,11213,1309,1438,0.13076853079916997,13
129,icu,11218,1305,1438,0.14856540883700145,14
129,icu,11214,1294,1740,0.19595602833936993,6
129,icu,11215,1306,1438,0.08637999737435544,13
129,icu,11216,1309,1438,0.1080313568395119,10
129,icu,11217,1288,1438,0.0655631995903151,10
129,icu,11219,1305,1740,0.21626459483965368,13
129,icu,11220,1304,1738,0.2356193234144992,8
129,icu,11221,1692,1438,0.17844742936709201,8
129,icu,11223,1294,1740,0.1579824944286896,10
129,icu,11224,1294,1740,0.07877276330437037,4
129,icu,11225,1301,1438,0.10662601256946082,14
129,icu,11226,1320,1438,0.21614134564426168,14
129,icu,11228,1305,1740,0.07330979990339054,6
129,icu,11230,1293,1740,0.18624762514686535,14
129,icu,11415,1629,1458,0.030620833984346448,13
129,icu,11229,1293,1740,0.149851955752752,13
129,icu,11231,1306,1438,0.054999404209249626,9
129,icu,11358,1628,1458,0.06592516472403773,15
129,icu,11232,1304,1738,0.059272176059308526,13
129,icu,11233,1309,1438,0.14312339961321788,14
129,icu,11234,1324,1740,0.15014679355520502,17
129,icu,11235,1294,1740,0.1784116391622357,10
129,icu,11236,1286,1438,0.1779260716391208,18
129,icu,11237,1318,1438,0.10535636175808887,8
129,icu,11238,1288,1438,0.09168194319340948,11
129,icu,11239,1286,1438,0.01911823781810501,20
129,icu,11239,1286,1463,0.005139312013946743,21
129,icu,11354,1628,1458,0.12448226272977449,14
129,icu,11355,1628,1458,0.20127518605031422,11
129,icu,11356,1628,1456,0.04605555221945216,14
129,icu,11357,1628,1169,0.059914817548950755,15
129,icu,11360,1628,1169,0.024162101583087053,13
129,icu,11372,1626,1458,0.15004141214060876,6
129,icu,11361,1628,1458,0.042919547432318586,16
129,icu,11362,1628,1169,0.017360754861721655,17
129,icu,11416,1629,1463,0.05076732775299827,17
129,icu,11363,1628,1169,0.007839118067269838,14
129,icu,11364,1633,1458,0.05117629272637365,16
129,icu,11373,1626,1458,0.25132601986536973,9
129,icu,11365,1628,1458,0.07393137996214035,13
129,icu,11366,1633,1458,0.01866465764734054,14
129,icu,11367,1637,1458,0.06981786756926947,11
129,icu,11374,1638,1458,0.08307768877933995,11
129,icu,11368,1637,1458,0.2965699506660668,9
129,icu,11417,1629,1463,0.05108192676772108,18
129,icu,11369,1626,1458,0.07910420435030242,7
129,icu,11370,1639,1456,0.058344212952651145,4
129,icu,11375,1638,1458,0.11361417166672948,11
129,icu,11379,1638,1458,0.05557808842954537,11
129,icu,11377,1626,1458,0.17132668777497795,3
129,icu,11378,1318,1463,0.06324308324506174,6
129,icu,11421,1629,1463,0.07433786518367506,16
129,icu,11422,1635,1458,0.04341637113214313,19
129,icu,11385,1318,1463,0.1963518746382703,14
129,icu,11411,1633,1458,0.021151123509621183,17
129,icu,11412,1633,1458,0.053471092419367115,15
129,icu,11413,1629,1458,0.05857546621858125,18
129,icu,11414,1629,1463,0.03489213848301594,20
129,icu,11420,1629,1463,0.07802773029871642,18
129,icu,11418,1629,1458,0.0679155396587356,14
129,icu,11419,1629,1458,0.08366640176909966,18
129,icu,11423,1633,1458,0.05139562976393521,16
129,icu,11426,1633,1458,0.022841199589316886,18
129,icu,11427,1633,1458,0.035931569671248484,16
129,icu,11428,1633,1458,0.02891436556872259,17
129,icu,11436,1629,1458,0.02797106299966635,18
129,icu,11691,1635,1463,0.12177826713934323,22
129,icu,11692,1635,1463,0.03330292404666748,23
129,icu,11693,1635,1463,0.018507951250768446,22
129,icu,11429,1633,1458,0.038602554745715424,17
129,icu,11432,1633,1458,0.1282813953248242,14
129,icu,11433,1633,1458,0.06596632714680241,15
129,icu,11434,1629,1463,0.11779527946405967,20
129,icu,11435,1629,1458,0.10847281187411356,14
129,icu,11694,1635,1740,0.0264055970585307,21
129,icu,11697,1294,1740,8.426653893770894e-05,11
130,icu,10001,1438,1463,0.04975462883216331,1
130,icu,10002,1437,1463,0.15912125601898344,3
130,icu,10003,1438,1463,0.08367504906602104,1
130,icu,10004,1437,1463,0.0024939287224396184,4
130,icu,10005,1437,1463,0.012319061925325754,4
130,icu,10006,1437,1463,0.0038263624389626404,3
130,icu,10007,1437,1463,0.006814441339249201,3
130,icu,10009,1438,1463,0.10432927740821694,1
130,icu,10010,1438,1463,0.04702380293423363,1
130,icu,10011,1438,1463,0.07823606448310762,1
130,icu,10012,1437,1463,0.033068157957742705,2
130,icu,10013,1437,1463,0.0487320135471155,2
130,icu,10014,1438,1463,0.03595620728050056,2
130,icu,10030,1445,1469,0.0558443504098575,2
130,icu,10022,10139,1458,0.04622070618361968,1
130,icu,10031,1445,1464,0.10536563705517692,1
130,icu,10034,3975,1464,0.056292992841938505,3
130,icu,10037,1445,1469,0.031946801163529354,2
130,icu,10035,1454,1456,0.05827261372644377,1
130,icu,10038,1437,1463,0.04290219224023447,3
130,icu,11104,1639,1458,0.04085266958257321,2
130,icu,11105,1639,1456,0.05392253597071744,2
130,icu,10128,1454,1456,0.11443751725544685,1
130,icu,10065,10139,1458,0.042040113294711745,1
130,icu,10280,1437,1463,0.0072219752694345505,3
130,icu,10282,1437,1463,0.005377310905888892,3
130,icu,11106,1639,1458,0.0682863637789301,1
130,icu,10451,1172,1464,0.0908413489983623,2
130,icu,10456,1164,1464,0.1836450189700816,4
130,icu,10452,1178,1464,0.14355549907927107,2
130,icu,10453,1178,1464,0.162682615386849,4
130,icu,10454,1172,1456,0.07041874395405356,3
130,icu,10455,1172,1464,0.08191587910507601,4
130,icu,10457,1176,1464,0.15314525170358398,4
130,icu,10458,1176,1186,0.16299567497830345,1
130,icu,10459,1164,1464,0.08904957880149522,5
130,icu,10460,1176,1169,0.10504366705344978,5
130,icu,10461,3058,1169,0.08885587707020494,3
130,icu,11004,1633,1169,0.0159616059335969,18
130,icu,10462,3058,1169,0.1516336348180297,5
130,icu,10463,3975,1186,0.11624572943291756,1
130,icu,10464,1165,1168,0.003917849575786409,2
130,icu,10465,3058,1169,0.06254864148853845,6
130,icu,10468,3975,1186,0.150998048056899,2
130,icu,10469,1165,1169,0.10956322711494369,2
130,icu,11102,1639,1458,0.05444275586703907,2
130,icu,10472,3058,1169,0.14041178076705144,6
130,icu,10473,3058,1169,0.09910701828900863,7
130,icu,10474,1172,1464,0.018198071906520463,7
130,icu,11103,1639,1458,0.06138880149066586,3
130,icu,10475,1165,1168,0.06366084295369588,2
130,icu,11201,1288,1463,0.09824190126504474,6
130,icu,11203,1320,1463,0.13734900780373563,15
130,icu,11204,1305,1740,0.1529871839127688,11
130,icu,11205,1288,1463,0.08123809238260529,9
130,icu,11206,1692,1463,0.16981796823053927,7
130,icu,11207,1286,1463,0.17194569838003304,18
130,icu,11209,1304,1740,0.11330218301646841,2
130,icu,11208,1286,1463,0.16765916729738853,18
130,icu,11210,1324,1740,0.10059323857335385,15
130,icu,11211,1692,1463,0.11656536695221605,4
130,icu,11212,1286,1463,0.1666016828913146,18
130,icu,11213,1309,1463,0.11807615159383456,14
130,icu,11218,1305,1463,0.13414566660826271,15
130,icu,11214,1294,1740,0.1769365577981399,6
130,icu,11215,1306,1463,0.07799596433727128,15
130,icu,11216,1309,1463,0.09754584523596105,13
130,icu,11217,1288,1463,0.05919964265479087,12
130,icu,11219,1305,1740,0.19527397706932284,13
130,icu,11220,1304,1738,0.21275013781911914,8
130,icu,11221,1692,1463,0.16112734151489436,9
130,icu,11223,1294,1740,0.14264873090898472,10
130,icu,11224,1294,1740,0.07112708756877092,4
130,icu,11225,1301,1463,0.09627690352607124,15
130,icu,11226,1320,1463,0.19516269042726922,15
130,icu,11228,1305,1740,0.06619435879416763,6
130,icu,11230,1293,1740,0.16817045115087068,14
130,icu,11415,1629,1458,0.027648779208340548,13
130,icu,11229,1293,1740,0.13530734142198406,13
130,icu,11231,1306,1463,0.0496611680906272,10
130,icu,11358,1628,1458,0.05952647549247682,15
130,icu,11232,1304,1738,0.05351922517523448,13
130,icu,11233,1309,1463,0.12923185820072347,15
130,icu,11234,1324,1740,0.13557356229978457,17
130,icu,11235,1294,1740,0.16109502510338183,10
130,icu,11236,1286,1463,0.16065658671061278,19
130,icu,11237,1318,1463,0.09513048488269728,9
130,icu,11238,1288,1463,0.08278330387872689,13
130,icu,11239,1286,1463,0.021903114715444354,21
130,icu,11354,1628,1458,0.11240002801130872,14
130,icu,11355,1628,1458,0.1817394386471535,11
130,icu,11356,1628,1456,0.04158540539048645,14
130,icu,11357,1628,1169,0.05409949195262926,15
130,icu,11360,1628,1169,0.02181693066301793,13
130,icu,11372,1626,1458,0.13547840919368942,6
130,icu,11361,1628,1458,0.038753780882803866,16
130,icu,11362,1628,1169,0.015675721905786356,17
130,icu,11416,1629,1463,0.04583985650938394,17
130,icu,11363,1628,1169,0.007078254130532724,14
130,icu,11364,1633,1458,0.046209127387459345,16
130,icu,11373,1626,1458,0.22693234404134505,9
130,icu,11365,1628,1458,0.0667556083608341,13
130,icu,11366,1633,1458,0.01685306803055704,14
130,icu,11367,1637,1458,0.06304135302803028,11
130,icu,11374,1638,1458,0.0750141774509943,11
130,icu,11368,1637,1458,0.26778490389864346,9
130,icu,11417,1629,1463,0.0461239205783665,18
130,icu,11369,1626,1458,0.07142635898326741,7
130,icu,11370,1639,1456,0.05268133006556596,4
130,icu,11375,1638,1458,0.10258679267056384,11
130,icu,11379,1638,1458,0.050183685284198316,11
130,icu,11377,1626,1458,0.15469773831791234,3
130,icu,11378,1318,1463,0.05710471654662656,6
130,icu,11421,1629,1463,0.06712264017150955,16
130,icu,11422,1635,1458,0.039202382929010106,19
130,icu,11385,1318,1463,0.17729398329884086,14
130,icu,11411,1633,1458,0.019098197789936478,17
130,icu,11412,1633,1458,0.048281194074845435,15
130,icu,11413,1629,1458,0.052890137914959535,18
130,icu,11414,1629,1463,0.03150551136252277,20
130,icu,11420,1629,1463,0.07045436738463803,18
130,icu,11418,1629,1458,0.061323664855098665,14
130,icu,11419,1629,1458,0.0755457500227691,18
130,icu,11423,1633,1458,0.04640717559629818,16
130,icu,11426,1633,1458,0.02062423527136798,18
130,icu,11427,1633,1458,0.03244405547403836,16
130,icu,11428,1633,1458,0.026107940429301733,17
130,icu,11436,1629,1458,0.02525619470376633,18
130,icu,11691,1635,1463,0.10995848193524889,22
130,icu,11692,1635,1463,0.03007054590443732,23
130,icu,11693,1635,1463,0.016711571539587147,22
130,icu,11429,1633,1458,0.0348557950311798,17
130,icu,11432,1633,1458,0.11583041721486328,14
130,icu,11433,1633,1458,0.059563642695018806,15
130,icu,11434,1629,1463,0.10636208260531056,20
130,icu,11435,1629,1458,0.09794445269349639,14
130,icu,11694,1635,1740,0.023842672714562394,21
130,icu,11697,1294,1740,7.608763794385182e-05,11
131,icu,10001,1438,1463,0.044925891618552496,1
131,icu,10002,1437,1463,0.14367837666383357,3
131,icu,10003,1438,1463,0.07555430065005424,1
131,icu,10004,1437,1463,0.0022518904093660756,4
131,icu,10005,1437,1463,0.011123484465462507,4
131,icu,10006,1437,1463,0.0034550100816953784,3
131,icu,10007,1437,1463,0.0061530928927398506,3
131,icu,10009,1438,1463,0.0942040151740322,1
131,icu,10010,1438,1463,0.04246009514495451,1
131,icu,10011,1438,1463,0.07064317503978763,1
131,icu,10012,1437,1463,0.0298588596740644,2
131,icu,10013,1437,1463,0.04400252218455454,2
131,icu,10014,1438,1463,0.03246662087957819,2
131,icu,10030,1445,1469,0.05042459953796105,2
131,icu,10022,10139,1458,0.04173493974888067,1
131,icu,10031,1445,1464,0.09513979506567247,1
131,icu,10034,3975,1464,0.05082970076677628,3
131,icu,10037,1445,1469,0.02884633169455729,2
131,icu,10035,1454,1456,0.05261719743574179,1
131,icu,10038,1437,1463,0.03873849095095891,3
131,icu,11104,1639,1458,0.03688787654685074,2
131,icu,11105,1639,1456,0.048689299140182524,2
131,icu,10128,1454,1456,0.10333124008737377,1
131,icu,10065,10139,1458,0.037960077641840756,1
131,icu,10280,1437,1463,0.006521075241480722,3
131,icu,10282,1437,1463,0.004855437426176873,3
131,icu,11106,1639,1458,0.061659102884797354,1
131,icu,10451,1172,1464,0.08202510390239968,2
131,icu,10456,1164,1464,0.16582208353654757,4
131,icu,10452,1178,1464,0.12962329222951474,2
131,icu,10453,1178,1464,0.14689410249137738,4
131,icu,10454,1172,1456,0.06358453340022345,3
131,icu,10455,1172,1464,0.07396585991882844,4
131,icu,10457,1176,1464,0.13828234963102645,4
131,icu,10458,1176,1186,0.14717677933182324,1
131,icu,10459,1164,1464,0.08040722682122717,5
131,icu,10460,1176,1169,0.09484907257931222,5
131,icu,10461,3058,1169,0.08023232403950553,3
131,icu,11004,1633,1169,0.014412515881683447,18
131,icu,10462,3058,1169,0.13691743669803544,5
131,icu,10463,3975,1186,0.10496396343824885,1
131,icu,10464,1165,1168,0.0035376182990594553,2
131,icu,10465,3058,1169,0.056478232364689,6
131,icu,10468,3975,1186,0.13634353427699508,2
131,icu,10469,1165,1169,0.09893000475089256,2
131,icu,11102,1639,1458,0.049159031167705,2
131,icu,10472,3058,1169,0.12678467496939083,6
131,icu,10473,3058,1169,0.08948858160130928,7
131,icu,10474,1172,1464,0.016431930562618487,7
131,icu,11103,1639,1458,0.05543095601548625,3
131,icu,10475,1165,1168,0.05748249354911487,2
131,icu,11201,1288,1463,0.08870742506234537,6
131,icu,11203,1320,1463,0.1240191472299253,15
131,icu,11204,1305,1740,0.13813962247969944,11
131,icu,11205,1288,1463,0.0733538530855159,9
131,icu,11206,1692,1463,0.15333696210142708,7
131,icu,11207,1286,1463,0.1552581938809292,18
131,icu,11209,1304,1740,0.10230609118829877,2
131,icu,11208,1286,1463,0.1513876749893491,18
131,icu,11210,1324,1740,0.09083056269900817,15
131,icu,11211,1692,1463,0.10525257981196691,4
131,icu,11212,1286,1463,0.1504328205179019,18
131,icu,11213,1309,1463,0.10661674127114056,14
131,icu,11218,1305,1463,0.12112669354786647,15
131,icu,11214,1294,1740,0.15976468532834118,6
131,icu,11215,1306,1463,0.07042637685673156,15
131,icu,11216,1309,1463,0.08807892197716431,13
131,icu,11217,1288,1463,0.053454257265947214,12
131,icu,11219,1305,1740,0.17632243945248746,13
131,icu,11220,1304,1738,0.18721695442409386,8
131,icu,11220,1304,1740,0.004885566644562939,12
131,icu,11221,1692,1463,0.14548976952681444,9
131,icu,11223,1294,1740,0.12880452683024188,10
131,icu,11224,1294,1740,0.06422413154838438,4
131,icu,11225,1301,1463,0.08693313234779984,15
131,icu,11226,1320,1463,0.17622195329196644,15
131,icu,11228,1305,1740,0.05977012910653947,6
131,icu,11230,1293,1740,0.15184933822605698,14
131,icu,11415,1629,1458,0.024965437131272982,13
131,icu,11229,1293,1740,0.12217562664217811,13
131,icu,11231,1306,1463,0.044841501336816,10
131,icu,11358,1628,1458,0.05374937064510221,15
131,icu,11232,1304,1463,0.048325130066636024,16
131,icu,11233,1309,1463,0.11668977523226377,15
131,icu,11234,1324,1740,0.12241601051365682,17
131,icu,11235,1294,1740,0.14546058945583035,10
131,icu,11236,1286,1463,0.1450647019539579,19
131,icu,11237,1318,1463,0.08589797479702313,9
131,icu,11238,1288,1463,0.07474910023803057,13
131,icu,11239,1286,1463,0.01977739520747201,21
131,icu,11354,1628,1458,0.10149149124179614,14
131,icu,11355,1628,1458,0.16410144171753008,11
131,icu,11356,1628,1456,0.03754949960110739,14
131,icu,11357,1628,1169,0.04884908136449461,15
131,icu,11360,1628,1169,0.019699575404783537,13
131,icu,11372,1626,1458,0.12233009211305895,6
131,icu,11361,1628,1458,0.034992687125112214,16
131,icu,11362,1628,1169,0.014154377188855144,17
131,icu,11416,1629,1463,0.041391051921973294,17
131,icu,11363,1628,1169,0.006391302384941504,14
131,icu,11364,1633,1458,0.041724484686636566,16
131,icu,11373,1626,1458,0.20490832978649423,9
131,icu,11365,1628,1458,0.06027690883326749,13
131,icu,11366,1633,1458,0.015217460677577269,14
131,icu,11367,1637,1458,0.05692312574932442,11
131,icu,11374,1638,1458,0.0677339754133526,11
131,icu,11368,1637,1458,0.24179610725701944,9
131,icu,11417,1629,1463,0.041647547284824546,18
131,icu,11369,1626,1458,0.06449435836843671,7
131,icu,11370,1639,1456,0.047568553527563354,4
131,icu,11375,1638,1458,0.09263064034824751,11
131,icu,11379,1638,1458,0.04531330770655886,11
131,icu,11377,1626,1458,0.13968416584414392,3
131,icu,11378,1318,1463,0.05156264586227766,6
131,icu,11421,1629,1463,0.060608319834293926,16
131,icu,11422,1635,1458,0.03539775188754281,19
131,icu,11385,1318,1463,0.1600874223215236,14
131,icu,11411,1633,1458,0.017244698315701603,17
131,icu,11412,1633,1458,0.043595455199509615,15
131,icu,11413,1629,1458,0.047757096363298356,18
131,icu,11414,1629,1463,0.028447869516510075,20
131,icu,11420,1629,1463,0.06361669954072302,18
131,icu,11418,1629,1458,0.055372140956494245,14
131,icu,11419,1629,1458,0.040937289784655675,18
131,icu,11419,1629,1463,0.027276668543000412,20
131,icu,11423,1633,1450,0.041903312115850355,20
131,icu,11426,1633,1456,0.018622632311107508,22
131,icu,11427,1633,1456,0.02929532696967316,21
131,icu,11428,1633,1450,0.023574138319211263,21
131,icu,11436,1629,1463,0.022805055380595653,20
131,icu,11691,1635,1463,0.09928689968982661,22
131,icu,11692,1635,1463,0.027152168912174764,23
131,icu,11693,1635,1463,0.01508969656463087,22
131,icu,11429,1633,1450,0.031473004755629655,20
131,icu,11432,1633,1463,0.10458895769236928,17
131,icu,11433,1633,1463,0.053782930732924374,19
131,icu,11434,1629,1463,0.09603953456408382,20
131,icu,11435,1629,1463,0.08843884417648341,17
131,icu,11694,1635,1740,0.02152871713472846,21
131,icu,11697,1294,1740,6.870325547615028e-05,11
132,icu,10030,1445,1172,0.045531033918223274,1
132,icu,10022,10139,1458,0.03768468118127028,1
132,icu,10031,1445,1464,0.08590674543378048,1
132,icu,10037,1445,1172,0.026046876303151206,1
132,icu,10065,10139,1458,0.03427615882894382,1
132,icu,10456,1164,1178,0.149729516527129,1
132,icu,10459,1164,1178,0.0726039315178189,1
133,icu,10030,1445,1172,0.04111248342787681,1
133,icu,10022,10139,1458,0.034027578493659054,1
133,icu,10031,1445,1464,0.07756994173100806,1
133,icu,10037,1445,1172,0.02351916216716232,1
133,icu,10065,10139,1458,0.030949835541999822,1
133,icu,10456,1164,1178,0.13519904419349957,1
133,icu,10459,1164,1178,0.0655580968507361,1
134,icu,10030,1445,1172,0.037123025363443925,1
134,icu,10022,10139,1458,0.030725622831632493,1
134,icu,10031,1445,1464,0.07004273822019987,1
134,icu,10037,1445,1172,0.021236918348418236,1
134,icu,10065,10139,1458,0.027946536769924667,1
134,icu,10456,1164,1178,0.12207964900766541,1
134,icu,10459,1164,1178,0.059196494330935524,1
135,icu,10030,1445,1172,0.03352094036890051,1
135,icu,10022,10139,1458,0.027744284326317405,1
135,icu,10031,1445,1464,0.06324641992852956,1
135,icu,10037,1445,1172,0.01917627851197565,1
135,icu,10065,10139,1458,0.025234855818201108,1
135,icu,10456,1164,1178,0.11023413621541697,1
135,icu,10459,1164,1178,0.05345259814059399,1
136,icu,10030,1445,1172,0.030268377061221804,1
136,icu,10022,10139,1458,0.025052234514931243,1
136,icu,10031,1445,1464,0.05710956987188773,1
136,icu,10037,1445,1172,0.017315589068914974,1
136,icu,10065,10139,1458,0.02278629783606907,1
136,icu,10456,1164,1178,0.09953803095219574,1
136,icu,10459,1164,1178,0.048266050343937016,1
137,icu,10030,1445,1172,0.027331444653038686,1
137,icu,10022,10139,1458,0.02262142300179704,1
137,icu,10031,1445,1464,0.05156824381284943,1
137,icu,10037,1445,1172,0.015635462162856637,1
137,icu,10065,10139,1458,0.020575349543667867,1
137,icu,10456,1164,1178,0.0898798828341467,1
137,icu,10459,1164,1178,0.04358280858362096,1
138,icu,10030,1445,1172,0.02467968530580793,1
138,icu,10022,10139,1458,0.020426640740772026,1
138,icu,10031,1445,1464,0.04656497471065089,1
138,icu,10037,1445,1172,0.01411847381976083,1
138,icu,10065,10139,1458,0.018579082014907898,1
138,icu,10456,1164,1178,0.08115953078327348,1
138,icu,10459,1164,1178,0.039354304693420016,1
138,icu,11230,1293,1324,0.006093751892146768,1
138,icu,11229,1293,1324,0.05979732204514326,1
139,icu,10030,1445,1172,0.022285340711309793,1
139,icu,10022,10139,1458,0.01844491300658924,1
139,icu,10031,1445,1464,0.04204738892663963,1
139,icu,10037,1445,1172,0.01274874438220789,1
139,icu,11105,1639,1454,0.018244263684871188,1
139,icu,10065,10139,1458,0.016776598553635256,1
139,icu,11106,1639,1458,0.027250471562138175,1
139,icu,10456,1164,1178,0.07328569116923249,1
139,icu,10459,1164,1178,0.03553627518674928,1
139,icu,11102,1639,1454,0.021726018027876666,1
139,icu,11103,1639,1626,0.02449791871581987,1
139,icu,11230,1293,1324,0.06711038402212827,1
139,icu,11229,1293,1324,0.05399597599756787,1
139,icu,11370,1639,1626,0.021023100475153354,1
140,icu,10030,1445,1172,0.0201232361519869,1
140,icu,10022,10139,1458,0.01665540343505185,1
140,icu,10031,1445,1464,0.03796798747240145,1
140,icu,10037,1445,1172,0.011511872183954936,1
140,icu,11104,1639,1626,0.014721057930044433,1
140,icu,11105,1639,1454,0.019430719800461977,1
140,icu,10065,10139,1458,0.015148947413245184,1
140,icu,11106,1639,1458,0.024606654284608433,1
140,icu,10456,1164,1178,0.06617557653994556,1
140,icu,10459,1164,1178,0.032088576378912305,1
140,icu,11102,1639,1454,0.019618178473502508,1
140,icu,11103,1639,1626,0.02212115174440377,1
140,icu,11230,1293,1324,0.06059939237287267,1
140,icu,11229,1293,1324,0.04875733291816532,1
140,icu,11370,1639,1626,0.018983457376254512,1
141,icu,10030,1445,1172,0.01817087565833376,1
141,icu,10022,10139,1458,0.015039492781971364,1
141,icu,10031,1445,1464,0.03428432555019542,1
141,icu,10037,1445,1172,0.010394987986493536,1
141,icu,11104,1639,1626,0.013292817874104908,1
141,icu,11105,1639,1454,0.017545547385093778,1
141,icu,10065,10139,1458,0.013679193431993588,1
141,icu,11106,1639,1458,0.02221931164531297,1
141,icu,10456,1164,1178,0.05975520854816246,1
141,icu,10459,1164,1178,0.028975336125377137,1
141,icu,11102,1639,1454,0.017714818779275544,1
141,icu,11103,1639,1626,0.019974953070707045,1
141,icu,11230,1293,1324,0.054720026911244356,1
141,icu,11229,1293,1324,0.04402688649064472,1
141,icu,11370,1639,1626,0.01714167845290335,1
142,icu,10030,1445,1172,0.016408068899224353,1
142,icu,10022,10139,1458,0.013580470111400334,1
142,icu,10031,1445,1464,0.03095830857953426,1
142,icu,10037,1445,1172,0.009386541534709704,1
142,icu,11104,1639,1626,0.012003244953311986,1
142,icu,11105,1639,1454,0.015843405446296654,1
142,icu,10065,10139,1458,0.012352137152786484,1
142,icu,11106,1639,1458,0.02006375494636257,1
142,icu,10456,1164,1178,0.05395819097447266,1
142,icu,10459,1164,1178,0.02616435885990585,1
142,icu,11102,1639,1454,0.01599625535571356,1
142,icu,11103,1639,1626,0.018037127786553156,1
142,icu,11230,1293,1324,0.049411486194135316,1
142,icu,11229,1293,1324,0.03975571681519453,1
142,icu,11370,1639,1626,0.015478716953004507,1
143,icu,10030,1445,1172,0.014816387357689916,1
143,icu,10022,10139,1458,0.012263082688514887,1
143,icu,10031,1445,1464,0.02795516612408655,1
143,icu,10037,1445,1172,0.008475990452104851,1
143,icu,11104,1639,1626,0.010838857873513326,1
143,icu,11105,1639,1454,0.014306499661782997,1
143,icu,10065,10139,1458,0.01115390542756979,1
143,icu,11106,1639,1458,0.01811744983281535,1
143,icu,10456,1164,1178,0.04872392135285265,1
143,icu,10459,1164,1178,0.023626258410719917,1
143,icu,11102,1639,1454,0.014444522209068604,1
143,icu,11103,1639,1626,0.01628741771789836,1
143,icu,11230,1293,1324,0.04461827433001969,1
143,icu,11229,1293,1324,0.035899172756666924,1
143,icu,11370,1639,1626,0.013977188149581573,1
144,icu,10030,1445,1172,0.013379063044353271,1
144,icu,10022,10139,1458,0.01107345214773991,1
144,icu,10031,1445,1464,0.025243260786874895,1
144,icu,10037,1445,1172,0.007653742297928688,1
144,icu,10065,10139,1458,0.01007187516792064,1
144,icu,10456,1164,1178,0.043997257888211926,1
144,icu,10459,1164,1178,0.021334296488620383,1
145,icu,10030,1445,1172,0.01208109912798931,1
145,icu,10022,10139,1458,0.009999166058370179,1
145,icu,10031,1445,1464,0.022794296945078996,1
145,icu,10037,1445,1172,0.0069112178554526634,1
145,icu,10065,10139,1458,0.00909475662869672,1
145,icu,10456,1164,1178,0.03972888326671995,1
145,icu,10459,1164,1178,0.01926455909883158,1
146,icu,10030,1445,1172,0.0109091175911153,1
146,icu,10022,10139,1458,0.009029151833638168,1
146,icu,10031,1445,1464,0.020583033310649868,1
146,icu,10037,1445,1172,0.006240763980511849,1
146,icu,10065,10139,1458,0.008212478721838003,1
146,icu,10456,1164,1178,0.03587480366883423,1
146,icu,10459,1164,1178,0.01739571361212076,1
147,icu,10030,1445,1172,0.009850941236116592,1
147,icu,10022,10139,1458,0.008153330769629237,1
147,icu,10031,1445,1464,0.0185864942705703,1
147,icu,10037,1445,1172,0.005635414480320963,1
147,icu,10065,10139,1458,0.007415874346938188,1
147,icu,10456,1164,1178,0.03239497418991299,1
147,icu,10459,1164,1178,0.015708342230436587,1
148,icu,10030,1445,1172,0.008895426886580444,1
148,icu,10022,10139,1458,0.007362479990991709,1
148,icu,10031,1445,1464,0.016783655175561903,1
148,icu,10037,1445,1172,0.0050887946931895125,1
148,icu,10065,10139,1458,0.006696554823756273,1
148,icu,10456,1164,1178,0.029252750320194976,1
148,icu,10459,1164,1178,0.014184676009225442,1
149,icu,10030,1445,1172,0.008032507306130034,1
149,icu,10022,10139,1458,0.006648267145907734,1
149,icu,10031,1445,1464,0.015155521431427706,1
149,icu,10037,1445,1172,0.00459514546897185,1
149,icu,10065,10139,1458,0.006046941449079847,1
149,icu,10456,1164,1178,0.02641502579554015,1
149,icu,10459,1164,1178,0.012808661701337496,1
150,icu,10030,1445,1172,0.007253256345611182,1
150,icu,10022,10139,1458,0.006003304326480121,1
150,icu,10031,1445,1464,0.01368525141703366,1
150,icu,10037,1445,1172,0.004149360437729179,1
150,icu,10065,10139,1458,0.005460314540094568,1
150,icu,10456,1164,1178,0.023852446834971237,1
150,icu,10459,1164,1178,0.011566065640937883,1
151,icu,10030,1445,1172,0.0065496763275082895,1
151,icu,10022,10139,1458,0.0054209720931436,1
151,icu,10031,1445,1464,0.01235775532687199,1
151,icu,10037,1445,1172,0.003746864379023161,1
151,icu,10065,10139,1458,0.0049306533755209755,1
151,icu,10456,1164,1178,0.02153871295100312,1
151,icu,10459,1164,1178,0.010444134706020044,1
152,icu,10030,1445,1172,0.005914427221359141,1
152,icu,10022,10139,1458,0.004895195321218898,1
152,icu,10031,1445,1464,0.01115918418642728,1
152,icu,10037,1445,1172,0.003383458291665856,1
152,icu,10065,10139,1458,0.004452432316508344,1
152,icu,10456,1164,1178,0.01944968633876241,1
152,icu,10459,1164,1178,0.009431164460660673,1
153,icu,10030,1445,1172,0.005340789361591012,1
153,icu,10022,10139,1458,0.004420412343575685,1
153,icu,10031,1445,1464,0.01007685950917993,1
153,icu,10037,1445,1172,0.003055298065763217,1
153,icu,10065,10139,1458,0.004020592740297045,1
153,icu,10456,1164,1178,0.017563269273008886,1
153,icu,10459,1164,1178,0.008516439704762605,1
154,icu,10030,1445,1172,0.004822704406578654,1
154,icu,10022,10139,1458,0.003991608851225398,1
154,icu,10031,1445,1464,0.009099350577068795,1
154,icu,10037,1445,1172,0.0027589179141073697,1
154,icu,10065,10139,1458,0.003630573874554082,1
154,icu,10456,1164,1178,0.015859538802637727,1
154,icu,10459,1164,1178,0.007690299787498953,1
155,icu,10030,1445,1172,0.004354833326589856,1
155,icu,10022,10139,1458,0.0036043658882173113,1
155,icu,10031,1445,1464,0.008216583850606675,1
155,icu,10037,1445,1172,0.0024912635452613227,1
155,icu,10065,10139,1458,0.0032783564512034783,1
155,icu,10456,1164,1178,0.014320937444944634,1
155,icu,10459,1164,1178,0.006944231075075558,1
156,icu,10030,1445,1172,0.003932405510278038,1
156,icu,10022,10139,1458,0.0032547349615749963,1
156,icu,10031,1445,1464,0.0074195582670184505,1
156,icu,10037,1445,1172,0.002249605842116558,1
156,icu,10065,10139,1458,0.0029603491124798867,1
156,icu,10456,1164,1178,0.01293177696996881,1
156,icu,10459,1164,1178,0.006270626335464105,1
157,icu,10030,1445,1172,0.0035510280584291455,1
157,icu,10022,10139,1458,0.002939080199408516,1
157,icu,10031,1445,1464,0.006699985420748127,1
157,icu,10037,1445,1172,0.0020314317648276337,1
157,icu,10065,10139,1458,0.0026732448456005327,1
157,icu,10456,1164,1178,0.01167761125999955,1
157,icu,10459,1164,1178,0.005662480637604282,1
158,icu,10030,1445,1172,0.003206662612693425,1
158,icu,10022,10139,1458,0.002654059172745586,1
158,icu,10031,1445,1464,0.006050245844525401,1
158,icu,10037,1445,1172,0.001834431095256459,1
158,icu,10065,10139,1458,0.0024140035392327154,1
158,icu,10456,1164,1178,0.0105451601104986,1
158,icu,10459,1164,1178,0.005113354402425762,1
159,icu,10030,1445,1172,0.00289563471709726,1
159,icu,10022,10139,1458,0.002396630643776212,1
159,icu,10031,1445,1464,0.005463406672417559,1
159,icu,10037,1445,1172,0.0016565017923995719,1
159,icu,10065,10139,1458,0.0021798590309214413,1
159,icu,10456,1164,1178,0.00952234001557813,1
159,icu,10459,1164,1178,0.004617388330744767,1
160,icu,10030,1445,1172,0.0026147048464655732,1
160,icu,10022,10139,1458,0.002164113353963177,1
160,icu,10031,1445,1464,0.004933355654370241,1
160,icu,10037,1445,1172,0.0014957906255205979,1
160,icu,10065,10139,1458,0.001968372577904341,1
160,icu,10456,1164,1178,0.008598497746077724,1
160,icu,10459,1164,1178,0.004169416665412362,1
161,icu,10030,1445,1172,0.0023610341945369457,1
161,icu,10022,10139,1458,0.001954157707883521,1
161,icu,10031,1445,1464,0.004454736606131767,1
161,icu,10037,1445,1172,0.0013506736026040551,1
161,icu,10065,10139,1458,0.001777407102106803,1
161,icu,10456,1164,1178,0.007764297843246325,1
161,icu,10459,1164,1178,0.0037649126369339934,1
162,icu,10030,1445,1172,0.002132031653849994,1
162,icu,10022,10139,1458,0.0017646191230363487,1
162,icu,10031,1445,1464,0.004022660694967161,1
162,icu,10037,1445,1172,0.0012196684323482348,1
162,icu,10065,10139,1458,0.0016050119952679043,1
162,icu,10456,1164,1178,0.007011219409707441,1
162,icu,10459,1164,1178,0.003399744457109564,1
163,icu,10030,1445,1172,0.0019252964445817832,1
163,icu,10022,10139,1458,0.0015935105454404962,1
163,icu,10031,1445,1464,0.0036325981932743257,1
163,icu,10037,1445,1172,0.0011014017039232525,1
163,icu,10065,10139,1458,0.0014493799294303658,1
163,icu,10456,1164,1178,0.006331367443497754,1
163,icu,10459,1164,1178,0.003070083834796666,1
164,icu,10030,1445,1172,0.0017386178847044141,1
164,icu,10022,10139,1458,0.0014390022593999791,1
164,icu,10031,1445,1464,0.0032803780449215934,1
164,icu,10037,1445,1172,0.0009946087554848443,1
164,icu,10065,10139,1458,0.0013088466839124284,1
164,icu,10456,1164,1178,0.005717472082223474,1
164,icu,10459,1164,1178,0.00277240560940155,1
165,icu,10030,1445,1172,0.0015699856044857285,1
165,icu,10022,10139,1458,0.0012994303417421121,1
165,icu,10031,1445,1464,0.0029622071376963466,1
165,icu,10037,1445,1172,0.000898139517569813,1
165,icu,10065,10139,1458,0.0011818988348729356,1
165,icu,10456,1164,1178,0.005162922193605517,1
165,icu,10459,1164,1178,0.002503504038954435,1
166,icu,10030,1445,1172,0.001417647842692293,1
166,icu,10022,10139,1458,0.001173344911849069,1
166,icu,10031,1445,1464,0.0026747802950323877,1
166,icu,10037,1445,1172,0.0008109918625251422,1
166,icu,10065,10139,1458,0.0010672176412005966,1
166,icu,10456,1164,1178,0.004661957083453981,1
166,icu,10459,1164,1178,0.0022605857594202284,1
167,icu,10030,1445,1172,0.001280087830702117,1
167,icu,10022,10139,1458,0.0010594905854910924,1
167,icu,10031,1445,1464,0.0024152357181810792,1
167,icu,10037,1445,1172,0.0007322980945996558,1
167,icu,10065,10139,1458,0.0009636612662683869,1
167,icu,10456,1164,1178,0.004209588834453787,1
167,icu,10459,1164,1178,0.002041232126729543,1
168,icu,10030,1445,1172,0.0011559174663793794,1
168,icu,10022,10139,1458,0.0009567184718582475,1
168,icu,10031,1445,1464,0.0021809543729023407,1
168,icu,10037,1445,1172,0.0006612641241029502,1
168,icu,10065,10139,1458,0.0008701847347005296,1
168,icu,10456,1164,1178,0.003801252651040219,1
168,icu,10459,1164,1178,0.0018432296688011185,1
169,icu,10030,1445,1172,0.0010438426330210107,1
169,icu,10022,10139,1458,0.0008639574690850665,1
169,icu,10031,1445,1464,0.0019694945541742347,1
169,icu,10037,1445,1172,0.0005971496274625977,1
169,icu,10065,10139,1458,0.0007858138241734718,1
169,icu,10456,1164,1178,0.0034326928102128246,1
169,icu,10459,1164,1178,0.001664514783023724,1
170,icu,10030,1445,1172,0.0009426631468390008,1
170,icu,10022,10139,1458,0.0007802142207832152,1
170,icu,10031,1445,1464,0.0017785917871039757,1
170,icu,10037,1445,1172,0.00053926801718042,1
170,icu,10065,10139,1458,0.0007096450258801069,1
170,icu,10456,1164,1178,0.0030999624888301542,1
170,icu,10459,1164,1178,0.001503173652511276,1
171,icu,10030,1445,1172,0.0008512730250681372,1
171,icu,10022,10139,1458,0.0007045733379462885,1
171,icu,10031,1445,1464,0.0016061593327864935,1
171,icu,10037,1445,1172,0.0004869865952085181,1
171,icu,10065,10139,1458,0.0006408457463636168,1
171,icu,10456,1164,1178,0.002799424645286257,1
171,icu,10459,1164,1178,0.0013574426736282944,1
172,icu,10030,1445,1172,0.0007686861381147697,1
172,icu,10022,10139,1458,0.0006362186304696015,1
172,icu,10031,1445,1464,0.0014503365880973648,1
172,icu,10037,1445,1172,0.0004397412277389309,1
172,icu,10065,10139,1458,0.0005786736186784453,1
172,icu,10456,1164,1178,0.0025278363770027397,1
172,icu,10459,1164,1178,0.0012257493609879185,1
173,icu,10030,1445,1172,0.0006940708158396565,1
173,icu,10022,10139,1458,0.0005744617497401708,1
173,icu,10031,1445,1464,0.0013095543799081036,1
173,icu,10037,1445,1172,0.0003970561423725349,1
173,icu,10065,10139,1458,0.0005225025543013856,1
173,icu,10456,1164,1178,0.0022824627237306777,1
173,icu,10459,1164,1178,0.001106767530740614,1
174,icu,10030,1445,1172,0.000626703940410189,1
174,icu,10022,10139,1458,0.000518704192657292,1
174,icu,10031,1445,1464,0.0011824483486990872,1
174,icu,10037,1445,1172,0.0003585176660798004,1
174,icu,10065,10139,1458,0.0004717881838309641,1
174,icu,10456,1164,1178,0.002060925701177795,1
174,icu,10459,1164,1178,0.0009993440968903036,1
175,icu,10030,1445,1172,0.0005659098656225238,1
175,icu,10022,10139,1458,0.00046838674697401877,1
175,icu,10031,1445,1464,0.0010677437031589411,1
175,icu,10037,1445,1172,0.00032373928286094135,1
175,icu,10065,10139,1458,0.00042602187492123627,1
175,icu,10456,1164,1178,0.0018610034362448215,1
175,icu,10459,1164,1178,0.0009024016718511437,1
176,icu,10030,1445,1172,0.000511054465613316,1
176,icu,10022,10139,1458,0.0004229845655930537,1
176,icu,10031,1445,1464,0.0009642439914519088,1
176,icu,10037,1445,1172,0.0002923582292005752,1
176,icu,10065,10139,1458,0.0003847262521001539,1
176,icu,10456,1164,1178,0.0016806105961210303,1
176,icu,10459,1164,1178,0.0008149290765043234,1
177,icu,10030,1445,1172,0.00046154513485971953,1
177,icu,10022,10139,1458,0.000382007166566747,1
177,icu,10031,1445,1464,0.0008708311012178534,1
177,icu,10037,1445,1172,0.00026403549406772345,1
177,icu,10065,10139,1458,0.00034745519676956585,1
177,icu,10456,1164,1178,0.0015177983882842402,1
177,icu,10459,1164,1178,0.000735981340198066,1
178,icu,10030,1445,1172,0.0004168307881793874,1
178,icu,10022,10139,1458,0.0003449984330970972,1
178,icu,10031,1445,1464,0.000786465259572257,1
178,icu,10037,1445,1172,0.0002384558189158116,1
178,icu,10065,10139,1458,0.0003137938472052173,1
178,icu,10456,1164,1178,0.0013707545605008136,1
178,icu,10459,1164,1178,0.0006646797007476273,1
179,icu,10030,1445,1172,0.0003764091935614638,1
179,icu,10022,10139,1458,0.0003115426827016438,1
179,icu,10031,1445,1464,0.0007101988684969687,1
179,icu,10037,1445,1172,0.00021533189256526627,1
179,icu,10065,10139,1458,0.0002833641187757779,1
179,icu,10456,1164,1178,0.001237827514954964,1
179,icu,10459,1164,1178,0.0006002232973909236,1
180,icu,10030,1445,1172,0.0003398615181166201,1
180,icu,10022,10139,1458,0.0002812932598677768,1
180,icu,10031,1445,1464,0.0006412416852211462,1
180,icu,10037,1445,1172,0.00019442411385790526,1
180,icu,10065,10139,1458,0.00025585071043486237,1
180,icu,10456,1164,1178,0.0011176399131452748,1
180,icu,10459,1164,1178,0.0005419442578703458,1
181,icu,10030,1445,1172,0.00030684564531037,1
181,icu,10022,10139,1458,0.0002539670049257178,1
181,icu,10031,1445,1464,0.000578948213354578,1
181,icu,10037,1445,1172,0.00017553676865574014,1
181,icu,10065,10139,1458,0.0002309960738760755,1
181,icu,10456,1164,1178,0.0010090666995020313,1
181,icu,10459,1164,1178,0.0004892970420717473,1
182,icu,10030,1445,1172,0.00027704862612214123,1
182,icu,10022,10139,1458,0.00022930489928855215,1
182,icu,10031,1445,1464,0.000522727988997579,1
182,icu,10037,1445,1172,0.00015849082864057644,1
182,icu,10065,10139,1458,0.00020856461835149444,1
182,icu,10456,1164,1178,0.0009110787362808093,1
182,icu,10459,1164,1178,0.0004417826204914496,1
183,icu,10030,1445,1172,0.00025017302833140755,1
183,icu,10022,10139,1458,0.00020706076716278267,1
183,icu,10031,1445,1464,0.00047201982493664466,1
183,icu,10037,1445,1172,0.0001431161421688004,1
183,icu,10065,10139,1458,0.00018833243429539507,1
183,icu,10456,1164,1178,0.0008226979129766071,1
183,icu,10459,1164,1178,0.0003989267067644851,1
184,icu,10030,1445,1172,0.00022593693875902295,1
184,icu,10022,10139,1458,0.000187001277403415,1
184,icu,10031,1445,1464,0.00042629181487334076,1
184,icu,10037,1445,1172,0.00012925143555357605,1
184,icu,10065,10139,1458,0.00017008729501154766,1
184,icu,10456,1164,1178,0.0007429971536945094,1
184,icu,10459,1164,1178,0.00036027976123863655,1
185,icu,10030,1445,1172,0.0002040739632672216,1
185,icu,10022,10139,1458,0.0001689059435139576,1
185,icu,10031,1445,1464,0.00038504133342430344,1
185,icu,10037,1445,1172,0.00011674431306484523,1
185,icu,10065,10139,1458,0.0001536286566732173,1
185,icu,10456,1164,1178,0.0006711004171496868,1
185,icu,10459,1164,1178,0.000325416990974437,1
186,icu,10030,1445,1172,0.00018433322675961793,1
186,icu,10022,10139,1458,0.00015256712364642192,1
186,icu,10031,1445,1464,0.00034779503612123916,1
186,icu,10037,1445,1172,0.00010545125692932758,1
186,icu,10065,10139,1458,0.00013876765832316365,1
186,icu,10456,1164,1178,0.0006061826966673954,1
186,icu,10459,1164,1178,0.0002939383497451694,1
187,icu,10030,1445,1172,0.0001664804092724333,1
187,icu,10022,10139,1458,0.0001377908781431831,1
187,icu,10031,1445,1464,0.0003141108142803317,1
187,icu,10037,1445,1172,9.523822004581154e-05,1
187,icu,10065,10139,1458,0.00012532790185213892,1
187,icu,10456,1164,1178,0.0005474734273851673,1
187,icu,10459,1164,1178,0.0002654701901912329,1
188,icu,10030,1445,1172,0.00015031794865604856,1
188,icu,10022,10139,1458,0.00012441369069500792,1
188,icu,10031,1445,1464,0.0002836159128851857,1
188,icu,10037,1445,1172,8.599218330556012e-05,1
188,icu,10065,10139,1458,0.00011316066075349071,1
188,icu,10456,1164,1178,0.0004943229230867909,1
188,icu,10459,1164,1178,0.00023969747908041011,1
189,icu,10030,1445,1172,0.00013569710506820297,1
189,icu,10022,10139,1458,0.00011231245376287981,1
189,icu,10031,1445,1464,0.0002560296935521461,1
189,icu,10037,1445,1172,7.762805731043499e-05,1
189,icu,10065,10139,1458,0.00010215396237870239,1
189,icu,10456,1164,1178,0.00044624205047672037,1
189,icu,10459,1164,1178,0.0002163830353870984,1
190,icu,10030,1445,1172,0.00012249238686674725,1
190,icu,10022,10139,1458,0.00010138330165084726,1
190,icu,10031,1445,1464,0.0002311153819840259,1
190,icu,10037,1445,1172,7.007405222834026e-05,1
190,icu,10065,10139,1458,9.221333552675226e-05,1
190,icu,10456,1164,1178,0.00040281812832876275,1
190,icu,10459,1164,1178,0.00019532674973954422,1
191,icu,10030,1445,1172,0.00011058281147311016,1
191,icu,10022,10139,1458,9.152610068063418e-05,1
191,icu,10031,1445,1464,0.00020864471146503052,1
191,icu,10037,1445,1172,6.32609577210143e-05,1
191,icu,10065,10139,1458,8.324770345894626e-05,1
191,icu,10456,1164,1178,0.00036365330354276197,1
191,icu,10459,1164,1178,0.00017633570293311863,1
192,icu,10030,1445,1172,9.985163824588471e-05,1
192,icu,10022,10139,1458,8.264422809906037e-05,1
192,icu,10031,1445,1464,0.0001883974188537357,1
192,icu,10037,1445,1172,5.712199012938758e-05,1
192,icu,10065,10139,1458,7.516918280382729e-05,1
192,icu,10456,1164,1178,0.00032836367269521277,1
192,icu,10459,1164,1178,0.00015922373996968828,1
193,icu,10030,1445,1172,9.018636848082819e-05,1
193,icu,10022,10139,1458,7.464457207804158e-05,1
193,icu,10031,1445,1464,0.0001701612445830872,1
193,icu,10037,1445,1172,5.159279247358266e-05,1
193,icu,10065,10139,1458,6.78930835571754e-05,1
193,icu,10456,1164,1178,0.00029657928203926124,1
193,icu,10459,1164,1178,0.00014381147005761524,1
194,icu,10030,1445,1172,8.147874541086215e-05,1
194,icu,10022,10139,1458,6.743753171458942e-05,1
194,icu,10031,1445,1464,0.00015373193266040122,1
194,icu,10037,1445,1172,4.661143445291416e-05,1
194,icu,10065,10139,1458,6.133790908200771e-05,1
194,icu,10456,1164,1178,0.000267944127504704,1
194,icu,10459,1164,1178,0.00012992626661175718,1
195,icu,10030,1445,1172,7.362475420607244e-05,1
195,icu,10022,10139,1458,6.09370170308115e-05,1
195,icu,10031,1445,1464,0.000138913230667364,1
195,icu,10037,1445,1172,4.21184124458888e-05,1
195,icu,10065,10139,1458,5.542535610857844e-05,1
195,icu,10456,1164,1178,0.00024211615469798908,1
195,icu,10459,1164,1178,0.00011740226725346728,1
196,icu,10030,1445,1172,6.652462197370914e-05,1
196,icu,10022,10139,1458,5.506044897391127e-05,1
196,icu,10031,1445,1464,0.00012551688976003203,1
196,icu,10037,1445,1172,3.8056649510205395e-05,1
196,icu,10065,10139,1458,5.008031473437886e-05,1
196,icu,10456,1164,1178,0.00021876725890221515,1
196,icu,10459,1164,1178,0.0001060803738105942,1
197,icu,10030,1445,1172,6.008579749103422e-05,1
197,icu,10022,10139,1458,4.973122565235068e-05,1
197,icu,10031,1445,1464,0.00011336828674962334,1
197,icu,10037,1445,1172,3.43731999944497e-05,1
197,icu,10065,10139,1458,4.5233111592973244e-05,1
197,icu,10456,1164,1178,0.00019759308397516407,1
197,icu,10459,1164,1178,9.581300380895933e-05,1
198,icu,10030,1445,1172,5.424063469596648e-05,1
198,icu,10022,10139,1458,4.4893358434567405e-05,1
198,icu,10031,1445,1464,0.00010233978884296996,1
198,icu,10037,1445,1172,3.1029365708402984e-05,1
198,icu,10065,10139,1458,4.083282213974852e-05,1
198,icu,10456,1164,1178,0.0001783711747846159,1
198,icu,10459,1164,1178,8.649228862278942e-05,1
199,icu,10030,1445,1172,4.894563205283136e-05,1
199,icu,10022,10139,1458,4.0510842394652335e-05,1
199,icu,10031,1445,1464,9.234931849801817e-05,1
199,icu,10037,1445,1172,2.8000260788046692e-05,1
199,icu,10065,10139,1458,3.684669803982693e-05,1
199,icu,10456,1164,1178,0.0001609584758507317,1
199,icu,10459,1164,1178,7.80488605649217e-05,1
200,icu,10030,1445,1172,4.416149952212429e-05,1
200,icu,10022,10139,1458,3.655115833668762e-05,1
200,icu,10031,1445,1464,8.3322744311825e-05,1
200,icu,10037,1445,1172,2.526340863421642e-05,1
200,icu,10065,10139,1458,3.3245161409322246e-05,1
200,icu,10456,1164,1178,0.00014522578126463802,1
200,icu,10459,1164,1178,7.04200676133827e-05,1
201,icu,10030,1445,1172,3.984897421043866e-05,1
201,icu,10022,10139,1458,3.298180953277245e-05,1
201,icu,10031,1445,1464,7.518598609998405e-05,1
201,icu,10037,1445,1172,2.2796348177178867e-05,1
201,icu,10065,10139,1458,2.9998654800167145e-05,1
201,icu,10456,1164,1178,0.00013104397438782874,1
201,icu,10459,1164,1178,6.354330103345299e-05,1
202,icu,10030,1445,1172,3.596910465858251e-05,1
202,icu,10022,10139,1458,2.9770557019833197e-05,1
202,icu,10031,1445,1464,6.786555128389304e-05,1
202,icu,10037,1445,1172,2.0576796508945996e-05,1
202,icu,10065,10139,1458,2.7077855214683144e-05,1
202,icu,10456,1164,1178,0.00011828496273807925,1
202,icu,10459,1164,1178,5.735644870440253e-05,1
203,icu,10030,1445,1172,3.248325084157859e-05,1
203,icu,10022,10139,1458,2.6885419599623413e-05,1
203,icu,10031,1445,1464,6.128853489075392e-05,1
203,icu,10037,1445,1172,1.8582648883275043e-05,1
203,icu,10065,10139,1458,2.445367410558065e-05,1
203,icu,10456,1164,1178,0.0001068216779894466,1
203,icu,10459,1164,1178,5.1797895119490735e-05,1
204,icu,10030,1445,1172,2.9353084168664316e-05,1
204,icu,10022,10139,1458,2.4294673838723838e-05,1
204,icu,10031,1445,1464,5.5382619553572764e-05,1
204,icu,10037,1445,1172,1.6791978715668492e-05,1
204,icu,10065,10139,1458,2.209725737595891e-05,1
204,icu,10456,1164,1178,9.652807597226942e-05,1
204,icu,10459,1164,1178,4.6806521385966375e-05,1
205,icu,10030,1445,1172,2.654058748329185e-05,1
205,icu,10022,10139,1458,2.1966854068542417e-05,1
205,icu,10031,1445,1464,5.007607551115994e-05,1
205,icu,10037,1445,1172,1.5183037583374123e-05,1
205,icu,10065,10139,1458,1.9979985379306067e-05,1
205,icu,10456,1164,1178,8.727913667316805e-05,1
205,icu,10459,1164,1178,4.232170522506766e-05,1
206,icu,10030,1445,1172,2.4008055063127985e-05,1
206,icu,10022,10139,1458,1.9870752385314263e-05,1
206,icu,10031,1445,1464,4.5297760608129896e-05,1
206,icu,10037,1445,1172,1.3734255225384956e-05,1
206,icu,10065,10139,1458,1.807347291949911e-05,1
206,icu,10456,1164,1178,7.895086423504435e-05,1
206,icu,10459,1164,1178,3.828332097202216e-05,1
207,icu,10030,1445,1172,2.171809262005424e-05,1
207,icu,10022,10139,1458,1.797541865010168e-05,1
207,icu,10031,1445,1464,4.097712029490129e-05,1
207,icu,10037,1445,1172,1.2424239542439285e-05,1
207,icu,10065,10139,1458,1.634956925080388e-05,1
207,icu,10456,1164,1178,7.142028695708177e-05,1
207,icu,10459,1164,1178,3.463173957604688e-05,1
208,icu,10030,1445,1172,1.9633783214272636e-05,1
208,icu,10022,10139,1458,1.6250297810959804e-05,1
208,icu,10031,1445,1464,3.704450067002497e-05,1
208,icu,10037,1445,1172,1.1231871511276279e-05,1
208,icu,10065,10139,1458,1.4780482979458792e-05,1
208,icu,10456,1164,1178,6.456600290587512e-05,1
208,icu,10459,1164,1178,3.1308093167509134e-05,1
209,icu,10030,1445,1172,1.7727869935514844e-05,1
209,icu,10022,10139,1458,1.4672830134777948e-05,1
209,icu,10031,1445,1464,3.344847411918541e-05,1
209,icu,10037,1445,1172,1.01415583085166e-05,1
209,icu,10065,10139,1458,1.3345694866054043e-05,1
209,icu,10456,1164,1178,5.829837730607905e-05,1
209,icu,10459,1164,1178,2.826891779059223e-05,1
210,icu,10030,1445,1172,1.5988864047195893e-05,1
210,icu,10022,10139,1458,1.3233506736338224e-05,1
210,icu,10031,1445,1464,3.0167363999349777e-05,1
210,icu,10037,1445,1172,9.146727588334639e-06,1
210,icu,10065,10139,1458,1.203655608964176e-05,1
210,icu,10456,1164,1178,5.257962926790605e-05,1
210,icu,10459,1164,1178,2.549589346939272e-05,1
211,icu,10030,1445,1172,1.4410064820164182e-05,1
211,icu,10022,10139,1458,1.1926781621622281e-05,1
211,icu,10031,1445,1464,2.7188527552734886e-05,1
211,icu,10037,1445,1172,8.243546073768883e-06,1
211,icu,10065,10139,1458,1.0848022282965046e-05,1
211,icu,10456,1164,1178,4.738772333883272e-05,1
211,icu,10459,1164,1178,2.29783351998908e-05,1
212,icu,10030,1445,1172,1.2982868516337173e-05,1
212,icu,10022,10139,1458,1.0745533732777785e-05,1
212,icu,10031,1445,1464,2.4495731474852984e-05,1
212,icu,10037,1445,1172,7.42709183614134e-06,1
212,icu,10065,10139,1458,9.773616477071912e-06,1
212,icu,10456,1164,1178,4.269436599172895e-05,1
212,icu,10459,1164,1178,2.0702523433971994e-05,1
213,icu,10030,1445,1172,1.1698148915637305e-05,1
213,icu,10022,10139,1458,9.68220956916098e-06,1
213,icu,10031,1445,1464,2.207175665606595e-05,1
213,icu,10037,1445,1172,6.692144051213705e-06,1
213,icu,10065,10139,1458,8.806468374014642e-06,1
213,icu,10456,1164,1178,3.8469545509259584e-05,1
213,icu,10459,1164,1178,1.8653905472070623e-05,1
214,icu,10030,1445,1172,1.054625731599204e-05,1
214,icu,10022,10139,1458,8.728823187336657e-06,1
214,icu,10031,1445,1464,1.9898398181585307e-05,1
214,icu,10037,1445,1172,6.033182999187368e-06,1
214,icu,10065,10139,1458,7.939314346849777e-06,1
214,icu,10456,1164,1178,3.4681531983884376e-05,1
214,icu,10459,1164,1178,1.681709546316979e-05,1
215,icu,10030,1445,1172,9.517022533333823e-06,1
215,icu,10022,10139,1458,7.876956201078192e-06,1
215,icu,10031,1445,1464,1.7956465331472206e-05,1
215,icu,10037,1445,1172,5.444390064703412e-06,1
215,icu,10065,10139,1458,7.164497439638128e-06,1
215,icu,10456,1164,1178,3.129687731785801e-05,1
215,icu,10459,1164,1178,1.5175874404801383e-05,1
216,icu,10030,1445,1172,8.599750901600116e-06,1
216,icu,10022,10139,1458,7.117757781367515e-06,1
216,icu,10031,1445,1464,1.622578158063743e-05,1
216,icu,10037,1445,1172,4.91964773684261e-06,1
216,icu,10065,10139,1458,6.473967367444769e-06,1
216,icu,10456,1164,1178,2.8280415223230087e-05,1
216,icu,10459,1164,1178,1.371319014304608e-05,1
217,icu,10030,1445,1172,7.783226272733364e-06,1
217,icu,10022,10139,1458,6.441944656395121e-06,1
217,icu,10031,1445,1464,1.4685184598841386e-05,1
217,icu,10037,1445,1172,4.4525396091254305e-06,1
217,icu,10065,10139,1458,5.859280516339031e-06,1
217,icu,10456,1164,1178,2.5595261221845117e-05,1
217,icu,10459,1164,1178,1.2411157372533333e-05,1
218,icu,10030,1445,1172,7.05571001668103e-06,1
218,icu,10022,10139,1458,5.839801111560076e-06,1
218,icu,10031,1445,1464,1.3312526250694132e-05,1
218,icu,10037,1445,1172,4.036350379512032e-06,1
218,icu,10065,10139,1458,5.311599943394522e-06,1
218,icu,10456,1164,1178,2.3202812645342555e-05,1
218,icu,10459,1164,1178,1.1251057636441399e-05,1
219,icu,10030,1445,1172,6.404941021395566e-06,1
219,icu,10022,10139,1458,5.301178989470007e-06,1
219,icu,10031,1445,1464,1.2084672595655345e-05,1
219,icu,10037,1445,1172,3.664065850402267e-06,1
219,icu,10065,10139,1458,4.821695376689107e-06,1
219,icu,10456,1164,1178,2.1062748635156768e-05,1
219,icu,10459,1164,1178,1.021333932649731e-05,1
220,icu,10030,1445,1172,5.818135692834418e-06,1
220,icu,10022,10139,1458,4.815497689941101e-06,1
220,icu,10031,1445,1464,1.0977503888034317e-05,1
220,icu,10037,1445,1172,3.3283729286356747e-06,1
220,icu,10065,10139,1458,4.379943215304906e-06,1
220,icu,10456,1164,1178,1.9133030142517007e-05,1
220,icu,10459,1164,1178,9.27761768297687e-06,1
221,icu,10030,1445,1172,5.28198795496004e-06,1
221,icu,10022,10139,1458,4.371744169998112e-06,1
221,icu,10031,1445,1464,9.965914576989988e-06,1
221,icu,10037,1445,1172,3.021659625491488e-06,1
221,icu,10065,10139,1458,3.9763265293283146e-06,1
221,icu,10456,1164,1178,1.7369899928447466e-05,1
221,icu,10459,1164,1178,8.42267479470468e-06,1
222,icu,10030,1445,1172,4.783201942164227e-06,1
222,icu,10022,10139,1458,3.958913837534168e-06,1
222,icu,10031,1445,1464,9.024818376448177e-06,1
222,icu,10037,1445,1172,2.736319793315291e-06,1
222,icu,10065,10139,1458,3.600836075345844e-06,1
222,icu,10456,1164,1178,1.572963433112879e-05,1
222,icu,10459,1164,1178,7.627309032088448e-06,1
223,icu,10030,1445,1172,4.316357588657524e-06,1
223,icu,10022,10139,1458,3.572520665466643e-06,1
223,icu,10031,1445,1464,8.143988850241292e-06,1
223,icu,10037,1445,1172,2.4692527824836565e-06,1
223,icu,10065,10139,1458,3.2493915806319456e-06,1
223,icu,10456,1164,1178,1.4194409379516128e-05,1
223,icu,10459,1164,1178,6.8828775409793675e-06,1
224,icu,10030,1445,1172,3.88394912826535e-06,1
224,icu,10022,10139,1458,3.2146290568721577e-06,1
224,icu,10031,1445,1464,7.328132052501061e-06,1
224,icu,10037,1445,1172,2.221885465929854e-06,1
224,icu,10065,10139,1458,2.923870726130788e-06,1
224,icu,10456,1164,1178,1.2772427400520316e-05,1
224,icu,10459,1164,1178,6.193357634569475e-06,1
225,icu,10030,1445,1172,3.4874308886142074e-06,1
225,icu,10022,10139,1458,2.8864427154275548e-06,1
225,icu,10031,1445,1464,6.579991969964349e-06,1
225,icu,10037,1445,1172,1.995049818870171e-06,1
225,icu,10065,10139,1458,2.6253683423442414e-06,1
225,icu,10456,1164,1178,1.146847097326705e-05,1
225,icu,10459,1164,1178,5.561068388318134e-06,1
226,icu,10030,1445,1172,3.1267070657107625e-06,1
226,icu,10022,10139,1458,2.587882347019919e-06,1
226,icu,10031,1445,1464,5.899387842201208e-06,1
226,icu,10037,1445,1172,1.7886910348451655e-06,1
226,icu,10065,10139,1458,2.3538123071918387e-06,1
226,icu,10456,1164,1178,1.0282225044827169e-05,1
226,icu,10459,1164,1178,4.985857032872826e-06,1
227,icu,10030,1445,1172,2.801281307165701e-06,1
227,icu,10022,10139,1458,2.318537135554485e-06,1
227,icu,10031,1445,1464,5.285383164707242e-06,1
227,icu,10037,1445,1172,1.6025251662223177e-06,1
227,icu,10065,10139,1458,2.108828962272547e-06,1
227,icu,10456,1164,1178,9.212057352612205e-06,1
227,icu,10459,1164,1178,4.466932083134678e-06,1
228,icu,10030,1445,1172,2.5102567121937296e-06,1
228,icu,10022,10139,1458,2.077664742954642e-06,1
228,icu,10031,1445,1464,4.736285688903604e-06,1
228,icu,10037,1445,1172,1.4360391241960307e-06,1
228,icu,10065,10139,1458,1.8897431128647681e-06,1
228,icu,10456,1164,1178,8.255018424374371e-06,1
228,icu,10459,1164,1178,4.002863338258469e-06,1
229,icu,10030,1445,1172,2.2523358316135768e-06,1
229,icu,10022,10139,1458,1.8641913091619303e-06,1
229,icu,10031,1445,1464,4.249647422136999e-06,1
229,icu,10037,1445,1172,1.2884906787876285e-06,1
229,icu,10065,10139,1458,1.695578027926338e-06,1
229,icu,10456,1164,1178,7.4068415782065725e-06,1
229,icu,10459,1164,1178,3.5915818816526248e-06,1
230,icu,10030,1445,1172,2.0258206678479946e-06,1
230,icu,10022,10139,1458,1.6767114521360458e-06,1
230,icu,10031,1445,1464,3.822264627679686e-06,1
230,icu,10037,1445,1172,1.1589084588453584e-06,1
230,icu,10065,10139,1458,1.5250554400945288e-06,1
230,icu,10456,1164,1178,6.661942922542406e-06,1
230,icu,10459,1164,1178,3.230380080979225e-06,1
231,icu,10030,1445,1172,1.8286126749237542e-06,1
231,icu,10022,10139,1458,1.5134882678548353e-06,1
231,icu,10031,1445,1464,3.4501778247294707e-06,1
231,icu,10037,1445,1172,1.046091952044389e-06,1
231,icu,10065,10139,1458,1.3765955456860454e-06,1
231,icu,10456,1164,1178,6.013421356156149e-06,1
231,icu,10459,1164,1178,2.9159115881539957e-06,1
232,icu,10030,1445,1172,1.6582127584716506e-06,1
232,icu,10022,10139,1458,1.3724533303142997e-06,1
232,icu,10031,1445,1464,3.128671788409715e-06,1
232,icu,10037,1445,1172,9.486115048868112e-07,1
232,icu,10065,10139,1458,1.2483170046970298e-06,1
232,icu,10456,1164,1178,5.45305856816277e-06,1
232,icu,10459,1164,1178,2.644191339346315e-06,1
233,icu,10030,1445,1172,1.5117212757264987e-06,1
233,icu,10022,10139,1458,1.2512066915285928e-06,1
233,icu,10031,1445,1464,2.8522755497693278e-06,1
233,icu,10037,1445,1172,8.648083227016378e-07,1
233,icu,10065,10139,1458,1.138036940803057e-06,1
233,icu,10456,1164,1178,4.971319038017927e-06,1
233,icu,10459,1164,1178,2.410595554979207e-06,1
234,icu,10030,1445,1172,1.3858380355271382e-06,1
234,icu,10022,10139,1458,1.1470168815300217e-06,1
234,icu,10031,1445,1464,2.6147623957827753e-06,1
234,icu,10037,1445,1172,7.927944696448048e-07,1
234,icu,10065,10139,1458,1.043270941359139e-06,1
234,icu,10456,1164,1178,4.557350035517967e-06,1
234,icu,10459,1164,1178,2.209861739729352e-06,1
235,icu,10030,1445,1172,1.2768622983164266e-06,1
235,icu,10022,10139,1458,1.0568209083690457e-06,1
235,icu,10031,1445,1464,2.4091498693500684e-06,1
235,icu,10037,1445,1172,7.304528686991682e-07,1
235,icu,10065,10139,1458,9.612330573997195e-07,1
235,icu,10456,1164,1178,4.19898162079992e-06,1
235,icu,10459,1164,1178,2.0360886825270727e-06,1
236,icu,10030,1445,1172,1.180692776141245e-06,1
236,icu,10022,10139,1458,9.772242581142773e-07,1
236,icu,10031,1445,1464,2.2276997692967726e-06,1
236,icu,10037,1445,1172,6.754373016745076e-07,1
236,icu,10065,10139,1458,8.888358036386789e-07,1
236,icu,10456,1164,1178,3.8827266443415065e-06,1
236,icu,10459,1164,1178,1.8827364565563449e-06,1
237,icu,10030,1445,1172,1.0928276326524983e-06,1
237,icu,10022,10139,1458,9.045008948524839e-07,1
237,icu,10031,1445,1464,2.0619181503740075e-06,1
237,icu,10037,1445,1172,6.251724092075252e-07,1
237,icu,10065,10139,1458,8.226901584693335e-07,1
237,icu,10456,1164,1178,3.593780746961141e-06,1
237,icu,10459,1164,1178,1.742626419254797e-06,1
238,icu,10030,1445,1172,1.0083644831051108e-06,1
238,icu,10022,10139,1458,8.345932606885845e-07,1
238,icu,10031,1445,1464,1.9025553232584427e-06,1
238,icu,10037,1445,1172,5.768536907618446e-07,1
238,icu,10065,10139,1458,7.591055639644333e-07,1
238,icu,10456,1164,1178,3.316022359817922e-06,1
238,icu,10459,1164,1178,1.6079412123137045e-06,1
239,icu,10030,1445,1172,9.220773992239181e-07,1
239,icu,10022,10139,1458,7.63176010380486e-07,1
239,icu,10031,1445,1464,1.7397511452879075e-06,1
239,icu,10037,1445,1172,5.27491556696325e-07,1
239,icu,10065,10139,1458,6.94147895809781e-07,1
239,icu,10456,1164,1178,3.03226593611642e-06,1
239,icu,10459,1164,1178,1.4703475538820865e-06,1
240,icu,10030,1445,1172,8.32612219357896e-07,1
240,icu,10022,10139,1458,6.891283446470125e-07,1
240,icu,10031,1445,1464,1.5709506202275345e-06,1
240,icu,10037,1445,1172,4.7631133360728194e-07,1
240,icu,10065,10139,1458,6.267977293221174e-07,1
240,icu,10456,1164,1178,2.7380582941065443e-06,1
240,icu,10459,1164,1178,1.3276860934837042e-06,1
241,icu,10030,1445,1172,7.435020295614259e-07,1
241,icu,10022,10139,1458,6.153744936250083e-07,1
241,icu,10031,1445,1464,1.4028198810013973e-06,1
241,icu,10037,1445,1172,4.25334189201826e-07,1
241,icu,10065,10139,1458,5.597148024501523e-07,1
241,icu,10456,1164,1178,2.4450180424876156e-06,1
241,icu,10459,1164,1178,1.185590701379434e-06,1
242,icu,10030,1445,1172,6.577170854707246e-07,1
242,icu,10022,10139,1458,5.443728494713205e-07,1
242,icu,10031,1445,1464,1.240963127050079e-06,1
242,icu,10037,1445,1172,3.7625931355950195e-07,1
242,icu,10065,10139,1458,4.951351495025372e-07,1
242,icu,10456,1164,1178,2.162912913333791e-06,1
242,icu,10459,1164,1178,1.0487977566550139e-06,1
243,icu,10030,1445,1172,5.766611644644648e-07,1
243,icu,10022,10139,1458,4.772852769276938e-07,1
243,icu,10031,1445,1464,1.0880289682455187e-06,1
243,icu,10037,1445,1172,3.2988976368545356e-07,1
243,icu,10065,10139,1458,4.341155463143718e-07,1
243,icu,10456,1164,1178,1.8963592504908536e-06,1
243,icu,10459,1164,1178,9.195457271838179e-07,1
244,icu,10030,1445,1172,5.015151717408939e-07,1
244,icu,10022,10139,1458,4.150891760676954e-07,1
244,icu,10031,1445,1464,9.462455051494005e-07,1
244,icu,10037,1445,1172,2.869010984013789e-07,1
244,icu,10065,10139,1458,3.775449886025059e-07,1
244,icu,10456,1164,1178,1.6492404791565592e-06,1
244,icu,10459,1164,1178,7.99717688151368e-07,1
245,icu,10030,1445,1172,4.3323714031783194e-07,1
245,icu,10022,10139,1458,3.5857748229671315e-07,1
245,icu,10031,1445,1464,8.174203290131513e-07,1
245,icu,10037,1445,1172,2.4784137834552994e-07,1
245,icu,10065,10139,1458,3.261446919655388e-07,1
245,icu,10456,1164,1178,1.4247071058806353e-06,1
245,icu,10459,1164,1178,6.908413220553328e-07,1
246,icu,10030,1445,1172,3.7256223103267344e-07,1
246,icu,10022,10139,1458,3.083586663519572e-07,1
246,icu,10031,1445,1464,7.029405217779452e-07,1
246,icu,10037,1445,1172,2.131311659727134e-07,1
246,icu,10065,10139,1458,2.8046809188382015e-07,1
246,icu,10456,1164,1178,1.2251767185647852e-06,1
246,icu,10459,1164,1178,5.940889187055293e-07,1
247,icu,10030,1445,1172,3.2000273254238597e-07,1
247,icu,10022,10139,1458,2.648567343024591e-07,1
247,icu,10031,1445,1464,6.037726560746993e-07,1
247,icu,10037,1445,1172,1.830635255542899e-07,1
247,icu,10065,10139,1458,2.409008437194493e-07,1
247,icu,10456,1164,1178,1.0523339864626849e-06,1
247,icu,10459,1164,1178,5.102773752239213e-07,1
248,icu,10030,1445,1172,2.7584806132351103e-07,1
248,icu,10022,10139,1458,2.2831122754907237e-07,1
248,icu,10031,1445,1464,5.204627952240767e-07,1
248,icu,10037,1445,1172,1.5780402317817463e-07,1
248,icu,10065,10139,1458,2.0766082271627572e-07,1
248,icu,10456,1164,1178,9.071306601799843e-07,1
248,icu,10459,1164,1178,4.3986819604462053e-07,1
249,icu,10030,1445,1172,2.40164761672164e-07,1
249,icu,10022,10139,1458,1.98777222824472e-07,1
249,icu,10031,1445,1464,4.5313649323648506e-07,1
249,icu,10037,1445,1172,1.3739072674883708e-07,1
249,icu,10065,10139,1458,1.807981239998989e-07,1
249,icu,10456,1164,1178,7.897855716743081e-07,1
249,icu,10459,1164,1178,3.8296749291388645e-07,1
250,icu,10030,1445,1172,2.1279650570403378e-07,1
250,icu,10022,10139,1458,1.7612533219315484e-07,1
250,icu,10031,1445,1464,4.01498794812077e-07,1
250,icu,10037,1445,1172,1.2173420598730094e-07,1
250,icu,10065,10139,1458,1.601950625776682e-07,1
250,icu,10456,1164,1178,6.997846342552537e-07,1
250,icu,10459,1164,1178,3.393259848901256e-07,1
251,icu,10030,1445,1172,1.9336409335438308e-07,1
251,icu,10022,10139,1458,1.6004170305143947e-07,1
251,icu,10031,1445,1464,3.648342353407502e-07,1
251,icu,10037,1445,1172,1.1061753243114439e-07,1
251,icu,10065,10139,1458,1.4556617333868323e-07,1
251,icu,10456,1164,1178,6.358808425843935e-07,1
251,icu,10459,1164,1178,3.083389983438927e-07,1
252,icu,10030,1445,1172,1.812654523780481e-07,1
252,icu,10022,10139,1458,1.5002801812746603e-07,1
252,icu,10031,1445,1464,3.420068409021468e-07,1
252,icu,10037,1445,1172,1.0369627943449971e-07,1
252,icu,10065,10139,1458,1.3645821105379322e-07,1
252,icu,10456,1164,1178,5.960942726752725e-07,1
252,icu,10459,1164,1178,2.8904646695788945e-07,1
253,icu,10030,1445,1172,1.7567563834943873e-07,1
253,icu,10022,10139,1458,1.4540149548119628e-07,1
253,icu,10031,1445,1464,3.314601282656537e-07,1
253,icu,10037,1445,1172,1.0049852216805349e-07,1
253,icu,10065,10139,1458,1.3225015037559746e-07,1
253,icu,10456,1164,1178,5.777120818934097e-07,1
253,icu,10459,1164,1178,2.80132931726965e-07,1
254,icu,10030,1445,1172,1.7554683466253886e-07,1
254,icu,10022,10139,1458,1.4529488850441402e-07,1
254,icu,10031,1445,1464,3.3121710489040347e-07,1
254,icu,10037,1445,1172,1.0042483761904685e-07,1
254,icu,10065,10139,1458,1.3215318583844545e-07,1
254,icu,10456,1164,1178,5.772885089562991e-07,1
254,icu,10459,1164,1178,2.799275409581168e-07,1
255,icu,10030,1445,1172,1.7960835253090594e-07,1
255,icu,10022,10139,1458,1.4865648592072449e-07,1
255,icu,10031,1445,1464,3.388802689252731e-07,1
255,icu,10037,1445,1172,1.0274830459127507e-07,1
255,icu,10065,10139,1458,1.352107318584365e-07,1
255,icu,10456,1164,1178,5.906448739334075e-07,1
255,icu,10459,1164,1178,2.864040502704892e-07,1
256,icu,10030,1445,1172,1.8636663098767083e-07,1
256,icu,10022,10139,1458,1.5425011178555466e-07,1
256,icu,10031,1445,1464,3.516316092088843e-07,1
256,icu,10037,1445,1172,1.0661450370508768e-07,1
256,icu,10065,10139,1458,1.402984227334199e-07,1
256,icu,10456,1164,1178,6.128695782461755e-07,1
256,icu,10459,1164,1178,2.9718082259537425e-07,1
257,icu,10030,1445,1172,1.9410523688553844e-07,1
257,icu,10022,10139,1458,1.6065512548615322e-07,1
257,icu,10031,1445,1464,3.6623260526960375e-07,1
257,icu,10037,1445,1172,1.1104151739738865e-07,1
257,icu,10065,10139,1458,1.4612411264299491e-07,1
257,icu,10456,1164,1178,6.383181046680178e-07,1
257,icu,10459,1164,1178,3.0952082817621157e-07,1
258,icu,10030,1445,1172,2.0088486489678708e-07,1
258,icu,10022,10139,1458,1.6626642174159053e-07,1
258,icu,10031,1445,1464,3.7902422732554313e-07,1
258,icu,10037,1445,1172,1.1491992992163611e-07,1
258,icu,10065,10139,1458,1.5122787564851077e-07,1
258,icu,10456,1164,1178,6.606130173243226e-07,1
258,icu,10459,1164,1178,3.2033164456858817e-07,1
259,icu,10030,1445,1172,2.0454333751326905e-07,1
259,icu,10022,10139,1458,1.6929443060275874e-07,1
259,icu,10031,1445,1464,3.8592693628455894e-07,1
259,icu,10037,1445,1172,1.1701282734784263e-07,1
259,icu,10065,10139,1458,1.539820056930668e-07,1
259,icu,10456,1164,1178,6.726439616924527e-07,1
259,icu,10459,1164,1178,3.26165456640239e-07,1
260,icu,10030,1445,1172,2.026956050464105e-07,1
260,icu,10022,10139,1458,1.6776511745237192e-07,1
260,icu,10031,1445,1464,3.824406837442533e-07,1
260,icu,10037,1445,1172,1.1595579756257525e-07,1
260,icu,10065,10139,1458,1.5259101660151243e-07,1
260,icu,10456,1164,1178,6.665676646017451e-07,1
260,icu,10459,1164,1178,3.232190565710467e-07,1
261,icu,10030,1445,1172,1.9273374562721052e-07,1
261,icu,10022,10139,1458,1.5951998300496526e-07,1
261,icu,10031,1445,1464,3.636449119919716e-07,1
261,icu,10037,1445,1172,1.1025693026895487e-07,1
261,icu,10065,10139,1458,1.4509164208044657e-07,1
261,icu,10456,1164,1178,6.338079342335084e-07,1
261,icu,10459,1164,1178,3.073338438530405e-07,1
262,icu,10030,1445,1172,1.662816885567061e-07,1
262,icu,10022,10139,1458,1.3762640292327607e-07,1
262,icu,10031,1445,1464,3.137358733121767e-07,1
262,icu,10037,1445,1172,9.512453815774554e-08,1
262,icu,10065,10139,1458,1.2517830316683118e-07,1
262,icu,10456,1164,1178,5.46819931206205e-07,1
262,icu,10459,1164,1178,2.6515330950581414e-07,1
263,icu,10030,1445,1172,1.1298351370195186e-07,1
263,icu,10022,10139,1458,9.351309043947764e-08,1
263,icu,10031,1445,1464,2.1317429266465423e-07,1
263,icu,10037,1445,1172,6.463432416175114e-08,1
263,icu,10065,10139,1458,8.505497300271654e-08,1
263,icu,10456,1164,1178,3.7154805033668875e-07,1
263,icu,10459,1164,1178,1.801638703437369e-07,1
264,icu,10030,1445,1172,3.5647176122821536e-08,1
264,icu,10022,10139,1458,2.9504106355543543e-08,1
264,icu,10031,1445,1464,6.725814507345733e-08,1
264,icu,10037,1445,1172,2.039263129177827e-08,1
264,icu,10065,10139,1458,2.6835504609530382e-08,1
264,icu,10456,1164,1178,1.1722629571763884e-07,1
264,icu,10459,1164,1178,5.684310043724038e-08,1
277,icu,10030,1445,1172,1.141328763141069e-07,1
277,icu,10022,10139,1458,9.44643836536517e-08,1
277,icu,10031,1445,1464,2.1534287951271151e-07,1
277,icu,10037,1445,1172,6.529183845936272e-08,1
277,icu,10065,10139,1458,8.592022318607574e-08,1
277,icu,10456,1164,1178,3.7532774724718337e-07,1
277,icu,10459,1164,1178,1.8199664762114125e-07,1
278,icu,10030,1445,1172,2.4918753442445517e-07,1
278,icu,10022,10139,1458,2.0624510319705134e-07,1
278,icu,10031,1445,1464,4.701604212089991e-07,1
278,icu,10037,1445,1172,1.4255237201725932e-07,1
278,icu,10065,10139,1458,1.8759054590032092e-07,1
278,icu,10456,1164,1178,8.194571008638527e-07,1
278,icu,10459,1164,1178,3.9735523504565463e-07,1
279,icu,10030,1445,1172,3.7973806245200663e-07,1
279,icu,10022,10139,1458,3.142978883721249e-07,1
279,icu,10031,1445,1464,7.164796899005836e-07,1
279,icu,10037,1445,1172,2.172362340387568e-07,1
279,icu,10065,10139,1458,2.858701202651776e-07,1
279,icu,10456,1164,1178,1.248774552319817e-06,1
279,icu,10459,1164,1178,6.055315223127397e-07,1
280,icu,10030,1445,1172,4.9530628863395e-07,1
280,icu,10022,10139,1458,4.099502683767962e-07,1
280,icu,10031,1445,1464,9.345307494191811e-07,1
280,icu,10037,1445,1172,2.8334919113395877e-07,1
280,icu,10065,10139,1458,3.7287088733113606e-07,1
280,icu,10456,1164,1178,1.6288224700367603e-06,1
280,icu,10459,1164,1178,7.898169833989054e-07,1
281,icu,10030,1445,1172,5.839412568891759e-07,1
281,icu,10022,10139,1458,4.83310792677856e-07,1
281,icu,10031,1445,1464,1.1017648532637975e-06,1
281,icu,10037,1445,1172,3.340544762022512e-07,1
281,icu,10065,10139,1458,4.3959606328850795e-07,1
281,icu,10456,1164,1178,1.920299948191297e-06,1
281,icu,10459,1164,1178,9.311545857218528e-07,1
282,icu,10030,1445,1172,6.322192268182796e-07,1
282,icu,10022,10139,1458,5.232690310109648e-07,1
282,icu,10031,1445,1464,1.1928544446007352e-06,1
282,icu,10037,1445,1172,3.6167278843230405e-07,1
282,icu,10065,10139,1458,4.7594013946742866e-07,1
282,icu,10456,1164,1178,2.0790628067149815e-06,1
282,icu,10459,1164,1178,1.0081387901404802e-06,1
283,icu,10030,1445,1172,6.252436737035601e-07,1
283,icu,10022,10139,1458,5.174955733806514e-07,1
283,icu,10031,1445,1464,1.179693156263591e-06,1
283,icu,10037,1445,1172,3.5768229330207065e-07,1
283,icu,10065,10139,1458,4.706888823378565e-07,1
283,icu,10456,1164,1178,2.056123591294305e-06,1
283,icu,10459,1164,1178,9.970155509548816e-07,1
284,icu,10030,1445,1172,5.469175264001573e-07,1
284,icu,10022,10139,1458,4.5266735325748475e-07,1
284,icu,10031,1445,1464,1.0319094619752629e-06,1
284,icu,10037,1445,1172,3.128743613368449e-07,1
284,icu,10065,10139,1458,4.117242765647345e-07,1
284,icu,10456,1164,1178,1.7985468319298024e-06,1
284,icu,10459,1164,1178,8.721164273135275e-07,1
285,icu,10030,1445,1172,3.9436958053673965e-07,1
285,icu,10022,10139,1458,3.2640796026751554e-07,1
285,icu,10031,1445,1464,7.44086049590822e-07,1
285,icu,10037,1445,1172,2.2560646657871735e-07,1
285,icu,10065,10139,1458,2.9688485449417895e-07,1
285,icu,10456,1164,1178,1.296890528179706e-06,1
285,icu,10459,1164,1178,6.288629875927432e-07,1
286,icu,10030,1445,1172,1.9689137109313398e-07,1
286,icu,10022,10139,1458,1.6296112581836718e-07,1
286,icu,10031,1445,1464,3.714894092891686e-07,1
286,icu,10037,1445,1172,1.1263537738307577e-07,1
286,icu,10065,10139,1458,1.4822153873680644e-07,1
286,icu,10456,1164,1178,6.474803505469987e-07,1
286,icu,10459,1164,1178,3.139636066461895e-07,1
293,icu,10030,1445,1172,3.708749792955404e-08,1
293,icu,10022,10139,1458,3.0696217832358074e-08,1
293,icu,10031,1445,1464,6.9975706001591e-08,1
293,icu,10037,1445,1172,2.121659421790189e-08,1
293,icu,10065,10139,1458,2.7919791408310837e-08,1
293,icu,10456,1164,1178,1.2196281648615193e-07,1
293,icu,10459,1164,1178,5.91398421718438e-08,1
294,icu,10030,1445,1172,2.3026658993209784e-07,1
294,icu,10022,10139,1458,1.9058480077291473e-07,1
294,icu,10031,1445,1464,4.3446088570556587e-07,1
294,icu,10037,1445,1172,1.3172829317871639e-07,1
294,icu,10065,10139,1458,1.7334669411829273e-07,1
294,icu,10456,1164,1178,7.57235279234113e-07,1
294,icu,10459,1164,1178,3.67183836771614e-07,1
295,icu,10030,1445,1172,4.076533444547039e-07,1
295,icu,10022,10139,1458,3.3740253616567867e-07,1
295,icu,10031,1445,1464,7.691495025172941e-07,1
295,icu,10037,1445,1172,2.3320569123574838e-07,1
295,icu,10065,10139,1458,3.068849876498659e-07,1
295,icu,10456,1164,1178,1.3405743934016034e-06,1
295,icu,10459,1164,1178,6.500453197912821e-07,1
296,icu,10030,1445,1172,5.192715727178591e-07,1
296,icu,10022,10139,1458,4.2978562049602877e-07,1
296,icu,10031,1445,1464,9.79747810879773e-07,1
296,icu,10037,1445,1172,2.970589784237576e-07,1
296,icu,10065,10139,1458,3.9091216188501904e-07,1
296,icu,10456,1164,1178,1.707632681238286e-06,1
296,icu,10459,1164,1178,8.280321016314128e-07,1
297,icu,10030,1445,1172,5.108578923326793e-07,1
297,icu,10022,10139,1458,4.228218677412356e-07,1
297,icu,10031,1445,1464,9.63873102207244e-07,1
297,icu,10037,1445,1172,2.922457757927645e-07,1
297,icu,10065,10139,1458,3.845782700226827e-07,1
297,icu,10456,1164,1178,1.6799641618159199e-06,1
297,icu,10459,1164,1178,8.146156201257309e-07,1
298,icu,10030,1445,1172,4.179362363893295e-07,1
298,icu,10022,10139,1458,3.459133796680206e-07,1
298,icu,10031,1445,1464,7.885509898926422e-07,1
298,icu,10037,1445,1172,2.3908821116140867e-07,1
298,icu,10065,10139,1458,3.146260382441733e-07,1
298,icu,10456,1164,1178,1.374389844213406e-06,1
298,icu,10459,1164,1178,6.664424519795735e-07,1
299,icu,10030,1445,1172,3.2543742185910565e-07,1
299,icu,10022,10139,1458,2.6935486484321693e-07,1
299,icu,10031,1445,1464,6.140266835251119e-07,1
299,icu,10037,1445,1172,1.8617254083896147e-07,1
299,icu,10065,10139,1458,2.4499212516367086e-07,1
299,icu,10456,1164,1178,1.0702060472054546e-06,1
299,icu,10459,1164,1178,5.18943548095823e-07,1
